<?xml version="1.0" encoding="UTF-8"?>
<YCS_CARRIER_SPECIAL_SERVICEList TableName="YCS_CARRIER_SPECIAL_SERVICE" TotalNumberOfRecords="87">
<CarrierSpecialService Carrier="UPSN"
    CarrierSpecialServiceKey="000000000000000000000001"
    Createprogid="XMLMigrator" Createts="2020-02-19T13:28:11+00:00"
    Createuserid="SYSTEM" Lockid="0" Modifyprogid="XMLMigrator"
    Modifyts="2020-02-19T13:28:11+00:00" Modifyuserid="SYSTEM"
    Service="01" SpecialServiceGroup="A2"/>
<CarrierSpecialService Carrier="UPSN"
    CarrierSpecialServiceKey="000000000000000000000002"
    Createprogid="XMLMigrator" Createts="2020-02-19T13:28:11+00:00"
    Createuserid="SYSTEM" Lockid="0" Modifyprogid="XMLMigrator"
    Modifyts="2020-02-19T13:28:11+00:00" Modifyuserid="SYSTEM"
    Service="01" SpecialServiceGroup="A3"/>
<CarrierSpecialService Carrier="UPSN"
    CarrierSpecialServiceKey="000000000000000000000003"
    Createprogid="XMLMigrator" Createts="2020-02-19T13:28:11+00:00"
    Createuserid="SYSTEM" Lockid="0" Modifyprogid="XMLMigrator"
    Modifyts="2020-02-19T13:28:11+00:00" Modifyuserid="SYSTEM"
    Service="01" SpecialServiceGroup="AC"/>
<CarrierSpecialService Carrier="UPSN"
    CarrierSpecialServiceKey="000000000000000000000004"
    Createprogid="XMLMigrator" Createts="2020-02-19T13:28:11+00:00"
    Createuserid="SYSTEM" Lockid="0" Modifyprogid="XMLMigrator"
    Modifyts="2020-02-19T13:28:11+00:00" Modifyuserid="SYSTEM"
    Service="01" SpecialServiceGroup="AD"/>
<CarrierSpecialService Carrier="UPSN"
    CarrierSpecialServiceKey="000000000000000000000005"
    Createprogid="XMLMigrator" Createts="2020-02-19T13:28:11+00:00"
    Createuserid="SYSTEM" Lockid="0" Modifyprogid="XMLMigrator"
    Modifyts="2020-02-19T13:28:11+00:00" Modifyuserid="SYSTEM"
    Service="01" SpecialServiceGroup="01"/>
<CarrierSpecialService Carrier="UPSN"
    CarrierSpecialServiceKey="000000000000000000000006"
    Createprogid="XMLMigrator" Createts="2020-02-19T13:28:11+00:00"
    Createuserid="SYSTEM" Lockid="0" Modifyprogid="XMLMigrator"
    Modifyts="2020-02-19T13:28:11+00:00" Modifyuserid="SYSTEM"
    Service="01" SpecialServiceGroup="22"/>
<CarrierSpecialService Carrier="UPSN"
    CarrierSpecialServiceKey="000000000000000000000007"
    Createprogid="XMLMigrator" Createts="2020-02-19T13:28:11+00:00"
    Createuserid="SYSTEM" Lockid="0" Modifyprogid="XMLMigrator"
    Modifyts="2020-02-19T13:28:11+00:00" Modifyuserid="SYSTEM"
    Service="01" SpecialServiceGroup="24"/>
<CarrierSpecialService Carrier="UPSN"
    CarrierSpecialServiceKey="000000000000000000000008"
    Createprogid="XMLMigrator" Createts="2020-02-19T13:28:11+00:00"
    Createuserid="SYSTEM" Lockid="0" Modifyprogid="XMLMigrator"
    Modifyts="2020-02-19T13:28:11+00:00" Modifyuserid="SYSTEM"
    Service="01" SpecialServiceGroup="25"/>
<CarrierSpecialService Carrier="UPSN"
    CarrierSpecialServiceKey="000000000000000000000009"
    Createprogid="XMLMigrator" Createts="2020-02-19T13:28:11+00:00"
    Createuserid="SYSTEM" Lockid="0" Modifyprogid="XMLMigrator"
    Modifyts="2020-02-19T13:28:11+00:00" Modifyuserid="SYSTEM"
    Service="01" SpecialServiceGroup="28"/>
<CarrierSpecialService Carrier="UPSN"
    CarrierSpecialServiceKey="000000000000000000000010"
    Createprogid="XMLMigrator" Createts="2020-02-19T13:28:11+00:00"
    Createuserid="SYSTEM" Lockid="0" Modifyprogid="XMLMigrator"
    Modifyts="2020-02-19T13:28:11+00:00" Modifyuserid="SYSTEM"
    Service="01" SpecialServiceGroup="44"/>
<CarrierSpecialService Carrier="UPSN"
    CarrierSpecialServiceKey="000000000000000000000011"
    Createprogid="XMLMigrator" Createts="2020-02-19T13:28:11+00:00"
    Createuserid="SYSTEM" Lockid="0" Modifyprogid="XMLMigrator"
    Modifyts="2020-02-19T13:28:11+00:00" Modifyuserid="SYSTEM"
    Service="01" SpecialServiceGroup="47"/>
<CarrierSpecialService Carrier="UPSN"
    CarrierSpecialServiceKey="000000000000000000000012"
    Createprogid="XMLMigrator" Createts="2020-02-19T13:28:11+00:00"
    Createuserid="SYSTEM" Lockid="0" Modifyprogid="XMLMigrator"
    Modifyts="2020-02-19T13:28:11+00:00" Modifyuserid="SYSTEM"
    Service="01" SpecialServiceGroup="58"/>
<CarrierSpecialService Carrier="UPSN"
    CarrierSpecialServiceKey="000000000000000000000013"
    Createprogid="XMLMigrator" Createts="2020-02-19T13:28:11+00:00"
    Createuserid="SYSTEM" Lockid="0" Modifyprogid="XMLMigrator"
    Modifyts="2020-02-19T13:28:11+00:00" Modifyuserid="SYSTEM"
    Service="01" SpecialServiceGroup="59"/>
<CarrierSpecialService Carrier="UPSN"
    CarrierSpecialServiceKey="000000000000000000000014"
    Createprogid="XMLMigrator" Createts="2020-02-19T13:28:11+00:00"
    Createuserid="SYSTEM" Lockid="0" Modifyprogid="XMLMigrator"
    Modifyts="2020-02-19T13:28:11+00:00" Modifyuserid="SYSTEM"
    Service="01" SpecialServiceGroup="60"/>
<CarrierSpecialService Carrier="UPSN"
    CarrierSpecialServiceKey="000000000000000000000029"
    Createprogid="XMLMigrator" Createts="2020-02-19T13:28:11+00:00"
    Createuserid="SYSTEM" Lockid="0" Modifyprogid="XMLMigrator"
    Modifyts="2020-02-19T13:28:11+00:00" Modifyuserid="SYSTEM"
    Service="02" SpecialServiceGroup="A6"/>
<CarrierSpecialService Carrier="UPSN"
    CarrierSpecialServiceKey="000000000000000000000030"
    Createprogid="XMLMigrator" Createts="2020-02-19T13:28:11+00:00"
    Createuserid="SYSTEM" Lockid="0" Modifyprogid="XMLMigrator"
    Modifyts="2020-02-19T13:28:11+00:00" Modifyuserid="SYSTEM"
    Service="02" SpecialServiceGroup="AG"/>
<CarrierSpecialService Carrier="UPSN"
    CarrierSpecialServiceKey="000000000000000000000031"
    Createprogid="XMLMigrator" Createts="2020-02-19T13:28:11+00:00"
    Createuserid="SYSTEM" Lockid="0" Modifyprogid="XMLMigrator"
    Modifyts="2020-02-19T13:28:11+00:00" Modifyuserid="SYSTEM"
    Service="02" SpecialServiceGroup="02"/>
<CarrierSpecialService Carrier="UPSN"
    CarrierSpecialServiceKey="000000000000000000000032"
    Createprogid="XMLMigrator" Createts="2020-02-19T13:28:11+00:00"
    Createuserid="SYSTEM" Lockid="0" Modifyprogid="XMLMigrator"
    Modifyts="2020-02-19T13:28:11+00:00" Modifyuserid="SYSTEM"
    Service="02" SpecialServiceGroup="35"/>
<CarrierSpecialService Carrier="UPSN"
    CarrierSpecialServiceKey="000000000000000000000033"
    Createprogid="XMLMigrator" Createts="2020-02-19T13:28:11+00:00"
    Createuserid="SYSTEM" Lockid="0" Modifyprogid="XMLMigrator"
    Modifyts="2020-02-19T13:28:11+00:00" Modifyuserid="SYSTEM"
    Service="02" SpecialServiceGroup="36"/>
<CarrierSpecialService Carrier="UPSN"
    CarrierSpecialServiceKey="000000000000000000000034"
    Createprogid="XMLMigrator" Createts="2020-02-19T13:28:11+00:00"
    Createuserid="SYSTEM" Lockid="0" Modifyprogid="XMLMigrator"
    Modifyts="2020-02-19T13:28:11+00:00" Modifyuserid="SYSTEM"
    Service="02" SpecialServiceGroup="37"/>
<CarrierSpecialService Carrier="UPSN"
    CarrierSpecialServiceKey="000000000000000000000035"
    Createprogid="XMLMigrator" Createts="2020-02-19T13:28:11+00:00"
    Createuserid="SYSTEM" Lockid="0" Modifyprogid="XMLMigrator"
    Modifyts="2020-02-19T13:28:11+00:00" Modifyuserid="SYSTEM"
    Service="02" SpecialServiceGroup="52"/>
<CarrierSpecialService Carrier="UPSN"
    CarrierSpecialServiceKey="000000000000000000000036"
    Createprogid="XMLMigrator" Createts="2020-02-19T13:28:11+00:00"
    Createuserid="SYSTEM" Lockid="0" Modifyprogid="XMLMigrator"
    Modifyts="2020-02-19T13:28:11+00:00" Modifyuserid="SYSTEM"
    Service="02" SpecialServiceGroup="70"/>
<CarrierSpecialService Carrier="UPSN"
    CarrierSpecialServiceKey="000000000000000000000037"
    Createprogid="XMLMigrator" Createts="2020-02-19T13:28:11+00:00"
    Createuserid="SYSTEM" Lockid="0" Modifyprogid="XMLMigrator"
    Modifyts="2020-02-19T13:28:11+00:00" Modifyuserid="SYSTEM"
    Service="03" SpecialServiceGroup="A8"/>
<CarrierSpecialService Carrier="UPSN"
    CarrierSpecialServiceKey="000000000000000000000038"
    Createprogid="XMLMigrator" Createts="2020-02-19T13:28:11+00:00"
    Createuserid="SYSTEM" Lockid="0" Modifyprogid="XMLMigrator"
    Modifyts="2020-02-19T13:28:11+00:00" Modifyuserid="SYSTEM"
    Service="03" SpecialServiceGroup="AJ"/>
<CarrierSpecialService Carrier="UPSN"
    CarrierSpecialServiceKey="000000000000000000000039"
    Createprogid="XMLMigrator" Createts="2020-02-19T13:28:11+00:00"
    Createuserid="SYSTEM" Lockid="0" Modifyprogid="XMLMigrator"
    Modifyts="2020-02-19T13:28:11+00:00" Modifyuserid="SYSTEM"
    Service="03" SpecialServiceGroup="03"/>
<CarrierSpecialService Carrier="UPSN"
    CarrierSpecialServiceKey="000000000000000000000040"
    Createprogid="XMLMigrator" Createts="2020-02-19T13:28:11+00:00"
    Createuserid="SYSTEM" Lockid="0" Modifyprogid="XMLMigrator"
    Modifyts="2020-02-19T13:28:11+00:00" Modifyuserid="SYSTEM"
    Service="03" SpecialServiceGroup="26"/>
<CarrierSpecialService Carrier="UPSN"
    CarrierSpecialServiceKey="000000000000000000000041"
    Createprogid="XMLMigrator" Createts="2020-02-19T13:28:11+00:00"
    Createuserid="SYSTEM" Lockid="0" Modifyprogid="XMLMigrator"
    Modifyts="2020-02-19T13:28:11+00:00" Modifyuserid="SYSTEM"
    Service="03" SpecialServiceGroup="42"/>
<CarrierSpecialService Carrier="UPSN"
    CarrierSpecialServiceKey="000000000000000000000042"
    Createprogid="XMLMigrator" Createts="2020-02-19T13:28:11+00:00"
    Createuserid="SYSTEM" Lockid="0" Modifyprogid="XMLMigrator"
    Modifyts="2020-02-19T13:28:11+00:00" Modifyuserid="SYSTEM"
    Service="03" SpecialServiceGroup="43"/>
<CarrierSpecialService Carrier="UPSN"
    CarrierSpecialServiceKey="000000000000000000000043"
    Createprogid="XMLMigrator" Createts="2020-02-19T13:28:11+00:00"
    Createuserid="SYSTEM" Lockid="0" Modifyprogid="XMLMigrator"
    Modifyts="2020-02-19T13:28:11+00:00" Modifyuserid="SYSTEM"
    Service="03" SpecialServiceGroup="51"/>
<CarrierSpecialService Carrier="UPSN"
    CarrierSpecialServiceKey="000000000000000000000044"
    Createprogid="XMLMigrator" Createts="2020-02-19T13:28:11+00:00"
    Createuserid="SYSTEM" Lockid="0" Modifyprogid="XMLMigrator"
    Modifyts="2020-02-19T13:28:11+00:00" Modifyuserid="SYSTEM"
    Service="03" SpecialServiceGroup="72"/>
<CarrierSpecialService Carrier="UPSN"
    CarrierSpecialServiceKey="000000000000000000000045"
    Createprogid="XMLMigrator" Createts="2020-02-19T13:28:11+00:00"
    Createuserid="SYSTEM" Lockid="0" Modifyprogid="XMLMigrator"
    Modifyts="2020-02-19T13:28:11+00:00" Modifyuserid="SYSTEM"
    Service="07" SpecialServiceGroup="14"/>
<CarrierSpecialService Carrier="UPSN"
    CarrierSpecialServiceKey="000000000000000000000046"
    Createprogid="XMLMigrator" Createts="2020-02-19T13:28:11+00:00"
    Createuserid="SYSTEM" Lockid="0" Modifyprogid="XMLMigrator"
    Modifyts="2020-02-19T13:28:11+00:00" Modifyuserid="SYSTEM"
    Service="07" SpecialServiceGroup="55"/>
<CarrierSpecialService Carrier="UPSN"
    CarrierSpecialServiceKey="000000000000000000000047"
    Createprogid="XMLMigrator" Createts="2020-02-19T13:28:11+00:00"
    Createuserid="SYSTEM" Lockid="0" Modifyprogid="XMLMigrator"
    Modifyts="2020-02-19T13:28:11+00:00" Modifyuserid="SYSTEM"
    Service="07" SpecialServiceGroup="66"/>
<CarrierSpecialService Carrier="UPSN"
    CarrierSpecialServiceKey="000000000000000000000048"
    Createprogid="XMLMigrator" Createts="2020-02-19T13:28:11+00:00"
    Createuserid="SYSTEM" Lockid="0" Modifyprogid="XMLMigrator"
    Modifyts="2020-02-19T13:28:11+00:00" Modifyuserid="SYSTEM"
    Service="07" SpecialServiceGroup="69"/>
<CarrierSpecialService Carrier="UPSN"
    CarrierSpecialServiceKey="000000000000000000000049"
    Createprogid="XMLMigrator" Createts="2020-02-19T13:28:11+00:00"
    Createuserid="SYSTEM" Lockid="0" Modifyprogid="XMLMigrator"
    Modifyts="2020-02-19T13:28:11+00:00" Modifyuserid="SYSTEM"
    Service="07" SpecialServiceGroup="75"/>
<CarrierSpecialService Carrier="UPSN"
    CarrierSpecialServiceKey="000000000000000000000050"
    Createprogid="XMLMigrator" Createts="2020-02-19T13:28:11+00:00"
    Createuserid="SYSTEM" Lockid="0" Modifyprogid="XMLMigrator"
    Modifyts="2020-02-19T13:28:11+00:00" Modifyuserid="SYSTEM"
    Service="07" SpecialServiceGroup="76"/>
<CarrierSpecialService Carrier="UPSN"
    CarrierSpecialServiceKey="000000000000000000000051"
    Createprogid="XMLMigrator" Createts="2020-02-19T13:28:11+00:00"
    Createuserid="SYSTEM" Lockid="0" Modifyprogid="XMLMigrator"
    Modifyts="2020-02-19T13:28:11+00:00" Modifyuserid="SYSTEM"
    Service="07" SpecialServiceGroup="92"/>
<CarrierSpecialService Carrier="UPSN"
    CarrierSpecialServiceKey="000000000000000000000052"
    Createprogid="XMLMigrator" Createts="2020-02-19T13:28:11+00:00"
    Createuserid="SYSTEM" Lockid="0" Modifyprogid="XMLMigrator"
    Modifyts="2020-02-19T13:28:11+00:00" Modifyuserid="SYSTEM"
    Service="08" SpecialServiceGroup="00"/>
<CarrierSpecialService Carrier="UPSN"
    CarrierSpecialServiceKey="000000000000000000000053"
    Createprogid="XMLMigrator" Createts="2020-02-19T13:28:11+00:00"
    Createuserid="SYSTEM" Lockid="0" Modifyprogid="XMLMigrator"
    Modifyts="2020-02-19T13:28:11+00:00" Modifyuserid="SYSTEM"
    Service="08" SpecialServiceGroup="17"/>
<CarrierSpecialService Carrier="UPSN"
    CarrierSpecialServiceKey="000000000000000000000054"
    Createprogid="XMLMigrator" Createts="2020-02-19T13:28:11+00:00"
    Createuserid="SYSTEM" Lockid="0" Modifyprogid="XMLMigrator"
    Modifyts="2020-02-19T13:28:11+00:00" Modifyuserid="SYSTEM"
    Service="08" SpecialServiceGroup="67"/>
<CarrierSpecialService Carrier="UPSN"
    CarrierSpecialServiceKey="000000000000000000000055"
    Createprogid="XMLMigrator" Createts="2020-02-19T13:28:11+00:00"
    Createuserid="SYSTEM" Lockid="0" Modifyprogid="XMLMigrator"
    Modifyts="2020-02-19T13:28:11+00:00" Modifyuserid="SYSTEM"
    Service="08" SpecialServiceGroup="94"/>
<CarrierSpecialService Carrier="UPSN"
    CarrierSpecialServiceKey="000000000000000000000056"
    Createprogid="XMLMigrator" Createts="2020-02-19T13:28:11+00:00"
    Createuserid="SYSTEM" Lockid="0" Modifyprogid="XMLMigrator"
    Modifyts="2020-02-19T13:28:11+00:00" Modifyuserid="SYSTEM"
    Service="11" SpecialServiceGroup="20"/>
<CarrierSpecialService Carrier="UPSN"
    CarrierSpecialServiceKey="000000000000000000000057"
    Createprogid="XMLMigrator" Createts="2020-02-19T13:28:11+00:00"
    Createuserid="SYSTEM" Lockid="0" Modifyprogid="XMLMigrator"
    Modifyts="2020-02-19T13:28:11+00:00" Modifyuserid="SYSTEM"
    Service="11" SpecialServiceGroup="56"/>
<CarrierSpecialService Carrier="UPSN"
    CarrierSpecialServiceKey="000000000000000000000058"
    Createprogid="XMLMigrator" Createts="2020-02-19T13:28:11+00:00"
    Createuserid="SYSTEM" Lockid="0" Modifyprogid="XMLMigrator"
    Modifyts="2020-02-19T13:28:11+00:00" Modifyuserid="SYSTEM"
    Service="11" SpecialServiceGroup="68"/>
<CarrierSpecialService Carrier="UPSN"
    CarrierSpecialServiceKey="000000000000000000000059"
    Createprogid="XMLMigrator" Createts="2020-02-19T13:28:11+00:00"
    Createuserid="SYSTEM" Lockid="0" Modifyprogid="XMLMigrator"
    Modifyts="2020-02-19T13:28:11+00:00" Modifyuserid="SYSTEM"
    Service="11" SpecialServiceGroup="79"/>
<CarrierSpecialService Carrier="UPSN"
    CarrierSpecialServiceKey="000000000000000000000060"
    Createprogid="XMLMigrator" Createts="2020-02-19T13:28:11+00:00"
    Createuserid="SYSTEM" Lockid="0" Modifyprogid="XMLMigrator"
    Modifyts="2020-02-19T13:28:11+00:00" Modifyuserid="SYSTEM"
    Service="11" SpecialServiceGroup="95"/>
<CarrierSpecialService Carrier="UPSN"
    CarrierSpecialServiceKey="000000000000000000000061"
    Createprogid="XMLMigrator" Createts="2020-02-19T13:28:11+00:00"
    Createuserid="SYSTEM" Lockid="0" Modifyprogid="XMLMigrator"
    Modifyts="2020-02-19T13:28:11+00:00" Modifyuserid="SYSTEM"
    Service="12" SpecialServiceGroup="A7"/>
<CarrierSpecialService Carrier="UPSN"
    CarrierSpecialServiceKey="000000000000000000000062"
    Createprogid="XMLMigrator" Createts="2020-02-19T13:28:11+00:00"
    Createuserid="SYSTEM" Lockid="0" Modifyprogid="XMLMigrator"
    Modifyts="2020-02-19T13:28:11+00:00" Modifyuserid="SYSTEM"
    Service="12" SpecialServiceGroup="AH"/>
<CarrierSpecialService Carrier="UPSN"
    CarrierSpecialServiceKey="000000000000000000000063"
    Createprogid="XMLMigrator" Createts="2020-02-19T13:28:11+00:00"
    Createuserid="SYSTEM" Lockid="0" Modifyprogid="XMLMigrator"
    Modifyts="2020-02-19T13:28:11+00:00" Modifyuserid="SYSTEM"
    Service="12" SpecialServiceGroup="12"/>
<CarrierSpecialService Carrier="UPSN"
    CarrierSpecialServiceKey="000000000000000000000064"
    Createprogid="XMLMigrator" Createts="2020-02-19T13:28:11+00:00"
    Createuserid="SYSTEM" Lockid="0" Modifyprogid="XMLMigrator"
    Modifyts="2020-02-19T13:28:11+00:00" Modifyuserid="SYSTEM"
    Service="12" SpecialServiceGroup="39"/>
<CarrierSpecialService Carrier="UPSN"
    CarrierSpecialServiceKey="000000000000000000000065"
    Createprogid="XMLMigrator" Createts="2020-02-19T13:28:11+00:00"
    Createuserid="SYSTEM" Lockid="0" Modifyprogid="XMLMigrator"
    Modifyts="2020-02-19T13:28:11+00:00" Modifyuserid="SYSTEM"
    Service="12" SpecialServiceGroup="40"/>
<CarrierSpecialService Carrier="UPSN"
    CarrierSpecialServiceKey="000000000000000000000066"
    Createprogid="XMLMigrator" Createts="2020-02-19T13:28:11+00:00"
    Createuserid="SYSTEM" Lockid="0" Modifyprogid="XMLMigrator"
    Modifyts="2020-02-19T13:28:11+00:00" Modifyuserid="SYSTEM"
    Service="12" SpecialServiceGroup="50"/>
<CarrierSpecialService Carrier="UPSN"
    CarrierSpecialServiceKey="000000000000000000000067"
    Createprogid="XMLMigrator" Createts="2020-02-19T13:28:11+00:00"
    Createuserid="SYSTEM" Lockid="0" Modifyprogid="XMLMigrator"
    Modifyts="2020-02-19T13:28:11+00:00" Modifyuserid="SYSTEM"
    Service="12" SpecialServiceGroup="71"/>
<CarrierSpecialService Carrier="UPSN"
    CarrierSpecialServiceKey="000000000000000000000068"
    Createprogid="XMLMigrator" Createts="2020-02-19T13:28:11+00:00"
    Createuserid="SYSTEM" Lockid="0" Modifyprogid="XMLMigrator"
    Modifyts="2020-02-19T13:28:11+00:00" Modifyuserid="SYSTEM"
    Service="13" SpecialServiceGroup="A4"/>
<CarrierSpecialService Carrier="UPSN"
    CarrierSpecialServiceKey="000000000000000000000069"
    Createprogid="XMLMigrator" Createts="2020-02-19T13:28:11+00:00"
    Createuserid="SYSTEM" Lockid="0" Modifyprogid="XMLMigrator"
    Modifyts="2020-02-19T13:28:11+00:00" Modifyuserid="SYSTEM"
    Service="13" SpecialServiceGroup="AE"/>
<CarrierSpecialService Carrier="UPSN"
    CarrierSpecialServiceKey="000000000000000000000070"
    Createprogid="XMLMigrator" Createts="2020-02-19T13:28:11+00:00"
    Createuserid="SYSTEM" Lockid="0" Modifyprogid="XMLMigrator"
    Modifyts="2020-02-19T13:28:11+00:00" Modifyuserid="SYSTEM"
    Service="13" SpecialServiceGroup="13"/>
<CarrierSpecialService Carrier="UPSN"
    CarrierSpecialServiceKey="000000000000000000000071"
    Createprogid="XMLMigrator" Createts="2020-02-19T13:28:11+00:00"
    Createuserid="SYSTEM" Lockid="0" Modifyprogid="XMLMigrator"
    Modifyts="2020-02-19T13:28:11+00:00" Modifyuserid="SYSTEM"
    Service="13" SpecialServiceGroup="23"/>
<CarrierSpecialService Carrier="UPSN"
    CarrierSpecialServiceKey="000000000000000000000072"
    Createprogid="XMLMigrator" Createts="2020-02-19T13:28:11+00:00"
    Createuserid="SYSTEM" Lockid="0" Modifyprogid="XMLMigrator"
    Modifyts="2020-02-19T13:28:11+00:00" Modifyuserid="SYSTEM"
    Service="13" SpecialServiceGroup="29"/>
<CarrierSpecialService Carrier="UPSN"
    CarrierSpecialServiceKey="000000000000000000000073"
    Createprogid="XMLMigrator" Createts="2020-02-19T13:28:11+00:00"
    Createuserid="SYSTEM" Lockid="0" Modifyprogid="XMLMigrator"
    Modifyts="2020-02-19T13:28:11+00:00" Modifyuserid="SYSTEM"
    Service="13" SpecialServiceGroup="30"/>
<CarrierSpecialService Carrier="UPSN"
    CarrierSpecialServiceKey="000000000000000000000074"
    Createprogid="XMLMigrator" Createts="2020-02-19T13:28:11+00:00"
    Createuserid="SYSTEM" Lockid="0" Modifyprogid="XMLMigrator"
    Modifyts="2020-02-19T13:28:11+00:00" Modifyuserid="SYSTEM"
    Service="13" SpecialServiceGroup="62"/>
<CarrierSpecialService Carrier="UPSN"
    CarrierSpecialServiceKey="000000000000000000000075"
    Createprogid="XMLMigrator" Createts="2020-02-19T13:28:11+00:00"
    Createuserid="SYSTEM" Lockid="0" Modifyprogid="XMLMigrator"
    Modifyts="2020-02-19T13:28:11+00:00" Modifyuserid="SYSTEM"
    Service="14" SpecialServiceGroup="A0"/>
<CarrierSpecialService Carrier="UPSN"
    CarrierSpecialServiceKey="000000000000000000000076"
    Createprogid="XMLMigrator" Createts="2020-02-19T13:28:11+00:00"
    Createuserid="SYSTEM" Lockid="0" Modifyprogid="XMLMigrator"
    Modifyts="2020-02-19T13:28:11+00:00" Modifyuserid="SYSTEM"
    Service="14" SpecialServiceGroup="A1"/>
<CarrierSpecialService Carrier="UPSN"
    CarrierSpecialServiceKey="000000000000000000000077"
    Createprogid="XMLMigrator" Createts="2020-02-19T13:28:11+00:00"
    Createuserid="SYSTEM" Lockid="0" Modifyprogid="XMLMigrator"
    Modifyts="2020-02-19T13:28:11+00:00" Modifyuserid="SYSTEM"
    Service="14" SpecialServiceGroup="A9"/>
<CarrierSpecialService Carrier="UPSN"
    CarrierSpecialServiceKey="000000000000000000000078"
    Createprogid="XMLMigrator" Createts="2020-02-19T13:28:11+00:00"
    Createuserid="SYSTEM" Lockid="0" Modifyprogid="XMLMigrator"
    Modifyts="2020-02-19T13:28:11+00:00" Modifyuserid="SYSTEM"
    Service="14" SpecialServiceGroup="AA"/>
<CarrierSpecialService Carrier="UPSN"
    CarrierSpecialServiceKey="000000000000000000000079"
    Createprogid="XMLMigrator" Createts="2020-02-19T13:28:11+00:00"
    Createuserid="SYSTEM" Lockid="0" Modifyprogid="XMLMigrator"
    Modifyts="2020-02-19T13:28:11+00:00" Modifyuserid="SYSTEM"
    Service="14" SpecialServiceGroup="15"/>
<CarrierSpecialService Carrier="UPSN"
    CarrierSpecialServiceKey="000000000000000000000081"
    Createprogid="XMLMigrator" Createts="2020-02-19T13:28:11+00:00"
    Createuserid="SYSTEM" Lockid="0" Modifyprogid="XMLMigrator"
    Modifyts="2020-02-19T13:28:11+00:00" Modifyuserid="SYSTEM"
    Service="14" SpecialServiceGroup="21"/>
<CarrierSpecialService Carrier="UPSN"
    CarrierSpecialServiceKey="000000000000000000000082"
    Createprogid="XMLMigrator" Createts="2020-02-19T13:28:11+00:00"
    Createuserid="SYSTEM" Lockid="0" Modifyprogid="XMLMigrator"
    Modifyts="2020-02-19T13:28:11+00:00" Modifyuserid="SYSTEM"
    Service="14" SpecialServiceGroup="32"/>
<CarrierSpecialService Carrier="UPSN"
    CarrierSpecialServiceKey="000000000000000000000083"
    Createprogid="XMLMigrator" Createts="2020-02-19T13:28:11+00:00"
    Createuserid="SYSTEM" Lockid="0" Modifyprogid="XMLMigrator"
    Modifyts="2020-02-19T13:28:11+00:00" Modifyuserid="SYSTEM"
    Service="14" SpecialServiceGroup="33"/>
<CarrierSpecialService Carrier="UPSN"
    CarrierSpecialServiceKey="000000000000000000000084"
    Createprogid="XMLMigrator" Createts="2020-02-19T13:28:11+00:00"
    Createuserid="SYSTEM" Lockid="0" Modifyprogid="XMLMigrator"
    Modifyts="2020-02-19T13:28:11+00:00" Modifyuserid="SYSTEM"
    Service="14" SpecialServiceGroup="41"/>
<CarrierSpecialService Carrier="UPSN"
    CarrierSpecialServiceKey="000000000000000000000086"
    Createprogid="XMLMigrator" Createts="2020-02-19T13:28:11+00:00"
    Createuserid="SYSTEM" Lockid="0" Modifyprogid="XMLMigrator"
    Modifyts="2020-02-19T13:28:11+00:00" Modifyuserid="SYSTEM"
    Service="21" SpecialServiceGroup="08"/>
<CarrierSpecialService Carrier="UPSN"
    CarrierSpecialServiceKey="000000000000000000000087"
    Createprogid="XMLMigrator" Createts="2020-02-19T13:28:11+00:00"
    Createuserid="SYSTEM" Lockid="0" Modifyprogid="XMLMigrator"
    Modifyts="2020-02-19T13:28:11+00:00" Modifyuserid="SYSTEM"
    Service="54" SpecialServiceGroup="34"/>
<CarrierSpecialService Carrier="UPSN"
    CarrierSpecialServiceKey="000000000000000000000088"
    Createprogid="XMLMigrator" Createts="2020-02-19T13:28:11+00:00"
    Createuserid="SYSTEM" Lockid="0" Modifyprogid="XMLMigrator"
    Modifyts="2020-02-19T13:28:11+00:00" Modifyuserid="SYSTEM"
    Service="54" SpecialServiceGroup="54"/>
<CarrierSpecialService Carrier="UPSN"
    CarrierSpecialServiceKey="000000000000000000000089"
    Createprogid="XMLMigrator" Createts="2020-02-19T13:28:11+00:00"
    Createuserid="SYSTEM" Lockid="0" Modifyprogid="XMLMigrator"
    Modifyts="2020-02-19T13:28:11+00:00" Modifyuserid="SYSTEM"
    Service="54" SpecialServiceGroup="73"/>
<CarrierSpecialService Carrier="UPSN"
    CarrierSpecialServiceKey="000000000000000000000090"
    Createprogid="XMLMigrator" Createts="2020-02-19T13:28:11+00:00"
    Createuserid="SYSTEM" Lockid="0" Modifyprogid="XMLMigrator"
    Modifyts="2020-02-19T13:28:11+00:00" Modifyuserid="SYSTEM"
    Service="59" SpecialServiceGroup="A5"/>
<CarrierSpecialService Carrier="UPSN"
    CarrierSpecialServiceKey="000000000000000000000091"
    Createprogid="XMLMigrator" Createts="2020-02-19T13:28:11+00:00"
    Createuserid="SYSTEM" Lockid="0" Modifyprogid="XMLMigrator"
    Modifyts="2020-02-19T13:28:11+00:00" Modifyuserid="SYSTEM"
    Service="59" SpecialServiceGroup="AF"/>
<CarrierSpecialService Carrier="UPSN"
    CarrierSpecialServiceKey="000000000000000000000092"
    Createprogid="XMLMigrator" Createts="2020-02-19T13:28:11+00:00"
    Createuserid="SYSTEM" Lockid="0" Modifyprogid="XMLMigrator"
    Modifyts="2020-02-19T13:28:11+00:00" Modifyuserid="SYSTEM"
    Service="59" SpecialServiceGroup="07"/>
<CarrierSpecialService Carrier="UPSN"
    CarrierSpecialServiceKey="000000000000000000000093"
    Createprogid="XMLMigrator" Createts="2020-02-19T13:28:11+00:00"
    Createuserid="SYSTEM" Lockid="0" Modifyprogid="XMLMigrator"
    Modifyts="2020-02-19T13:28:11+00:00" Modifyuserid="SYSTEM"
    Service="59" SpecialServiceGroup="18"/>
<CarrierSpecialService Carrier="UPSN"
    CarrierSpecialServiceKey="000000000000000000000094"
    Createprogid="XMLMigrator" Createts="2020-02-19T13:28:11+00:00"
    Createuserid="SYSTEM" Lockid="0" Modifyprogid="XMLMigrator"
    Modifyts="2020-02-19T13:28:11+00:00" Modifyuserid="SYSTEM"
    Service="59" SpecialServiceGroup="19"/>
<CarrierSpecialService Carrier="UPSN"
    CarrierSpecialServiceKey="000000000000000000000095"
    Createprogid="XMLMigrator" Createts="2020-02-19T13:28:11+00:00"
    Createuserid="SYSTEM" Lockid="0" Modifyprogid="XMLMigrator"
    Modifyts="2020-02-19T13:28:11+00:00" Modifyuserid="SYSTEM"
    Service="59" SpecialServiceGroup="31"/>
<CarrierSpecialService Carrier="UPSN"
    CarrierSpecialServiceKey="000000000000000000000096"
    Createprogid="XMLMigrator" Createts="2020-02-19T13:28:11+00:00"
    Createuserid="SYSTEM" Lockid="0" Modifyprogid="XMLMigrator"
    Modifyts="2020-02-19T13:28:11+00:00" Modifyuserid="SYSTEM"
    Service="59" SpecialServiceGroup="65"/>
<CarrierSpecialService Carrier="UPSN"
    CarrierSpecialServiceKey="000000000000000000000097"
    Createprogid="XMLMigrator" Createts="2020-02-19T13:28:11+00:00"
    Createuserid="SYSTEM" Lockid="0" Modifyprogid="XMLMigrator"
    Modifyts="2020-02-19T13:28:11+00:00" Modifyuserid="SYSTEM"
    Service="65" SpecialServiceGroup="04"/>
<CarrierSpecialService Carrier="UPSN"
    CarrierSpecialServiceKey="000000000000000000000098"
    Createprogid="XMLMigrator" Createts="2020-02-19T13:28:11+00:00"
    Createuserid="SYSTEM" Lockid="0" Modifyprogid="XMLMigrator"
    Modifyts="2020-02-19T13:28:11+00:00" Modifyuserid="SYSTEM"
    Service="65" SpecialServiceGroup="77"/>
<CarrierSpecialService Carrier="UPSN"
    CarrierSpecialServiceKey="000000000000000000000099"
    Createprogid="XMLMigrator" Createts="2020-02-19T13:28:11+00:00"
    Createuserid="SYSTEM" Lockid="0" Modifyprogid="XMLMigrator"
    Modifyts="2020-02-19T13:28:11+00:00" Modifyuserid="SYSTEM"
    Service="65" SpecialServiceGroup="93"/>
<CarrierSpecialService Carrier="UPSN"
    CarrierSpecialServiceKey="000000000000000000000100"
    Createprogid="XMLMigrator" Createts="2020-02-19T13:28:11+00:00"
    Createuserid="SYSTEM" Lockid="0" Modifyprogid="XMLMigrator"
    Modifyts="2020-02-19T13:28:11+00:00" Modifyuserid="SYSTEM"
    Service="107" SpecialServiceGroup="27"/>
<CarrierSpecialService Carrier="UPSN"
    CarrierSpecialServiceKey="000000000000000000000101"
    Createprogid="XMLMigrator" Createts="2020-02-19T13:28:11+00:00"
    Createuserid="SYSTEM" Lockid="0" Modifyprogid="XMLMigrator"
    Modifyts="2020-02-19T13:28:11+00:00" Modifyuserid="SYSTEM"
    Service="107" SpecialServiceGroup="38"/>
<CarrierSpecialService Carrier="UPSN"
    CarrierSpecialServiceKey="000000000000000000000102"
    Createprogid="XMLMigrator" Createts="2020-02-19T13:28:11+00:00"
    Createuserid="SYSTEM" Lockid="0" Modifyprogid="XMLMigrator"
    Modifyts="2020-02-19T13:28:11+00:00" Modifyuserid="SYSTEM"
    Service="107" SpecialServiceGroup="06"/>
<CarrierSpecialService Carrier="UPSN"
    CarrierSpecialServiceKey="000000000000000000000103"
    Createprogid="XMLMigrator" Createts="2020-02-19T13:28:11+00:00"
    Createuserid="SYSTEM" Lockid="0" Modifyprogid="XMLMigrator"
    Modifyts="2020-02-19T13:28:11+00:00" Modifyuserid="SYSTEM"
    Service="107" SpecialServiceGroup="57"/>
</YCS_CARRIER_SPECIAL_SERVICEList>