<?xml version="1.0" encoding="UTF-8"?>
<YFS_PROCESS_TASK_TYPEList TableName="YFS_PROCESS_TASK_TYPE" TotalNumberOfRecords="24">
<ProcessTaskType Createprogid="XMLMigrator"
    Createts="2020-02-19T13:26:53+00:00" Createuserid="SYSTEM"
    Lockid="0" Modifyprogid="XMLMigrator"
    Modifyts="2020-02-19T13:26:53+00:00" Modifyuserid="SYSTEM"
    ProcessTaskTypeDesc="Process Task Type For Order"
    ProcessTaskTypeID="OrderHeaderKey"
    ProcessTaskTypeKey="200206122311155841" ProcessTypeKey="RETURN_FULFILLMENT"/>
<ProcessTaskType Createprogid="XMLMigrator"
    Createts="2020-02-19T13:26:53+00:00" Createuserid="SYSTEM"
    Lockid="0" Modifyprogid="XMLMigrator"
    Modifyts="2020-02-19T13:26:53+00:00" Modifyuserid="SYSTEM"
    ProcessTaskTypeDesc="Process Task Type For Order Release"
    ProcessTaskTypeID="OrderReleaseKey"
    ProcessTaskTypeKey="200206122311155842" ProcessTypeKey="RETURN_FULFILLMENT"/>
<ProcessTaskType Createprogid="XMLMigrator"
    Createts="2020-02-19T13:26:53+00:00" Createuserid="SYSTEM"
    Lockid="0" Modifyprogid="XMLMigrator"
    Modifyts="2020-02-19T13:26:53+00:00" Modifyuserid="SYSTEM"
    ProcessTaskTypeDesc="Process Task Type For Order"
    ProcessTaskTypeID="OrderHeaderKey"
    ProcessTaskTypeKey="200206122335416771" ProcessTypeKey="PO_FULFILLMENT"/>
<ProcessTaskType Createprogid="XMLMigrator"
    Createts="2020-02-19T13:26:53+00:00" Createuserid="SYSTEM"
    Lockid="0" Modifyprogid="XMLMigrator"
    Modifyts="2020-02-19T13:26:53+00:00" Modifyuserid="SYSTEM"
    ProcessTaskTypeDesc="Process Task Type For Order Release"
    ProcessTaskTypeID="OrderReleaseKey"
    ProcessTaskTypeKey="200206122335416772" ProcessTypeKey="PO_FULFILLMENT"/>
<ProcessTaskType Createprogid="XMLMigrator"
    Createts="2020-02-19T13:26:53+00:00" Createuserid="SYSTEM"
    Lockid="0" Modifyprogid="XMLMigrator"
    Modifyts="2020-02-19T13:26:53+00:00" Modifyuserid="SYSTEM"
    ProcessTaskTypeDesc="Process Task Type For Order Negotiation"
    ProcessTaskTypeID="NegotiationHeaderKey"
    ProcessTaskTypeKey="200206122336097653" ProcessTypeKey="PO_NEGOTIATION"/>
<ProcessTaskType Createprogid="XMLMigrator"
    Createts="2020-02-19T13:26:53+00:00" Createuserid="SYSTEM"
    Lockid="0" Modifyprogid="XMLMigrator"
    Modifyts="2020-02-19T13:26:53+00:00" Modifyuserid="SYSTEM"
    ProcessTaskTypeDesc="Process Task Type For Order"
    ProcessTaskTypeID="OrderHeaderKey"
    ProcessTaskTypeKey="20030708142438546" ProcessTypeKey="20030708142438541"/>
<ProcessTaskType Createprogid="XMLMigrator"
    Createts="2020-02-19T13:26:53+00:00" Createuserid="SYSTEM"
    Lockid="0" Modifyprogid="XMLMigrator"
    Modifyts="2020-02-19T13:26:53+00:00" Modifyuserid="SYSTEM"
    ProcessTaskTypeDesc="Process Task Type For Order Release"
    ProcessTaskTypeID="OrderReleaseKey"
    ProcessTaskTypeKey="20030708142438547" ProcessTypeKey="20030708142438541"/>
<ProcessTaskType Createprogid="XMLMigrator"
    Createts="2020-02-19T13:30:11+00:00" Createuserid="SYSTEM"
    Lockid="0" Modifyprogid="XMLMigrator"
    Modifyts="2020-02-19T13:30:11+00:00" Modifyuserid="SYSTEM"
    ProcessTaskTypeDesc="Process Task Type For Count"
    ProcessTaskTypeID="CountRequestKey"
    ProcessTaskTypeKey="20040708142438547" ProcessTypeKey="COUNT_EXECUTION"/>
<ProcessTaskType Createprogid="XMLMigrator"
    Createts="2020-02-19T13:26:53+00:00" Createuserid="SYSTEM"
    Lockid="0" Modifyprogid="XMLMigrator"
    Modifyts="2020-02-19T13:26:53+00:00" Modifyuserid="SYSTEM"
    ProcessTaskTypeDesc="Process Task Type For Receipt"
    ProcessTaskTypeID="ReceiptHeaderKey"
    ProcessTaskTypeKey="20040708142439557" ProcessTypeKey="PO_RECEIPT"/>
<ProcessTaskType Createprogid="XMLMigrator"
    Createts="2020-02-19T13:26:53+00:00" Createuserid="SYSTEM"
    Lockid="0" Modifyprogid="XMLMigrator"
    Modifyts="2020-02-19T13:26:53+00:00" Modifyuserid="SYSTEM"
    ProcessTaskTypeDesc="Process Task Type For Receipt"
    ProcessTaskTypeID="ReceiptHeaderKey"
    ProcessTaskTypeKey="20040708142439669" ProcessTypeKey="RETURN_RECEIPT"/>
<ProcessTaskType Createprogid="XMLMigrator"
    Createts="2020-02-19T13:26:53+00:00" Createuserid="SYSTEM"
    Lockid="0" Modifyprogid="XMLMigrator"
    Modifyts="2020-02-19T13:26:53+00:00" Modifyuserid="SYSTEM"
    ProcessTaskTypeDesc="Process Task Type For Receipt"
    ProcessTaskTypeID="ReceiptHeaderKey"
    ProcessTaskTypeKey="20040708142439775" ProcessTypeKey="200307081424551176"/>
<ProcessTaskType Createprogid="XMLMigrator"
    Createts="2020-02-19T13:26:53+00:00" Createuserid="SYSTEM"
    Lockid="0" Modifyprogid="XMLMigrator"
    Modifyts="2020-02-19T13:26:53+00:00" Modifyuserid="SYSTEM"
    ProcessTaskTypeDesc="Process Task Type For Receipt"
    ProcessTaskTypeID="ReceiptHeaderKey"
    ProcessTaskTypeKey="20070501142439557" ProcessTypeKey="SO_RECEIPT"/>
<ProcessTaskType Createprogid="XMLMigrator"
    Createts="2020-02-19T13:26:53+00:00" Createuserid="SYSTEM"
    Lockid="0" Modifyprogid="XMLMigrator"
    Modifyts="2020-02-19T13:26:53+00:00" Modifyuserid="SYSTEM"
    ProcessTaskTypeDesc="Process Task Type For Delivery"
    ProcessTaskTypeID="ShipmentKey"
    ProcessTaskTypeKey="20081023142439785" ProcessTypeKey="200307081424521056"/>
<ProcessTaskType Createprogid="XMLMigrator"
    Createts="2020-02-19T13:26:53+00:00" Createuserid="SYSTEM"
    Lockid="0" Modifyprogid="XMLMigrator"
    Modifyts="2020-02-19T13:26:53+00:00" Modifyuserid="SYSTEM"
    ProcessTaskTypeDesc="Process Task Type For Load"
    ProcessTaskTypeID="LoadKey" ProcessTaskTypeKey="LOAD_DELIVERY_1" ProcessTypeKey="LOAD_DELIVERY"/>
<ProcessTaskType Createprogid="XMLMigrator"
    Createts="2020-02-19T13:26:53+00:00" Createuserid="SYSTEM"
    Lockid="0" Modifyprogid="XMLMigrator"
    Modifyts="2020-02-19T13:26:53+00:00" Modifyuserid="SYSTEM"
    ProcessTaskTypeDesc="Process Task Type For Shipment"
    ProcessTaskTypeID="ShipmentKey"
    ProcessTaskTypeKey="ORDER_DELIVERY_1" ProcessTypeKey="ORDER_DELIVERY"/>
<ProcessTaskType Createprogid="XMLMigrator"
    Createts="2020-02-19T13:26:53+00:00" Createuserid="SYSTEM"
    Lockid="0" Modifyprogid="XMLMigrator"
    Modifyts="2020-02-19T13:26:53+00:00" Modifyuserid="SYSTEM"
    ProcessTaskTypeDesc="Process Task Type For Order"
    ProcessTaskTypeID="OrderHeaderKey"
    ProcessTaskTypeKey="ORDER_FULFILLMENT_1" ProcessTypeKey="ORDER_FULFILLMENT"/>
<ProcessTaskType Createprogid="XMLMigrator"
    Createts="2020-02-19T13:26:53+00:00" Createuserid="SYSTEM"
    Lockid="0" Modifyprogid="XMLMigrator"
    Modifyts="2020-02-19T13:26:53+00:00" Modifyuserid="SYSTEM"
    ProcessTaskTypeDesc="Process Task Type For Order Release"
    ProcessTaskTypeID="OrderReleaseKey"
    ProcessTaskTypeKey="ORDER_FULFILLMENT_2" ProcessTypeKey="ORDER_FULFILLMENT"/>
<ProcessTaskType Createprogid="XMLMigrator"
    Createts="2020-02-19T13:26:53+00:00" Createuserid="SYSTEM"
    Lockid="0" Modifyprogid="XMLMigrator"
    Modifyts="2020-02-19T13:26:53+00:00" Modifyuserid="SYSTEM"
    ProcessTaskTypeDesc="Process Task Type For Order Negotiation"
    ProcessTaskTypeID="NegotiationHeaderKey"
    ProcessTaskTypeKey="ORDER_NEGOTIATION" ProcessTypeKey="ORDER_NEGOTIATION"/>
<ProcessTaskType Createprogid="XMLMigrator"
    Createts="2020-02-19T13:30:11+00:00" Createuserid="SYSTEM"
    Lockid="0" Modifyprogid="XMLMigrator"
    Modifyts="2020-02-19T13:30:11+00:00" Modifyuserid="SYSTEM"
    ProcessTaskTypeDesc="Process Task Type For Wave"
    ProcessTaskTypeID="WaveKey" ProcessTaskTypeKey="OUTBOUND_PICKING_1" ProcessTypeKey="OUTBOUND_PICKING"/>
<ProcessTaskType Createprogid="XMLMigrator"
    Createts="2020-02-19T13:26:53+00:00" Createuserid="SYSTEM"
    Lockid="0" Modifyprogid="XMLMigrator"
    Modifyts="2020-02-19T13:26:53+00:00" Modifyuserid="SYSTEM"
    ProcessTaskTypeDesc="Process Task Type For Planned Order"
    ProcessTaskTypeID="OrderHeaderKey"
    ProcessTaskTypeKey="PLAN_ORDER_FULFILLMENT_1" ProcessTypeKey="PLAN_ORDER_FULFILLMENT"/>
<ProcessTaskType Createprogid="XMLMigrator"
    Createts="2020-02-19T13:26:53+00:00" Createuserid="SYSTEM"
    Lockid="0" Modifyprogid="XMLMigrator"
    Modifyts="2020-02-19T13:26:53+00:00" Modifyuserid="SYSTEM"
    ProcessTaskTypeDesc="Process Task Type For Plan Order Negotiation"
    ProcessTaskTypeID="NegotiationHeaderKey"
    ProcessTaskTypeKey="PLAN_ORDER_NEGOTIATION" ProcessTypeKey="PLAN_ORDER_NEGOTIATION"/>
<ProcessTaskType Createprogid="XMLMigrator"
    Createts="2020-02-19T13:26:53+00:00" Createuserid="SYSTEM"
    Lockid="0" Modifyprogid="XMLMigrator"
    Modifyts="2020-02-19T13:26:53+00:00" Modifyuserid="SYSTEM"
    ProcessTaskTypeDesc="Process Task Type For Shipment"
    ProcessTaskTypeID="ShipmentKey" ProcessTaskTypeKey="PO_SHIPMENT_1" ProcessTypeKey="PO_SHIPMENT"/>
<ProcessTaskType Createprogid="XMLMigrator"
    Createts="2020-02-19T13:26:53+00:00" Createuserid="SYSTEM"
    Lockid="0" Modifyprogid="XMLMigrator"
    Modifyts="2020-02-19T13:26:53+00:00" Modifyuserid="SYSTEM"
    ProcessTaskTypeDesc="Process Task Type For Shipment"
    ProcessTaskTypeID="ShipmentKey"
    ProcessTaskTypeKey="RETURN_SHIPMENT_1" ProcessTypeKey="RETURN_SHIPMENT"/>
<ProcessTaskType Createprogid="XMLMigrator"
    Createts="2020-02-19T13:26:53+00:00" Createuserid="SYSTEM"
    Lockid="0" Modifyprogid="XMLMigrator"
    Modifyts="2020-02-19T13:26:53+00:00" Modifyuserid="SYSTEM"
    ProcessTaskTypeDesc="Process Task Type For Work Order"
    ProcessTaskTypeID="WorkOrderKey" ProcessTaskTypeKey="VAS_WO_1" ProcessTypeKey="VAS"/>
</YFS_PROCESS_TASK_TYPEList>