<?xml version="1.0" encoding="UTF-8"?>
<YFS_PRINT_DOCUMENTList TableName="YFS_PRINT_DOCUMENT" TotalNumberOfRecords="23">
<PrintDocument Createprogid="XMLMigrator"
    Createts="2020-02-19T13:30:26+00:00" Createuserid="SYSTEM"
    DefaultLabelFormatId="COUNT_SHEET" Lockid="0"
    Modifyprogid="XMLMigrator" Modifyts="2020-02-19T13:30:26+00:00"
    Modifyuserid="SYSTEM" PrintDocumentDescription="Count Sheet"
    PrintDocumentId="COUNTSHEET" PrintDocumentKey="200402181218494865" SystemDefined="Y"/>
<PrintDocument Createprogid="XMLMigrator"
    Createts="2020-02-19T13:30:26+00:00" Createuserid="SYSTEM"
    DefaultLabelFormatId="PI_COUNT_SHEET" Lockid="0"
    Modifyprogid="XMLMigrator" Modifyts="2020-02-19T13:30:26+00:00"
    Modifyuserid="SYSTEM"
    PrintDocumentDescription="Physical Inventory Count Sheet"
    PrintDocumentId="PICOUNTSHEET" PrintDocumentKey="200602181218494865" SystemDefined="Y"/>
<PrintDocument Createprogid="XMLMigrator"
    Createts="2020-02-19T13:32:25+00:00" Createuserid="SYSTEM"
    DefaultLabelFormatId="" Lockid="0" Modifyprogid="XMLMigrator"
    Modifyts="2020-02-19T13:32:25+00:00" Modifyuserid="SYSTEM"
    PrintDocumentDescription="Order Summary"
    PrintDocumentId="PRINT_ORDER_SUMMARY"
    PrintDocumentKey="2006081112210268503" SystemDefined="N"/>
<PrintDocument Createprogid="XMLMigrator"
    Createts="2020-02-19T13:32:25+00:00" Createuserid="SYSTEM"
    DefaultLabelFormatId="" Lockid="0" Modifyprogid="XMLMigrator"
    Modifyts="2020-02-19T13:32:25+00:00" Modifyuserid="SYSTEM"
    PrintDocumentDescription="Return Order Summary"
    PrintDocumentId="PRINT_RETURNORDER_SUMMARY"
    PrintDocumentKey="2006081112223768505" SystemDefined="N"/>
<PrintDocument Createprogid="XMLMigrator"
    Createts="2020-02-19T13:32:25+00:00" Createuserid="SYSTEM"
    DefaultLabelFormatId="" Lockid="0" Modifyprogid="XMLMigrator"
    Modifyts="2020-02-19T13:32:25+00:00" Modifyuserid="SYSTEM"
    PrintDocumentDescription="Exchange Order Summary"
    PrintDocumentId="PRINT_EXCHANGEORDER_SUMMARY"
    PrintDocumentKey="2006081112223768507" SystemDefined="N"/>
<PrintDocument Createprogid="XMLMigrator"
    Createts="2020-02-19T13:32:25+00:00" Createuserid="SYSTEM"
    DefaultLabelFormatId="" Lockid="0" Modifyprogid="XMLMigrator"
    Modifyts="2020-02-19T13:32:25+00:00" Modifyuserid="SYSTEM"
    PrintDocumentDescription="Change Order Summary"
    PrintDocumentId="PRINT_CHANGEORDER_SUMMARY"
    PrintDocumentKey="2006081112230268509" SystemDefined="N"/>
<PrintDocument Createprogid="XMLMigrator"
    Createts="2020-02-19T13:32:25+00:00" Createuserid="SYSTEM"
    DefaultLabelFormatId="" Lockid="0" Modifyprogid="XMLMigrator"
    Modifyts="2020-02-19T13:32:25+00:00" Modifyuserid="SYSTEM"
    PrintDocumentDescription="Pick Ticket"
    PrintDocumentId="PRINT_PICK_TICKET"
    PrintDocumentKey="2007110512210268503" SystemDefined="N"/>
<PrintDocument Createprogid="XMLMigrator"
    Createts="2020-02-19T13:32:25+00:00" Createuserid="SYSTEM"
    DefaultLabelFormatId="" Lockid="0" Modifyprogid="XMLMigrator"
    Modifyts="2020-02-19T13:32:25+00:00" Modifyuserid="SYSTEM"
    PrintDocumentDescription="Store Acknowledgement"
    PrintDocumentId="STORE_ACKNOWLEDGEMENT"
    PrintDocumentKey="2008022915273131754" SystemDefined="N"/>
<PrintDocument Createprogid="XMLMigrator"
    Createts="2020-02-19T13:30:26+00:00" Createuserid="SYSTEM"
    DefaultLabelFormatId="REVERSETRAILOR_LOAD" Lockid="0"
    Modifyprogid="XMLMigrator" Modifyts="2020-02-19T13:30:26+00:00"
    Modifyuserid="SYSTEM"
    PrintDocumentDescription="Reverse Trailor Load"
    PrintDocumentId="REVERSE_TRAILOR_LOAD"
    PrintDocumentKey="20130619150605138911" SystemDefined="N"/>
<PrintDocument Createprogid="XMLMigrator"
    Createts="2020-02-19T13:27:08+00:00" Createuserid="SYSTEM"
    DefaultLabelFormatId="CONTAINER_LABEL_MULTI_SKU" Lockid="0"
    Modifyprogid="XMLMigrator" Modifyts="2020-02-19T13:27:08+00:00"
    Modifyuserid="SYSTEM"
    PrintDocumentDescription="UCC-128 Container Shipping Label"
    PrintDocumentId="CONTAINER_LABEL" PrintDocumentKey="CONTAINER_LABEL" SystemDefined="Y"/>
<PrintDocument Createprogid="XMLMigrator"
    Createts="2020-02-19T13:27:08+00:00" Createuserid="SYSTEM"
    DefaultLabelFormatId="" Lockid="0" Modifyprogid="XMLMigrator"
    Modifyts="2020-02-19T13:27:08+00:00" Modifyuserid="SYSTEM"
    PrintDocumentDescription="FEDEX Carrier Label"
    PrintDocumentId="FEDX_CARRIER_LABEL"
    PrintDocumentKey="FEDX_CARRIER_LABEL" SystemDefined="Y"/>
<PrintDocument Createprogid="XMLMigrator"
    Createts="2020-02-19T13:27:08+00:00" Createuserid="SYSTEM"
    DefaultLabelFormatId="HAZMAT_BOL" Lockid="0"
    Modifyprogid="XMLMigrator" Modifyts="2020-02-19T13:27:08+00:00"
    Modifyuserid="SYSTEM" PrintDocumentDescription="Hazmat BOL"
    PrintDocumentId="HAZMAT_BOL" PrintDocumentKey="HAZMAT_BOL" SystemDefined="Y"/>
<PrintDocument Createprogid="XMLMigrator"
    Createts="2020-02-19T13:30:26+00:00" Createuserid="SYSTEM"
    DefaultLabelFormatId="HAZMAT_SKU_LABEL" Lockid="0"
    Modifyprogid="XMLMigrator" Modifyts="2020-02-19T13:30:26+00:00"
    Modifyuserid="SYSTEM" PrintDocumentDescription="Hazmat SKU Label"
    PrintDocumentId="HAZMAT_SKU_LABEL"
    PrintDocumentKey="HAZMAT_SKU_LABEL" SystemDefined="N"/>
<PrintDocument Createprogid="XMLMigrator"
    Createts="2020-02-19T13:27:08+00:00" Createuserid="SYSTEM"
    DefaultLabelFormatId="LTL_MANIFEST" Lockid="0"
    Modifyprogid="XMLMigrator" Modifyts="2020-02-19T13:27:08+00:00"
    Modifyuserid="SYSTEM" PrintDocumentDescription="LTL Manifest"
    PrintDocumentId="LTL_MANIFEST" PrintDocumentKey="LTL_MANIFEST" SystemDefined="Y"/>
<PrintDocument Createprogid="XMLMigrator"
    Createts="2020-02-19T13:27:08+00:00" Createuserid="SYSTEM"
    DefaultLabelFormatId="PACKLIST" Lockid="0"
    Modifyprogid="XMLMigrator" Modifyts="2020-02-19T13:27:08+00:00"
    Modifyuserid="SYSTEM" PrintDocumentDescription="Packing Slip"
    PrintDocumentId="PACKLIST" PrintDocumentKey="PACKLIST" SystemDefined="Y"/>
<PrintDocument Createprogid="XMLMigrator"
    Createts="2020-02-19T13:27:08+00:00" Createuserid="SYSTEM"
    DefaultLabelFormatId="" Lockid="0" Modifyprogid="XMLMigrator"
    Modifyts="2020-02-19T13:27:08+00:00" Modifyuserid="SYSTEM"
    PrintDocumentDescription="Purolator Carrier Label"
    PrintDocumentId="Purolator_CARRIER_LABEL"
    PrintDocumentKey="Purolator_CARRIER_LABEL" SystemDefined="Y"/>
<PrintDocument Createprogid="XMLMigrator"
    Createts="2020-02-19T13:27:08+00:00" Createuserid="SYSTEM"
    DefaultLabelFormatId="SHIPMENT_DOCUMENT" Lockid="0"
    Modifyprogid="XMLMigrator" Modifyts="2020-02-19T13:27:08+00:00"
    Modifyuserid="SYSTEM"
    PrintDocumentDescription="Generic Shipment Document"
    PrintDocumentId="SHIPMENT_DOCUMENT"
    PrintDocumentKey="SHIPMENT_DOCUMENT" SystemDefined="Y"/>
<PrintDocument Createprogid="XMLMigrator"
    Createts="2020-02-19T13:27:08+00:00" Createuserid="SYSTEM"
    DefaultLabelFormatId="SHIPPERS_DECLARATION" Lockid="0"
    Modifyprogid="XMLMigrator" Modifyts="2020-02-19T13:27:08+00:00"
    Modifyuserid="SYSTEM"
    PrintDocumentDescription="Shippers Declaration"
    PrintDocumentId="SHIPPERS_DECLARATION"
    PrintDocumentKey="SHIPPERS_DECLARATION" SystemDefined="Y"/>
<PrintDocument Createprogid="XMLMigrator"
    Createts="2020-02-19T13:30:26+00:00" Createuserid="SYSTEM"
    DefaultLabelFormatId="ITEM_PICK_BATCHSHEET" Lockid="0"
    Modifyprogid="XMLMigrator" Modifyts="2020-02-19T13:30:26+00:00"
    Modifyuserid="SYSTEM" PrintDocumentDescription="TaskList"
    PrintDocumentId="TASKLIST" PrintDocumentKey="TASKLIST" SystemDefined="Y"/>
<PrintDocument Createprogid="XMLMigrator"
    Createts="2020-02-19T13:27:08+00:00" Createuserid="SYSTEM"
    DefaultLabelFormatId="UPS_CARRIER_LABEL" Lockid="0"
    Modifyprogid="XMLMigrator" Modifyts="2020-02-19T13:27:08+00:00"
    Modifyuserid="SYSTEM" PrintDocumentDescription="UPS Carrier Label"
    PrintDocumentId="UPS_CARRIER_LABEL"
    PrintDocumentKey="UPS_CARRIER_LABEL" SystemDefined="Y"/>
<PrintDocument Createprogid="XMLMigrator"
    Createts="2020-02-19T13:27:08+00:00" Createuserid="SYSTEM"
    DefaultLabelFormatId="UPS_PICKUP_SUMMARY" Lockid="0"
    Modifyprogid="XMLMigrator" Modifyts="2020-02-19T13:27:08+00:00"
    Modifyuserid="SYSTEM" PrintDocumentDescription="UPS Pickup Summary"
    PrintDocumentId="UPS_PICKUP_SUMMARY"
    PrintDocumentKey="UPS_PICKUP_SUMMARY" SystemDefined="Y"/>
<PrintDocument Createprogid="XMLMigrator"
    Createts="2020-02-19T13:27:08+00:00" Createuserid="SYSTEM"
    DefaultLabelFormatId="" Lockid="0" Modifyprogid="XMLMigrator"
    Modifyts="2020-02-19T13:27:08+00:00" Modifyuserid="SYSTEM"
    PrintDocumentDescription="USPS Carrier Label"
    PrintDocumentId="USPS_CARRIER_LABEL"
    PrintDocumentKey="USPS_CARRIER_LABEL" SystemDefined="Y"/>
<PrintDocument Createprogid="XMLMigrator"
    Createts="2020-02-19T13:27:08+00:00" Createuserid="SYSTEM"
    DefaultLabelFormatId="VICSBOL_SHIPMENT" Lockid="0"
    Modifyprogid="XMLMigrator" Modifyts="2020-02-19T13:27:08+00:00"
    Modifyuserid="SYSTEM" PrintDocumentDescription="VICS Bill Of Lading"
    PrintDocumentId="VICS_BOL" PrintDocumentKey="VICS_BOL" SystemDefined="Y"/>
</YFS_PRINT_DOCUMENTList>