<?xml version="1.0" encoding="UTF-8"?>
<YFS_CONDITIONList TableName="YFS_CONDITION" TotalNumberOfRecords="120">
<Condition ConditionID="IsExchange" ConditionKey="2002081315421893"
    ConditionName="Is Exchange" ConditionType="PROCESS_MODELLING"
    ConditionValue="LineType = 'Exchange'" Createprogid="XMLMigrator"
    Createts="2020-02-19T13:26:13+00:00" Createuserid="SYSTEM"
    GroupId="" Lockid="0" Modifyprogid="XMLMigrator"
    Modifyts="2020-02-19T13:26:13+00:00" Modifyuserid="SYSTEM"
    OwnerKey="DEFAULT" OwnerType="" ProcessTypeKey="RETURN_FULFILLMENT"
    SeqNo="0" Type="STATIC"/>
<Condition ConditionID="DEFAULT_DROP_SHIP_CONDITION"
    ConditionKey="200211110928278001" ConditionName="Is Chained Line"
    ConditionType="PROCESS_MODELLING"
    ConditionValue="IsChainedLine = 'Y'" Createprogid="XMLMigrator"
    Createts="2020-02-19T13:26:13+00:00" Createuserid="SYSTEM"
    GroupId="Default" Lockid="0" Modifyprogid="XMLMigrator"
    Modifyts="2020-02-19T13:26:13+00:00" Modifyuserid="SYSTEM"
    OwnerKey="DEFAULT" OwnerType="" ProcessTypeKey="PO_FULFILLMENT"
    SeqNo="0" Type="STATIC"/>
<Condition ConditionID="DEFAULT_WMS" ConditionKey="200211110939408076"
    ConditionName="Is Shipment confirmed through WMS"
    ConditionType="PROCESS_MODELLING"
    ConditionValue="ShipNodeInterfaceType = 'WMS_YANTRA'"
    Createprogid="XMLMigrator" Createts="2020-02-19T13:26:13+00:00"
    Createuserid="SYSTEM" GroupId="" Lockid="0"
    Modifyprogid="XMLMigrator" Modifyts="2020-02-19T13:26:13+00:00"
    Modifyuserid="SYSTEM" OwnerKey="DEFAULT" OwnerType=""
    ProcessTypeKey="ORDER_FULFILLMENT" SeqNo="0" Type="STATIC"/>
<Condition ConditionID="hasNoVariance" ConditionKey="20030920164026501"
    ConditionName="has No Variance" ConditionType="PROCESS_MODELLING"
    ConditionValue="( IsItemLevel = 'Y'  AND HasVariance = 'N'  )  OR ( IsItemLevel = 'N'  AND HasAbsoluteVariance = 'N'  )"
    Createprogid="XMLMigrator" Createts="2020-02-19T13:30:07+00:00"
    Createuserid="SYSTEM" GroupId="Variance" Lockid="0"
    Modifyprogid="XMLMigrator" Modifyts="2020-02-19T13:30:07+00:00"
    Modifyuserid="SYSTEM" OwnerKey="DEFAULT" OwnerType=""
    ProcessTypeKey="COUNT_EXECUTION" SeqNo="0" Type="STATIC"/>
<Condition ConditionID="IsNotResolvable"
    ConditionKey="20030920164300502" ConditionName="Is Not Resolvable"
    ConditionType="PROCESS_MODELLING"
    ConditionValue="IsResolvable = 'N'" Createprogid="XMLMigrator"
    Createts="2020-02-19T13:30:07+00:00" Createuserid="SYSTEM"
    GroupId="Variance" Lockid="0" Modifyprogid="XMLMigrator"
    Modifyts="2020-02-19T13:30:07+00:00" Modifyuserid="SYSTEM"
    OwnerKey="DEFAULT" OwnerType="" ProcessTypeKey="COUNT_EXECUTION"
    SeqNo="0" Type="STATIC"/>
<Condition ConditionID="VarianceValue" ConditionKey="20030920164430503"
    ConditionName="variance Value" ConditionType="PROCESS_MODELLING"
    ConditionValue="AbsVarianceValue &lt; '50.0'"
    Createprogid="XMLMigrator" Createts="2020-02-19T13:30:07+00:00"
    Createuserid="SYSTEM" GroupId="Variance" Lockid="0"
    Modifyprogid="XMLMigrator" Modifyts="2020-02-19T13:30:07+00:00"
    Modifyuserid="SYSTEM" OwnerKey="DEFAULT" OwnerType=""
    ProcessTypeKey="COUNT_EXECUTION" SeqNo="0" Type="STATIC"/>
<Condition ConditionID="ESP Check Required"
    ConditionKey="2003110313373962502"
    ConditionName="ESP Check Required" ConditionType="PROCESS_MODELLING"
    ConditionValue="EspCheckRequired = 'Y'" Createprogid="XMLMigrator"
    Createts="2020-02-19T13:26:13+00:00" Createuserid="SYSTEM"
    GroupId="Default" Lockid="0" Modifyprogid="XMLMigrator"
    Modifyts="2020-02-19T13:26:13+00:00" Modifyuserid="SYSTEM"
    OwnerKey="DEFAULT" OwnerType="" ProcessTypeKey="ORDER_DELIVERY"
    SeqNo="0" Type="STATIC"/>
<Condition ConditionID="IsMasterBOL" ConditionKey="200311212041493509"
    ConditionName="Is Master BOL Required"
    ConditionType="PROCESS_MODELLING"
    ConditionValue="MultipleLoadStop = 'Y'" Createprogid="XMLMigrator"
    Createts="2020-02-19T13:26:13+00:00" Createuserid="SYSTEM"
    GroupId="Prints" Lockid="0" Modifyprogid="XMLMigrator"
    Modifyts="2020-02-19T13:26:13+00:00" Modifyuserid="SYSTEM"
    OwnerKey="DEFAULT" OwnerType="" ProcessTypeKey="LOAD_DELIVERY"
    SeqNo="0" Type="STATIC"/>
<Condition ConditionID="IsUPSN" ConditionKey="200312202135457028"
    ConditionName="Is UPSN" ConditionType="PROCESS_MODELLING"
    ConditionValue="Scac = 'UPSN'  OR Scac = 'UPSC'  OR Scac = 'UPSA'  OR Scac = 'UPSE'  OR Scac = 'UPSL'"
    Createprogid="XMLMigrator" Createts="2020-02-19T13:26:13+00:00"
    Createuserid="SYSTEM" GroupId="Prints" Lockid="0"
    Modifyprogid="XMLMigrator" Modifyts="2020-02-19T13:26:13+00:00"
    Modifyuserid="SYSTEM" OwnerKey="DEFAULT" OwnerType=""
    ProcessTypeKey="MANIFESTING" SeqNo="0" Type="STATIC"/>
<Condition ConditionID="DEFAULT_APP_CONSOLE"
    ConditionKey="200401151419335001"
    ConditionName="Shipment consolidation required"
    ConditionType="PROCESS_MODELLING"
    ConditionValue="ShipNodeInterfaceType = 'YFX'"
    Createprogid="XMLMigrator" Createts="2020-02-19T13:26:13+00:00"
    Createuserid="SYSTEM" GroupId="Default" Lockid="0"
    Modifyprogid="XMLMigrator" Modifyts="2020-02-19T13:26:13+00:00"
    Modifyuserid="SYSTEM" OwnerKey="DEFAULT" OwnerType=""
    ProcessTypeKey="PO_FULFILLMENT" SeqNo="0" Type="STATIC"/>
<Condition ConditionID="IsCountBatch" ConditionKey="200402181408425501"
    ConditionName="Is Count Batch" ConditionType="PROCESS_MODELLING"
    ConditionValue="ActivityGroupId = 'COUNT'"
    Createprogid="XMLMigrator" Createts="2020-02-19T13:30:07+00:00"
    Createuserid="SYSTEM" GroupId="Default" Lockid="0"
    Modifyprogid="XMLMigrator" Modifyts="2020-02-19T13:30:07+00:00"
    Modifyuserid="SYSTEM" OwnerKey="DEFAULT" OwnerType=""
    ProcessTypeKey="TASK_EXECUTION" SeqNo="0" Type="STATIC"/>
<Condition ConditionID="RoutingRequired"
    ConditionKey="200402200957083228" ConditionName="Routing Required"
    ConditionType="PROCESS_MODELLING"
    ConditionValue="RoutingGuideMaintained = '01'"
    Createprogid="XMLMigrator" Createts="2020-02-19T13:26:13+00:00"
    Createuserid="SYSTEM" GroupId="Default" Lockid="0"
    Modifyprogid="XMLMigrator" Modifyts="2020-02-19T13:26:13+00:00"
    Modifyuserid="SYSTEM" OwnerKey="DEFAULT" OwnerType=""
    ProcessTypeKey="ORDER_DELIVERY" SeqNo="0" Type="STATIC"/>
<Condition ConditionID="HasRequestedSerial"
    ConditionKey="200403291158543503"
    ConditionName="Has Requested Serial"
    ConditionType="PROCESS_MODELLING"
    ConditionValue="IsSerialRequested = 'Y'" Createprogid="XMLMigrator"
    Createts="2020-02-19T13:26:13+00:00" Createuserid="SYSTEM"
    GroupId="Default" Lockid="0" Modifyprogid="XMLMigrator"
    Modifyts="2020-02-19T13:26:13+00:00" Modifyuserid="SYSTEM"
    OwnerKey="DEFAULT" OwnerType="" ProcessTypeKey="ORDER_DELIVERY"
    SeqNo="0" Type="STATIC"/>
<Condition ConditionID="IsPhysicalCount"
    ConditionKey="200404301108123712" ConditionName="Is Physical Count"
    ConditionType="PROCESS_MODELLING"
    ConditionValue="RequestType = 'PHYSICAL-COUNT'"
    Createprogid="XMLMigrator" Createts="2020-02-19T13:30:07+00:00"
    Createuserid="SYSTEM" GroupId="Variance" Lockid="0"
    Modifyprogid="XMLMigrator" Modifyts="2020-02-19T13:30:07+00:00"
    Modifyuserid="SYSTEM" OwnerKey="DEFAULT" OwnerType=""
    ProcessTypeKey="COUNT_EXECUTION" SeqNo="0" Type="STATIC"/>
<Condition ConditionID="PRE_CALL_NOT_DONE"
    ConditionKey="200405241629262232" ConditionName="Pre-Call Not Done"
    ConditionType="PROCESS_MODELLING"
    ConditionValue="( PreCallStatus = 'PENDING'  OR PreCallStatus = 'FAILURE' )  AND OpenWorkOrderFlag = 'Y'"
    Createprogid="XMLMigrator" Createts="2020-02-19T13:26:13+00:00"
    Createuserid="SYSTEM" GroupId="PreCall" Lockid="0"
    Modifyprogid="XMLMigrator" Modifyts="2020-02-19T13:26:13+00:00"
    Modifyuserid="SYSTEM" OwnerKey="DEFAULT" OwnerType=""
    ProcessTypeKey="VAS" SeqNo="0" Type="STATIC"/>
<Condition ConditionID="SERVICE_NOT_COMPLETE"
    ConditionKey="200405241650192235" ConditionName="Service Not Ended"
    ConditionType="PROCESS_MODELLING"
    ConditionValue="OpenWorkOrderFlag = 'Y'" Createprogid="XMLMigrator"
    Createts="2020-02-19T13:26:13+00:00" Createuserid="SYSTEM"
    GroupId="Service Status" Lockid="0" Modifyprogid="XMLMigrator"
    Modifyts="2020-02-19T13:26:13+00:00" Modifyuserid="SYSTEM"
    OwnerKey="DEFAULT" OwnerType="" ProcessTypeKey="VAS" SeqNo="0" Type="STATIC"/>
<Condition ConditionID="IS-NODE-DCS-INTEGRATED"
    ConditionKey="200407081810093359"
    ConditionName="Is Node DCS Integrated"
    ConditionType="PROCESS_MODELLING"
    ConditionValue="ShipNodeInterfaceType = 'WMS_YANTRA'"
    Createprogid="XMLMigrator" Createts="2020-02-19T13:26:13+00:00"
    Createuserid="SYSTEM" GroupId="Default" Lockid="0"
    Modifyprogid="XMLMigrator" Modifyts="2020-02-19T13:26:13+00:00"
    Modifyuserid="SYSTEM" OwnerKey="DEFAULT" OwnerType=""
    ProcessTypeKey="PO_FULFILLMENT" SeqNo="0" Type="STATIC"/>
<Condition ConditionID="IS_SERVICE_OR_DELIVERY"
    ConditionKey="200502231737417438"
    ConditionName="Is Service Or Delivery"
    ConditionType="PROCESS_MODELLING"
    ConditionValue="ItemGroupCode = 'PS'  OR ItemGroupCode = 'DS'"
    Createprogid="XMLMigrator" Createts="2020-02-19T13:26:13+00:00"
    Createuserid="SYSTEM" GroupId="" Lockid="0"
    Modifyprogid="XMLMigrator" Modifyts="2020-02-19T13:26:13+00:00"
    Modifyuserid="SYSTEM" OwnerKey="DEFAULT" OwnerType=""
    ProcessTypeKey="ORDER_FULFILLMENT" SeqNo="0" Type="STATIC"/>
<Condition ConditionID="IsParcel" ConditionKey="200503041242206390"
    ConditionName="Is Parcel" ConditionType="PROCESS_MODELLING"
    ConditionValue="IsParcel = 'Y'" Createprogid="XMLMigrator"
    Createts="2020-02-19T13:26:13+00:00" Createuserid="SYSTEM"
    GroupId="Prints" Lockid="0" Modifyprogid="XMLMigrator"
    Modifyts="2020-02-19T13:26:13+00:00" Modifyuserid="SYSTEM"
    OwnerKey="DEFAULT" OwnerType="" ProcessTypeKey="MANIFESTING"
    SeqNo="0" Type="STATIC"/>
<Condition ConditionID="IsCntTaskGenerated"
    ConditionKey="200504181315244397"
    ConditionName="Is Count Task Generated"
    ConditionType="PROCESS_MODELLING"
    ConditionValue="IsCountTaskGenerated = 'Y'"
    Createprogid="XMLMigrator" Createts="2020-02-19T13:30:07+00:00"
    Createuserid="SYSTEM" GroupId="Task" Lockid="0"
    Modifyprogid="XMLMigrator" Modifyts="2020-02-19T13:30:07+00:00"
    Modifyuserid="SYSTEM" OwnerKey="DEFAULT" OwnerType=""
    ProcessTypeKey="COUNT_EXECUTION" SeqNo="0" Type="STATIC"/>
<Condition ConditionID="YCD_IS_ADDRESS_VERIFIED"
    ConditionKey="2005050517334587228"
    ConditionName="Is Address Verified?"
    ConditionType="PROCESS_MODELLING"
    ConditionValue="IsAddressVerified = 'Y'" Createprogid="XMLMigrator"
    Createts="2020-02-19T13:31:34+00:00" Createuserid="SYSTEM"
    GroupId="IBM Sterling Call Center and Store" Lockid="0"
    Modifyprogid="XMLMigrator" Modifyts="2020-02-19T13:31:34+00:00"
    Modifyuserid="SYSTEM" OwnerKey="DEFAULT" OwnerType=""
    ProcessTypeKey="ORDER_FULFILLMENT" SeqNo="0" Type="STATIC"/>
<Condition ConditionID="YCD_MULTIPLE_ADDRESS_RETURNED"
    ConditionKey="2005050616430098575"
    ConditionName="Multiple Addresses Returned?"
    ConditionType="PROCESS_MODELLING"
    ConditionValue="AVSReturnValue = 'MULTIPLE'"
    Createprogid="XMLMigrator" Createts="2020-02-19T13:31:34+00:00"
    Createuserid="SYSTEM" GroupId="IBM Sterling Call Center and Store"
    Lockid="0" Modifyprogid="XMLMigrator"
    Modifyts="2020-02-19T13:31:34+00:00" Modifyuserid="SYSTEM"
    OwnerKey="DEFAULT" OwnerType="" ProcessTypeKey="ORDER_FULFILLMENT"
    SeqNo="0" Type="STATIC"/>
<Condition ConditionID="YCD_IS_AVS_DOWN"
    ConditionKey="2005050617501899562" ConditionName="Is AVS Down?"
    ConditionType="PROCESS_MODELLING"
    ConditionValue="AVSReturnValue = 'AVS_DOWN'"
    Createprogid="XMLMigrator" Createts="2020-02-19T13:31:34+00:00"
    Createuserid="SYSTEM" GroupId="IBM Sterling Call Center and Store"
    Lockid="0" Modifyprogid="XMLMigrator"
    Modifyts="2020-02-19T13:31:34+00:00" Modifyuserid="SYSTEM"
    OwnerKey="DEFAULT" OwnerType="" ProcessTypeKey="ORDER_FULFILLMENT"
    SeqNo="0" Type="STATIC"/>
<Condition ConditionID="YCD_VALIDATE_CUSTOMER_EMAIL_ID"
    ConditionKey="20050512130818150649"
    ConditionName="Validate Customer EMail ID"
    ConditionType="PROCESS_MODELLING"
    ConditionValue="com.yantra.pca.ycd.condition.YCDValidateAttribute"
    Createprogid="XMLMigrator" Createts="2020-02-19T13:31:34+00:00"
    Createuserid="SYSTEM" GroupId="IBM Sterling Call Center and Store"
    Lockid="0" Modifyprogid="XMLMigrator"
    Modifyts="2020-02-19T13:31:34+00:00" Modifyuserid="SYSTEM"
    OwnerKey="DEFAULT" OwnerType="" ProcessTypeKey="ORDER_FULFILLMENT"
    SeqNo="0" Type="DYNAMIC"/>
<Condition ConditionID="YCD_VALIDATE_CUSTOMER_EMAIL_ID_MONITOR"
    ConditionKey="2005052516031857001"
    ConditionName="Validate Customer EMail ID For Monitor"
    ConditionType="PROCESS_MODELLING"
    ConditionValue="com.yantra.pca.ycd.condition.YCDValidateAttribute"
    Createprogid="XMLMigrator" Createts="2020-02-19T13:31:34+00:00"
    Createuserid="SYSTEM" GroupId="IBM Sterling Call Center and Store"
    Lockid="0" Modifyprogid="XMLMigrator"
    Modifyts="2020-02-19T13:31:34+00:00" Modifyuserid="SYSTEM"
    OwnerKey="DEFAULT" OwnerType="" ProcessTypeKey="ORDER_FULFILLMENT"
    SeqNo="0" Type="DYNAMIC"/>
<Condition ConditionID="YCD_ADDRESS_MODIFIED"
    ConditionKey="2005061408080521543"
    ConditionName="Has ShipTo/BillTo Address Modified?"
    ConditionType="PROCESS_MODELLING"
    ConditionValue="com.yantra.pca.ycd.condition.YCDValidateAttribute"
    Createprogid="XMLMigrator" Createts="2020-02-19T13:31:34+00:00"
    Createuserid="SYSTEM" GroupId="IBM Sterling Call Center and Store"
    Lockid="0" Modifyprogid="XMLMigrator"
    Modifyts="2020-02-19T13:31:34+00:00" Modifyuserid="SYSTEM"
    OwnerKey="DEFAULT" OwnerType="" ProcessTypeKey="ORDER_FULFILLMENT"
    SeqNo="0" Type="DYNAMIC"/>
<Condition ConditionID="YCD_ALL_ADDRESS_VERIFIED"
    ConditionKey="2005061418495443657"
    ConditionName="Are All Addresses Not Verified?"
    ConditionType="PROCESS_MODELLING"
    ConditionValue="AllAddressesVerified = 'N'"
    Createprogid="XMLMigrator" Createts="2020-02-19T13:31:34+00:00"
    Createuserid="SYSTEM" GroupId="IBM Sterling Call Center and Store"
    Lockid="0" Modifyprogid="XMLMigrator"
    Modifyts="2020-02-19T13:31:34+00:00" Modifyuserid="SYSTEM"
    OwnerKey="DEFAULT" OwnerType="" ProcessTypeKey="ORDER_FULFILLMENT"
    SeqNo="0" Type="STATIC"/>
<Condition ConditionID="YCD_HAS_ENTIRE_ORDER_BEEN_CANCELLED"
    ConditionKey="20050617155131183285"
    ConditionName="Has Entire Order Been Cancelled?"
    ConditionType="PROCESS_MODELLING"
    ConditionValue="com.yantra.pca.ycd.condition.YCDValidateOrderStatus"
    Createprogid="XMLMigrator" Createts="2020-02-19T13:31:34+00:00"
    Createuserid="SYSTEM" GroupId="IBM Sterling Call Center and Store"
    Lockid="0" Modifyprogid="XMLMigrator"
    Modifyts="2020-02-19T13:31:34+00:00" Modifyuserid="SYSTEM"
    OwnerKey="DEFAULT" OwnerType="" ProcessTypeKey="ORDER_FULFILLMENT"
    SeqNo="0" Type="DYNAMIC"/>
<Condition ConditionID="YCD_SRVC_UNAVAIL_FAILURE"
    ConditionKey="2005062110460311163"
    ConditionName="Collection Service Unavailable?"
    ConditionType="PROCESS_MODELLING"
    ConditionValue="FailureReasonCode = 'SERVICE_UNAVAILABLE'"
    Createprogid="XMLMigrator" Createts="2020-02-19T13:31:34+00:00"
    Createuserid="SYSTEM" GroupId="IBM Sterling Call Center and Store"
    Lockid="0" Modifyprogid="XMLMigrator"
    Modifyts="2020-02-19T13:31:34+00:00" Modifyuserid="SYSTEM"
    OwnerKey="DEFAULT" OwnerType="" ProcessTypeKey="ORDER_FULFILLMENT"
    SeqNo="0" Type="STATIC"/>
<Condition ConditionID="YCD_HARD_DECLINE_FAILURE"
    ConditionKey="2005062110481311164"
    ConditionName="Collection Request Hard Declined?"
    ConditionType="PROCESS_MODELLING"
    ConditionValue="FailureReasonCode = 'HARD_DECLINED'"
    Createprogid="XMLMigrator" Createts="2020-02-19T13:31:34+00:00"
    Createuserid="SYSTEM" GroupId="IBM Sterling Call Center and Store"
    Lockid="0" Modifyprogid="XMLMigrator"
    Modifyts="2020-02-19T13:31:34+00:00" Modifyuserid="SYSTEM"
    OwnerKey="DEFAULT" OwnerType="" ProcessTypeKey="ORDER_FULFILLMENT"
    SeqNo="0" Type="STATIC"/>
<Condition ConditionID="YCD_SOFT_DECLINE_FAILURE"
    ConditionKey="2005062110495511165"
    ConditionName="Collection Request Soft Declined?"
    ConditionType="PROCESS_MODELLING"
    ConditionValue="FailureReasonCode = 'SOFT_DECLINED'  OR FailureReasonCode = 'BANK_HOLD'  OR FailureReasonCode = 'DECLINED'"
    Createprogid="XMLMigrator" Createts="2020-02-19T13:31:34+00:00"
    Createuserid="SYSTEM" GroupId="IBM Sterling Call Center and Store"
    Lockid="0" Modifyprogid="XMLMigrator"
    Modifyts="2020-02-19T13:31:34+00:00" Modifyuserid="SYSTEM"
    OwnerKey="DEFAULT" OwnerType="" ProcessTypeKey="ORDER_FULFILLMENT"
    SeqNo="0" Type="STATIC"/>
<Condition ConditionID="YCD_AUTH_RETRY_LIMIT_FAILURE"
    ConditionKey="2005062110540711171"
    ConditionName="Collection Auth Attempts Limit Reached?"
    ConditionType="PROCESS_MODELLING"
    ConditionValue="FailureReasonCode = 'YCD_AUTH_RETRY_LIMIT'"
    Createprogid="XMLMigrator" Createts="2020-02-19T13:31:34+00:00"
    Createuserid="SYSTEM" GroupId="IBM Sterling Call Center and Store"
    Lockid="0" Modifyprogid="XMLMigrator"
    Modifyts="2020-02-19T13:31:34+00:00" Modifyuserid="SYSTEM"
    OwnerKey="DEFAULT" OwnerType="" ProcessTypeKey="ORDER_FULFILLMENT"
    SeqNo="0" Type="STATIC"/>
<Condition ConditionID="YCD_DUP_ORDER_HOLD"
    ConditionKey="200506231000364514"
    ConditionName="Is Duplicate Order Hold?"
    ConditionType="PROCESS_MODELLING"
    ConditionValue="com.yantra.pca.ycd.condition.YCDValidateAttribute"
    Createprogid="XMLMigrator" Createts="2020-02-19T13:31:34+00:00"
    Createuserid="SYSTEM" GroupId="IBM Sterling Call Center and Store"
    Lockid="0" Modifyprogid="XMLMigrator"
    Modifyts="2020-02-19T13:31:34+00:00" Modifyuserid="SYSTEM"
    OwnerKey="DEFAULT" OwnerType="" ProcessTypeKey="ORDER_FULFILLMENT"
    SeqNo="0" Type="DYNAMIC"/>
<Condition ConditionID="YCD_FRAUD_ORDER_HOLD"
    ConditionKey="200506231016004577"
    ConditionName="Is Fraud Check Hold?"
    ConditionType="PROCESS_MODELLING"
    ConditionValue="com.yantra.pca.ycd.condition.YCDValidateAttribute"
    Createprogid="XMLMigrator" Createts="2020-02-19T13:31:34+00:00"
    Createuserid="SYSTEM" GroupId="IBM Sterling Call Center and Store"
    Lockid="0" Modifyprogid="XMLMigrator"
    Modifyts="2020-02-19T13:31:34+00:00" Modifyuserid="SYSTEM"
    OwnerKey="DEFAULT" OwnerType="" ProcessTypeKey="ORDER_FULFILLMENT"
    SeqNo="0" Type="DYNAMIC"/>
<Condition ConditionID="YCD_LINE_ADDRESS_MODIFIED"
    ConditionKey="2005070517550618890"
    ConditionName="Has Line ShipTo/BillTo Address Modified?"
    ConditionType="PROCESS_MODELLING"
    ConditionValue="com.yantra.pca.ycd.condition.YCDValidateAttribute"
    Createprogid="XMLMigrator" Createts="2020-02-19T13:31:34+00:00"
    Createuserid="SYSTEM" GroupId="IBM Sterling Call Center and Store"
    Lockid="0" Modifyprogid="XMLMigrator"
    Modifyts="2020-02-19T13:31:34+00:00" Modifyuserid="SYSTEM"
    OwnerKey="DEFAULT" OwnerType="" ProcessTypeKey="ORDER_FULFILLMENT"
    SeqNo="0" Type="DYNAMIC"/>
<Condition ConditionID="YCD_HOLD_TYPE_LOG_NOTE"
    ConditionKey="2006030720375211657"
    ConditionName="Should Hold Type Notes Be Logged?"
    ConditionType="PROCESS_MODELLING"
    ConditionValue="Status = '1200'  OR FromStatus = '1200'"
    Createprogid="XMLMigrator" Createts="2020-02-19T13:31:34+00:00"
    Createuserid="SYSTEM" GroupId="IBM Sterling Call Center and Store"
    Lockid="0" Modifyprogid="XMLMigrator"
    Modifyts="2020-02-19T13:31:34+00:00" Modifyuserid="SYSTEM"
    OwnerKey="DEFAULT" OwnerType="" ProcessTypeKey="ORDER_FULFILLMENT"
    SeqNo="0" Type="STATIC"/>
<Condition ConditionID="Container Group Is SHIPMENT"
    ConditionKey="200603230723115551"
    ConditionName="Container Group Is SHIPMENT"
    ConditionType="PROCESS_MODELLING"
    ConditionValue="ContainerGroup = 'SHIPMENT'"
    Createprogid="XMLMigrator" Createts="2020-02-19T13:26:13+00:00"
    Createuserid="SYSTEM" GroupId="Default" Lockid="0"
    Modifyprogid="XMLMigrator" Modifyts="2020-02-19T13:26:13+00:00"
    Modifyuserid="SYSTEM" OwnerKey="DEFAULT" OwnerType=""
    ProcessTypeKey="PACK" SeqNo="0" Type="STATIC"/>
<Condition ConditionID="YCD_RETURN_REQUIRED"
    ConditionKey="2006041010402613128" ConditionName="Return Required?"
    ConditionType="PROCESS_MODELLING"
    ConditionValue="LineType = 'Credit'" Createprogid="XMLMigrator"
    Createts="2020-02-19T13:31:34+00:00" Createuserid="SYSTEM"
    GroupId="" Lockid="0" Modifyprogid="XMLMigrator"
    Modifyts="2020-02-19T13:31:34+00:00" Modifyuserid="SYSTEM"
    OwnerKey="DEFAULT" OwnerType="" ProcessTypeKey="RETURN_FULFILLMENT"
    SeqNo="0" Type="STATIC"/>
<Condition ConditionID="ITEM_GROUP_CODE_EQUALTO_PROD_OR_PS"
    ConditionKey="2006053020150247649"
    ConditionName="Is Item Group Code equal to PROD or PS"
    ConditionType="PROCESS_MODELLING"
    ConditionValue="ItemGroupCode = 'PROD'  OR ItemGroupCode = 'PS'"
    Createprogid="XMLMigrator" Createts="2020-02-19T13:31:34+00:00"
    Createuserid="SYSTEM" GroupId="IBM Sterling Call Center and Store"
    Lockid="0" Modifyprogid="XMLMigrator"
    Modifyts="2020-02-19T13:31:34+00:00" Modifyuserid="SYSTEM"
    OwnerKey="DEFAULT" OwnerType="" ProcessTypeKey="ORDER_FULFILLMENT"
    SeqNo="0" Type="STATIC"/>
<Condition ConditionID="is Bundle Parent"
    ConditionKey="20060606091158112062" ConditionName="Is Bundle Parent"
    ConditionType="PROCESS_MODELLING"
    ConditionValue="IsBundleParent = 'Y'" Createprogid="XMLMigrator"
    Createts="2020-02-19T13:26:13+00:00" Createuserid="SYSTEM"
    GroupId="" Lockid="0" Modifyprogid="XMLMigrator"
    Modifyts="2020-02-19T13:26:13+00:00" Modifyuserid="SYSTEM"
    OwnerKey="DEFAULT" OwnerType="" ProcessTypeKey="ORDER_FULFILLMENT"
    SeqNo="0" Type="STATIC"/>
<Condition ConditionID="Is Bundle Parent"
    ConditionKey="2006061918005628535" ConditionName="Is Bundle Parent"
    ConditionType="PROCESS_MODELLING"
    ConditionValue="IsBundleParent = 'Y'" Createprogid="XMLMigrator"
    Createts="2020-02-19T13:26:13+00:00" Createuserid="SYSTEM"
    GroupId="" Lockid="0" Modifyprogid="XMLMigrator"
    Modifyts="2020-02-19T13:26:13+00:00" Modifyuserid="SYSTEM"
    OwnerKey="DEFAULT" OwnerType="" ProcessTypeKey="RETURN_FULFILLMENT"
    SeqNo="0" Type="STATIC"/>
<Condition ConditionID="Is Bundle Parent"
    ConditionKey="2006062009353430189" ConditionName="Is Bundle Parent"
    ConditionType="PROCESS_MODELLING"
    ConditionValue="IsBundleParent = 'Y'" Createprogid="XMLMigrator"
    Createts="2020-02-19T13:26:13+00:00" Createuserid="SYSTEM"
    GroupId="Default" Lockid="0" Modifyprogid="XMLMigrator"
    Modifyts="2020-02-19T13:26:13+00:00" Modifyuserid="SYSTEM"
    OwnerKey="DEFAULT" OwnerType="" ProcessTypeKey="PO_FULFILLMENT"
    SeqNo="0" Type="STATIC"/>
<Condition ConditionID="Is Drop Ship and Bundle Parent"
    ConditionKey="2006062009413030190"
    ConditionName="Is Drop Ship and Bundle Parent"
    ConditionType="PROCESS_MODELLING"
    ConditionValue="IsBundleParent = 'Y'  AND ChainType = 'DROP_SHIP'"
    Createprogid="XMLMigrator" Createts="2020-02-19T13:26:13+00:00"
    Createuserid="SYSTEM" GroupId="Default" Lockid="0"
    Modifyprogid="XMLMigrator" Modifyts="2020-02-19T13:26:13+00:00"
    Modifyuserid="SYSTEM" OwnerKey="DEFAULT" OwnerType=""
    ProcessTypeKey="PO_FULFILLMENT" SeqNo="0" Type="STATIC"/>
<Condition ConditionID="IsShipment" ConditionKey="200606221213259608"
    ConditionName="Is Shipment" ConditionType="PROCESS_MODELLING"
    ConditionValue="EntityName = 'YFS_Shipment' OR EntityName = 'YFS_SHIPMENT'"
    Createprogid="XMLMigrator" Createts="2020-02-19T13:26:13+00:00"
    Createuserid="SYSTEM" GroupId="Default" Lockid="0"
    Modifyprogid="XMLMigrator" Modifyts="2020-02-19T13:26:13+00:00"
    Modifyuserid="SYSTEM" OwnerKey="DEFAULT" OwnerType=""
    ProcessTypeKey="RESOURCE_PLANNING" SeqNo="0" Type="STATIC"/>
<Condition ConditionID="Shipment Is Not Going To BBN"
    ConditionKey="200606221213259609"
    ConditionName="Shipment Is Not Going To BBN"
    ConditionType="PROCESS_MODELLING"
    ConditionValue="IsShipmentGoingToBBN = 'N'"
    Createprogid="XMLMigrator" Createts="2020-02-19T13:26:13+00:00"
    Createuserid="SYSTEM" GroupId="Prints" Lockid="0"
    Modifyprogid="XMLMigrator" Modifyts="2020-02-19T13:26:13+00:00"
    Modifyuserid="SYSTEM" OwnerKey="DEFAULT" OwnerType=""
    ProcessTypeKey="MANIFESTING" SeqNo="0" Type="STATIC"/>
<Condition ConditionID="IsMyNode" ConditionKey="200607061331364843"
    ConditionName="Is My Node" ConditionType="PROCESS_MODELLING"
    ConditionValue="OrganizationCode = 'MyNode'"
    Createprogid="XMLMigrator" Createts="2020-02-19T13:26:13+00:00"
    Createuserid="SYSTEM" GroupId="Default" Lockid="0"
    Modifyprogid="XMLMigrator" Modifyts="2020-02-19T13:26:13+00:00"
    Modifyuserid="SYSTEM" OwnerKey="DEFAULT" OwnerType=""
    ProcessTypeKey="TASK_EXECUTION" SeqNo="0" Type="STATIC"/>
<Condition ConditionID="IsAgentCriteriaDefined"
    ConditionKey="200607061420204861"
    ConditionName="Is Agent Criteria Defined"
    ConditionType="PROCESS_MODELLING" ConditionValue="Defined = 'Y'"
    Createprogid="XMLMigrator" Createts="2020-02-19T13:26:13+00:00"
    Createuserid="SYSTEM" GroupId="Default" Lockid="0"
    Modifyprogid="XMLMigrator" Modifyts="2020-02-19T13:26:13+00:00"
    Modifyuserid="SYSTEM" OwnerKey="DEFAULT" OwnerType=""
    ProcessTypeKey="TASK_EXECUTION" SeqNo="0" Type="STATIC"/>
<Condition ConditionID="IsBatch" ConditionKey="200607150058198038"
    ConditionName="Is Batch" ConditionType="PROCESS_MODELLING"
    ConditionValue="IsBatch = 'Y'" Createprogid="XMLMigrator"
    Createts="2020-02-19T13:26:13+00:00" Createuserid="SYSTEM"
    GroupId="Default" Lockid="0" Modifyprogid="XMLMigrator"
    Modifyts="2020-02-19T13:26:13+00:00" Modifyuserid="SYSTEM"
    OwnerKey="DEFAULT" OwnerType="" ProcessTypeKey="TASK_EXECUTION"
    SeqNo="0" Type="STATIC"/>
<Condition ConditionID="Is Drop Ship" ConditionKey="200609131139564901"
    ConditionName="Is Drop Ship" ConditionType="PROCESS_MODELLING"
    ConditionValue="ChainType = 'DROP_SHIP'" Createprogid="XMLMigrator"
    Createts="2020-02-19T13:26:13+00:00" Createuserid="SYSTEM"
    GroupId="Default" Lockid="0" Modifyprogid="XMLMigrator"
    Modifyts="2020-02-19T13:26:13+00:00" Modifyuserid="SYSTEM"
    OwnerKey="DEFAULT" OwnerType="" ProcessTypeKey="PO_FULFILLMENT"
    SeqNo="0" Type="STATIC"/>
<Condition ConditionID="HasValidRouting"
    ConditionKey="20060920164026501" ConditionName="Has Valid Routing"
    ConditionType="PROCESS_MODELLING" ConditionValue="Scac &lt;> ' '"
    Createprogid="XMLMigrator" Createts="2020-02-19T13:26:13+00:00"
    Createuserid="SYSTEM" GroupId="Pick Filters" Lockid="0"
    Modifyprogid="XMLMigrator" Modifyts="2020-02-19T13:26:13+00:00"
    Modifyuserid="SYSTEM" OwnerKey="DEFAULT" OwnerType=""
    ProcessTypeKey="ORDER_DELIVERY" SeqNo="0" Type="STATIC"/>
<Condition ConditionID="Is Provided Service or Pickup Service"
    ConditionKey="2006101612060411084"
    ConditionName="Is Provided Service or Pickup Service"
    ConditionType="PROCESS_MODELLING"
    ConditionValue="ItemGroupCode = 'DS'  OR ItemGroupCode = 'PS'"
    Createprogid="XMLMigrator" Createts="2020-02-19T13:26:13+00:00"
    Createuserid="SYSTEM" GroupId="" Lockid="0"
    Modifyprogid="XMLMigrator" Modifyts="2020-02-19T13:26:13+00:00"
    Modifyuserid="SYSTEM" OwnerKey="DEFAULT" OwnerType=""
    ProcessTypeKey="RETURN_FULFILLMENT" SeqNo="0" Type="STATIC"/>
<Condition ConditionID="IsSingleUnitShipment"
    ConditionKey="20061020164026501"
    ConditionName="Is Single Unit Shipment"
    ConditionType="PROCESS_MODELLING"
    ConditionValue="TotalQuantity = '1.0'" Createprogid="XMLMigrator"
    Createts="2020-02-19T13:26:13+00:00" Createuserid="SYSTEM"
    GroupId="Pick Filters" Lockid="0" Modifyprogid="XMLMigrator"
    Modifyts="2020-02-19T13:26:13+00:00" Modifyuserid="SYSTEM"
    OwnerKey="DEFAULT" OwnerType="" ProcessTypeKey="ORDER_DELIVERY"
    SeqNo="0" Type="STATIC"/>
<Condition ConditionID="Shipment Is Not Packed"
    ConditionKey="2006111715045282696"
    ConditionName="Shipment Is Not Packed"
    ConditionType="PROCESS_MODELLING"
    ConditionValue="IsProductPlacingComplete &lt;> 'Y'  AND ShipmentConfirmUpdatesDone &lt;> 'Y'"
    Createprogid="XMLMigrator" Createts="2020-02-19T13:26:13+00:00"
    Createuserid="SYSTEM" GroupId="Default" Lockid="0"
    Modifyprogid="XMLMigrator" Modifyts="2020-02-19T13:26:13+00:00"
    Modifyuserid="SYSTEM" OwnerKey="DEFAULT" OwnerType=""
    ProcessTypeKey="ORDER_DELIVERY" SeqNo="0" Type="STATIC"/>
<Condition ConditionID="HasPickupDockAppointment"
    ConditionKey="20061120164026501"
    ConditionName="Has Valid Pickup DockAppointment"
    ConditionType="PROCESS_MODELLING"
    ConditionValue="HasPickupDockAppointment = 'Y'"
    Createprogid="XMLMigrator" Createts="2020-02-19T13:26:13+00:00"
    Createuserid="SYSTEM" GroupId="Pick Filters" Lockid="0"
    Modifyprogid="XMLMigrator" Modifyts="2020-02-19T13:26:13+00:00"
    Modifyuserid="SYSTEM" OwnerKey="DEFAULT" OwnerType=""
    ProcessTypeKey="ORDER_DELIVERY" SeqNo="0" Type="STATIC"/>
<Condition ConditionID="YCD_FTC_FIRST_NOTIFICATION_NEEDED"
    ConditionKey="20070802084301341068"
    ConditionName="First FTC Notification Is Needed?"
    ConditionType="PROCESS_MODELLING"
    ConditionValue="com.yantra.pca.ycd.condition.YCDFTCIsNotificationNeeded"
    Createprogid="XMLMigrator" Createts="2020-02-19T13:31:34+00:00"
    Createuserid="SYSTEM" GroupId="IBM Sterling Call Center and Store"
    Lockid="0" Modifyprogid="XMLMigrator"
    Modifyts="2020-02-19T13:31:34+00:00" Modifyuserid="SYSTEM"
    OwnerKey="DEFAULT" OwnerType="" ProcessTypeKey="ORDER_FULFILLMENT"
    ReturnType="boolean" SeqNo="0" Type="DYNAMIC"/>
<Condition ConditionID="YCD_FTC_NEXT_NOTIFICATION_NEEDED"
    ConditionKey="20070802084847341073"
    ConditionName="Next FTC Notification Is Needed?"
    ConditionType="PROCESS_MODELLING"
    ConditionValue="com.yantra.pca.ycd.condition.YCDFTCIsNotificationNeeded"
    Createprogid="XMLMigrator" Createts="2020-02-19T13:31:34+00:00"
    Createuserid="SYSTEM" GroupId="IBM Sterling Call Center and Store"
    Lockid="0" Modifyprogid="XMLMigrator"
    Modifyts="2020-02-19T13:31:34+00:00" Modifyuserid="SYSTEM"
    OwnerKey="DEFAULT" OwnerType="" ProcessTypeKey="ORDER_FULFILLMENT"
    ReturnType="boolean" SeqNo="0" Type="DYNAMIC"/>
<Condition ConditionID="IsFirstFTCDelay"
    ConditionKey="2007090510253930059"
    ConditionName="Is First FTC Delay" ConditionType="PROCESS_MODELLING"
    ConditionValue="FTCAlertType = 'FirstFTCDelay'"
    Createprogid="XMLMigrator" Createts="2020-02-19T13:31:34+00:00"
    Createuserid="SYSTEM" GroupId="IBM Sterling Call Center and Store"
    Lockid="0" Modifyprogid="XMLMigrator"
    Modifyts="2020-02-19T13:31:34+00:00" Modifyuserid="SYSTEM"
    OwnerKey="DEFAULT" OwnerType="" ProcessTypeKey="ORDER_FULFILLMENT"
    SeqNo="0" Type="STATIC"/>
<Condition ConditionID="IsNextFTCDelay"
    ConditionKey="2007090510284530075" ConditionName="Is Next FTC Delay"
    ConditionType="PROCESS_MODELLING"
    ConditionValue="FTCAlertType = 'NextFTCDelay'"
    Createprogid="XMLMigrator" Createts="2020-02-19T13:31:34+00:00"
    Createuserid="SYSTEM" GroupId="IBM Sterling Call Center and Store"
    Lockid="0" Modifyprogid="XMLMigrator"
    Modifyts="2020-02-19T13:31:34+00:00" Modifyuserid="SYSTEM"
    OwnerKey="DEFAULT" OwnerType="" ProcessTypeKey="ORDER_FULFILLMENT"
    SeqNo="0" Type="STATIC"/>
<Condition ConditionID="IsIndefiniteFTCDelay"
    ConditionKey="2007090510295530076"
    ConditionName="Is Indefinite FTC Delay"
    ConditionType="PROCESS_MODELLING"
    ConditionValue="FTCAlertType = 'IndefiniteFTCDelay'"
    Createprogid="XMLMigrator" Createts="2020-02-19T13:31:34+00:00"
    Createuserid="SYSTEM" GroupId="IBM Sterling Call Center and Store"
    Lockid="0" Modifyprogid="XMLMigrator"
    Modifyts="2020-02-19T13:31:34+00:00" Modifyuserid="SYSTEM"
    OwnerKey="DEFAULT" OwnerType="" ProcessTypeKey="ORDER_FULFILLMENT"
    SeqNo="0" Type="STATIC"/>
<Condition ConditionID="YCD_FTC_INDEFINITE_NOTIFICATION_NEEDED"
    ConditionKey="2007090717240881050"
    ConditionName="Indefinite FTC Notification Is Needed?"
    ConditionType="PROCESS_MODELLING"
    ConditionValue="com.yantra.pca.ycd.condition.YCDFTCIsNotificationNeeded"
    Createprogid="XMLMigrator" Createts="2020-02-19T13:31:34+00:00"
    Createuserid="SYSTEM" GroupId="IBM Sterling Call Center and Store"
    Lockid="0" Modifyprogid="XMLMigrator"
    Modifyts="2020-02-19T13:31:34+00:00" Modifyuserid="SYSTEM"
    OwnerKey="DEFAULT" OwnerType="" ProcessTypeKey="ORDER_FULFILLMENT"
    ReturnType="boolean" SeqNo="0" Type="DYNAMIC"/>
<Condition ConditionID="CUST_SYNCABLE"
    ConditionKey="20070914145759106001"
    ConditionName="Is Customer Valid for Synching"
    ConditionType="PROCESS_MODELLING"
    ConditionValue="CustomerType = '02'  AND UserID >= '0'  AND IsSyncRequired &lt;> 'N'"
    Createprogid="XMLMigrator" Createts="2020-02-19T13:26:13+00:00"
    Createuserid="SYSTEM" GroupId="Sync Conditions" Lockid="0"
    Modifyprogid="XMLMigrator" Modifyts="2020-02-19T13:26:13+00:00"
    Modifyuserid="SYSTEM" OwnerKey="DEFAULT" OwnerType=""
    ProcessTypeKey="GENERAL" SeqNo="0" Type="STATIC"/>
<Condition ConditionID="Item_Valid_For_Synch"
    ConditionKey="20070920155131221078"
    ConditionName="Is Item Valid for Synching"
    ConditionType="PROCESS_MODELLING"
    ConditionValue="ItemGroupCode = 'PROD'  AND KitCode &lt;> 'DPK'  AND KitCode &lt;> 'LK'"
    Createprogid="XMLMigrator" Createts="2020-02-19T13:26:13+00:00"
    Createuserid="SYSTEM" GroupId="Sync Conditions" Lockid="0"
    Modifyprogid="XMLMigrator" Modifyts="2020-02-19T13:26:13+00:00"
    Modifyuserid="SYSTEM" OwnerKey="DEFAULT" OwnerType=""
    ProcessTypeKey="GENERAL" SeqNo="0" Type="STATIC"/>
<Condition ConditionID="OPERATION_DELETE"
    ConditionKey="20070921075056225594"
    ConditionName="Is Operation Delete"
    ConditionType="PROCESS_MODELLING"
    ConditionValue="Operation = 'Delete'" Createprogid="XMLMigrator"
    Createts="2020-02-19T13:26:13+00:00" Createuserid="SYSTEM"
    GroupId="Sync Conditions" Lockid="0" Modifyprogid="XMLMigrator"
    Modifyts="2020-02-19T13:26:13+00:00" Modifyuserid="SYSTEM"
    OwnerKey="DEFAULT" OwnerType="" ProcessTypeKey="GENERAL" SeqNo="0" Type="STATIC"/>
<Condition ConditionID="ACTION_DELETE"
    ConditionKey="2007092716055553001" ConditionName="Is Action Delete"
    ConditionType="PROCESS_MODELLING" ConditionValue="Action = 'Delete'"
    Createprogid="XMLMigrator" Createts="2020-02-19T13:26:13+00:00"
    Createuserid="SYSTEM" GroupId="Sync Conditions" Lockid="0"
    Modifyprogid="XMLMigrator" Modifyts="2020-02-19T13:26:13+00:00"
    Modifyuserid="SYSTEM" OwnerKey="DEFAULT" OwnerType=""
    ProcessTypeKey="GENERAL" SeqNo="0" Type="STATIC"/>
<Condition ConditionID="IS_SYNC_REQUIRED"
    ConditionKey="2007092817553461021" ConditionName="Is Sync Required"
    ConditionType="PROCESS_MODELLING"
    ConditionValue="IsSyncRequired &lt;> 'N'" Createprogid="XMLMigrator"
    Createts="2020-02-19T13:26:13+00:00" Createuserid="SYSTEM"
    GroupId="Sync Conditions" Lockid="0" Modifyprogid="XMLMigrator"
    Modifyts="2020-02-19T13:26:13+00:00" Modifyuserid="SYSTEM"
    OwnerKey="DEFAULT" OwnerType="" ProcessTypeKey="GENERAL" SeqNo="0" Type="STATIC"/>
<Condition ConditionID="DEFAULT_STORE"
    ConditionKey="2007121344463945790" ConditionName="Is Store?"
    ConditionType="PROCESS_MODELLING"
    ConditionValue="NodeType = 'Store'" Createprogid="XMLMigrator"
    Createts="2020-02-19T13:32:24+00:00" Createuserid="SYSTEM"
    GroupId="Store" Lockid="0" Modifyprogid="XMLMigrator"
    Modifyts="2020-02-19T13:32:24+00:00" Modifyuserid="SYSTEM"
    OwnerKey="DEFAULT" OwnerType="" ProcessTypeKey="ORDER_DELIVERY"
    SeqNo="0" Type="STATIC"/>
<Condition ConditionID="YCDIsInDraftStatus"
    ConditionKey="2008031511120478507"
    ConditionName="Is In Draft Status" ConditionType="PROCESS_MODELLING"
    ConditionValue="DraftOrderFlag = 'Y'" Createprogid="XMLMigrator"
    Createts="2020-02-19T13:31:34+00:00" Createuserid="SYSTEM"
    GroupId="IBM Sterling Call Center and Store" Lockid="0"
    Modifyprogid="XMLMigrator" Modifyts="2020-02-19T13:31:34+00:00"
    Modifyuserid="SYSTEM" OwnerKey="DEFAULT" OwnerType=""
    ProcessTypeKey="ORDER_FULFILLMENT" SeqNo="0" Type="STATIC"/>
<Condition ConditionID="YCDIsBlindReturn"
    ConditionKey="20080401101351270535" ConditionName="Is Blind Return"
    ConditionType="PROCESS_MODELLING"
    ConditionValue="OrderHeaderKey = 'YCD_BLIND'"
    Createprogid="XMLMigrator" Createts="2020-02-19T13:32:24+00:00"
    Createuserid="SYSTEM" GroupId="SyncConditions" Lockid="0"
    Modifyprogid="XMLMigrator" Modifyts="2020-02-19T13:32:24+00:00"
    Modifyuserid="SYSTEM" OwnerKey="DEFAULT" OwnerType=""
    ProcessTypeKey="GENERAL" SeqNo="0" Type="STATIC"/>
<Condition ConditionID="DEFAULT_IsPickupAtStore"
    ConditionKey="2008120144463945791"
    ConditionName="Is Pickup at a Store"
    ConditionType="PROCESS_MODELLING"
    ConditionValue="DeliveryMethod = 'PICK' AND NodeType = 'Store'"
    Createprogid="XMLMigrator" Createts="2020-02-19T13:32:24+00:00"
    Createuserid="SYSTEM" GroupId="Store" Lockid="0"
    Modifyprogid="XMLMigrator" Modifyts="2020-02-19T13:32:24+00:00"
    Modifyuserid="SYSTEM" OwnerKey="DEFAULT" OwnerType=""
    ProcessTypeKey="ORDER_DELIVERY" SeqNo="0" Type="STATIC"/>
<Condition ConditionID="YCD_APPROVER_EMAILS"
    ConditionKey="2009010515582020955"
    ConditionName="Is Approver Email Defined?"
    ConditionType="PROCESS_MODELLING"
    ConditionValue="com.yantra.pca.ycd.condition.YCDValidateAttribute"
    Createprogid="XMLMigrator" Createts="2020-02-19T13:31:34+00:00"
    Createuserid="SYSTEM" GroupId="IBM Sterling Call Center and Store"
    Lockid="0" Modifyprogid="XMLMigrator"
    Modifyts="2020-02-19T13:31:34+00:00" Modifyuserid="SYSTEM"
    OwnerKey="DEFAULT" OwnerType="" ProcessTypeKey="ORDER_FULFILLMENT"
    ReturnType="boolean" SeqNo="0" Type="DYNAMIC"/>
<Condition ConditionID="YCD_IS_ORDER_APPROVAL_HOLD"
    ConditionKey="2009010516142121195"
    ConditionName="Is Order Approval Hold"
    ConditionType="PROCESS_MODELLING"
    ConditionValue="com.yantra.pca.ycd.condition.YCDValidateOrderApprovalHoldType"
    Createprogid="XMLMigrator" Createts="2020-02-19T13:31:34+00:00"
    Createuserid="SYSTEM" GroupId="IBM Sterling Call Center and Store"
    Lockid="0" Modifyprogid="XMLMigrator"
    Modifyts="2020-02-19T13:31:34+00:00" Modifyuserid="SYSTEM"
    OwnerKey="DEFAULT" OwnerType="" ProcessTypeKey="ORDER_FULFILLMENT"
    ReturnType="boolean" SeqNo="0" Type="DYNAMIC"/>
<Condition ConditionID="YCD_VALIDATE_EMAIL_IDS"
    ConditionKey="2009011515230874065"
    ConditionName="Are Email Addresses Valid"
    ConditionType="PROCESS_MODELLING"
    ConditionValue="com.yantra.pca.ycd.condition.YCDValidateAttribute"
    Createprogid="XMLMigrator" Createts="2020-02-19T13:31:34+00:00"
    Createuserid="SYSTEM" GroupId="IBM Sterling Call Center and Store"
    Lockid="0" Modifyprogid="XMLMigrator"
    Modifyts="2020-02-19T13:31:34+00:00" Modifyuserid="SYSTEM"
    OwnerKey="DEFAULT" OwnerType="" ProcessTypeKey="ORDER_FULFILLMENT"
    ReturnType="boolean" SeqNo="0" Type="DYNAMIC"/>
<Condition ConditionID="IsOpenHold" ConditionKey="2009012414043672331"
    ConditionName="Is Active Hold" ConditionType="PROCESS_MODELLING"
    ConditionValue="Status = '1100'" Createprogid="XMLMigrator"
    Createts="2020-02-19T13:31:34+00:00" Createuserid="SYSTEM"
    GroupId="IBM Sterling Call Center and Store" Lockid="0"
    Modifyprogid="XMLMigrator" Modifyts="2020-02-19T13:31:34+00:00"
    Modifyuserid="SYSTEM" OwnerKey="DEFAULT" OwnerType=""
    ProcessTypeKey="ORDER_FULFILLMENT" SeqNo="0" Type="STATIC"/>
<Condition ConditionID="IsHoldRevoked"
    ConditionKey="2009012414063672334" ConditionName="Is Hold Revoked"
    ConditionType="PROCESS_MODELLING" ConditionValue="Status = '1200'"
    Createprogid="XMLMigrator" Createts="2020-02-19T13:31:34+00:00"
    Createuserid="SYSTEM" GroupId="IBM Sterling Call Center and Store"
    Lockid="0" Modifyprogid="XMLMigrator"
    Modifyts="2020-02-19T13:31:34+00:00" Modifyuserid="SYSTEM"
    OwnerKey="DEFAULT" OwnerType="" ProcessTypeKey="ORDER_FULFILLMENT"
    SeqNo="0" Type="STATIC"/>
<Condition ConditionID="YCD_User_Email_Exists"
    ConditionKey="2009031714444930988" ConditionName="User Email Exists"
    ConditionType="PROCESS_MODELLING"
    ConditionValue="com.yantra.pca.ycd.condition.YCDValidateAttribute"
    Createprogid="XMLMigrator" Createts="2020-02-19T13:31:34+00:00"
    Createuserid="SYSTEM" GroupId="UserConditions" Lockid="0"
    Modifyprogid="XMLMigrator" Modifyts="2020-02-19T13:31:34+00:00"
    Modifyuserid="SYSTEM" OwnerKey="DEFAULT" OwnerType=""
    ProcessTypeKey="GENERAL" ReturnType="boolean" SeqNo="0" Type="DYNAMIC"/>
<Condition ConditionID="YCD_EXTERNAL_USER"
    ConditionKey="2009031810545832337" ConditionName="Is External User"
    ConditionType="PROCESS_MODELLING"
    ConditionValue="Usertype = 'EXTERNAL'" Createprogid="XMLMigrator"
    Createts="2020-02-19T13:31:34+00:00" Createuserid="SYSTEM"
    GroupId="UserConditions" Lockid="0" Modifyprogid="XMLMigrator"
    Modifyts="2020-02-19T13:31:34+00:00" Modifyuserid="SYSTEM"
    OwnerKey="DEFAULT" OwnerType="" ProcessTypeKey="GENERAL" SeqNo="0" Type="STATIC"/>
<Condition ConditionID="YCD_RESET_TYPE"
    ConditionKey="2009031810554332340"
    ConditionName="Is Reset Type Email?"
    ConditionType="PROCESS_MODELLING"
    ConditionValue="ResetType = 'Email'" Createprogid="XMLMigrator"
    Createts="2020-02-19T13:31:34+00:00" Createuserid="SYSTEM"
    GroupId="UserConditions" Lockid="0" Modifyprogid="XMLMigrator"
    Modifyts="2020-02-19T13:31:34+00:00" Modifyuserid="SYSTEM"
    OwnerKey="DEFAULT" OwnerType="" ProcessTypeKey="GENERAL" SeqNo="0" Type="STATIC"/>
<Condition ConditionID="IsSpecialRequest"
    ConditionKey="2009103012373729491"
    ConditionName="Is Special Request" ConditionType="PROCESS_MODELLING"
    ConditionValue="SpecialRequestItem = 'Y'" Createprogid="XMLMigrator"
    Createts="2020-02-19T13:26:13+00:00" Createuserid="SYSTEM"
    GroupId="Default" Lockid="0" Modifyprogid="XMLMigrator"
    Modifyts="2020-02-19T13:26:13+00:00" Modifyuserid="SYSTEM"
    OwnerKey="DEFAULT" OwnerType="" ProcessTypeKey="QUOTE_FULFILLMENT"
    SeqNo="0" Type="STATIC"/>
<Condition ConditionID="IsCustomerRatingValue"
    ConditionKey="2010052715364173489"
    ConditionName="Is Customer Rating Value"
    ConditionType="PROCESS_MODELLING"
    ConditionValue="BIReportPageListNo = '5'" Createprogid="XMLMigrator"
    Createts="2020-02-19T13:31:34+00:00" Createuserid="SYSTEM"
    GroupId="Is Customer Rating Value" Lockid="0"
    Modifyprogid="XMLMigrator" Modifyts="2020-02-19T13:31:34+00:00"
    Modifyuserid="SYSTEM" OwnerKey="DEFAULT" OwnerType=""
    ProcessTypeKey="ORDER_FULFILLMENT" ReturnType="boolean" SeqNo="0" Type="STATIC"/>
<Condition ConditionID="IsActionCreated"
    ConditionKey="20100826134125235060"
    ConditionName="Is Action Created?" ConditionType="PROCESS_MODELLING"
    ConditionValue="Action = 'Created'" Createprogid="XMLMigrator"
    Createts="2020-02-19T13:31:34+00:00" Createuserid="SYSTEM"
    GroupId="IBM Sterling Call Center and Store" Lockid="0"
    Modifyprogid="XMLMigrator" Modifyts="2020-02-19T13:31:34+00:00"
    Modifyuserid="SYSTEM" OwnerKey="DEFAULT" OwnerType=""
    ProcessTypeKey="ORDER_FULFILLMENT" SeqNo="0" Type="STATIC"/>
<Condition ConditionID="SCWC_IsATPMonitorAgent"
    ConditionKey="20110829145504316355"
    ConditionName="SCWC_IsATPMonitorAgent"
    ConditionType="PROCESS_MODELLING"
    ConditionValue="AgentCriteriaId = ''" Createprogid="XMLMigrator"
    Createts="2020-02-19T13:26:13+00:00" Createuserid="SYSTEM"
    GroupId="SCWC_Integration" Lockid="0" Modifyprogid="XMLMigrator"
    Modifyts="2020-02-19T13:26:13+00:00" Modifyuserid="SYSTEM"
    OwnerKey="DEFAULT" OwnerType="" ProcessTypeKey="GENERAL" SeqNo="0" Type="STATIC"/>
<Condition ConditionID="SCWC_Awards_Changed"
    ConditionKey="20110912145337118166"
    ConditionName="Are Awards Changed?"
    ConditionType="PROCESS_MODELLING"
    ConditionValue="com.yantra.ypm.business.ue.impl.YPMChangeOrderConditionsWCIntegImpl"
    Createprogid="XMLMigrator" Createts="2020-02-19T13:26:13+00:00"
    Createuserid="SYSTEM" GroupId="SCWC_Integration" Lockid="0"
    Modifyprogid="XMLMigrator" Modifyts="2020-02-19T13:26:13+00:00"
    Modifyuserid="SYSTEM" OwnerKey="DEFAULT" OwnerType=""
    ProcessTypeKey="ORDER_FULFILLMENT" ReturnType="boolean" SeqNo="0" Type="DYNAMIC"/>
<Condition ConditionID="SCWC_OrderCancelled"
    ConditionKey="20110912162017118218"
    ConditionName="Not all of the order is cancelled"
    ConditionType="PROCESS_MODELLING"
    ConditionValue="MinOrderStatus &lt; '9000'"
    Createprogid="XMLMigrator" Createts="2020-02-19T13:26:13+00:00"
    Createuserid="SYSTEM" GroupId="SCWC_Integration" Lockid="0"
    Modifyprogid="XMLMigrator" Modifyts="2020-02-19T13:26:13+00:00"
    Modifyuserid="SYSTEM" OwnerKey="DEFAULT" OwnerType=""
    ProcessTypeKey="ORDER_FULFILLMENT" SeqNo="0" Type="STATIC"/>
<Condition ConditionID="SCWC_OrderDraft"
    ConditionKey="20110920122007121200" ConditionName="Is a draft order"
    ConditionType="PROCESS_MODELLING"
    ConditionValue="DraftOrderFlag = 'Y'" Createprogid="XMLMigrator"
    Createts="2020-02-19T13:26:13+00:00" Createuserid="SYSTEM"
    GroupId="SCWC_Integration" Lockid="0" Modifyprogid="XMLMigrator"
    Modifyts="2020-02-19T13:26:13+00:00" Modifyuserid="SYSTEM"
    OwnerKey="DEFAULT" OwnerType="" ProcessTypeKey="ORDER_FULFILLMENT"
    SeqNo="0" Type="STATIC"/>
<Condition ConditionID="Default_StoreChangeStatus"
    ConditionKey="2012010306564054001"
    ConditionName="Change Status Required"
    ConditionType="PROCESS_MODELLING"
    ConditionValue="NodeType = 'Store'  AND (  DeliveryMethod = 'PICK'  OR (  RoutingGuideMaintained = '03'  OR RoutingGuideMaintained = '02'  )  )"
    Createprogid="XMLMigrator" Createts="2020-02-19T13:32:24+00:00"
    Createuserid="SYSTEM" GroupId="Store" Lockid="0"
    Modifyprogid="XMLMigrator" Modifyts="2020-02-19T13:32:24+00:00"
    Modifyuserid="SYSTEM" OwnerKey="DEFAULT" OwnerType=""
    ProcessTypeKey="ORDER_DELIVERY" SeqNo="0" Type="STATIC"/>
<Condition ConditionID="IsCountBatch" ConditionKey="201202281408425501"
    ConditionName="Is Count Batch" ConditionType="PROCESS_MODELLING"
    ConditionValue="ActivityGroupId = 'COUNT'"
    Createprogid="XMLMigrator" Createts="2020-02-19T13:30:07+00:00"
    Createuserid="SYSTEM" GroupId="Task" Lockid="0"
    Modifyprogid="XMLMigrator" Modifyts="2020-02-19T13:30:07+00:00"
    Modifyuserid="SYSTEM" OwnerKey="DEFAULT" OwnerType=""
    ProcessTypeKey="COUNT_EXECUTION" SeqNo="0" Type="STATIC"/>
<Condition ConditionID="IS_UPDATE_REQUIRED"
    ConditionKey="2012050716155321658"
    ConditionName="Is Update Required" ConditionType="PROCESS_MODELLING"
    ConditionValue="IsIntendToUpdate = 'Y'" Createprogid="XMLMigrator"
    Createts="2020-02-19T13:26:13+00:00" Createuserid="SYSTEM"
    GroupId="Promising Server Integration" Lockid="0"
    Modifyprogid="XMLMigrator" Modifyts="2020-02-19T13:26:13+00:00"
    Modifyuserid="SYSTEM" OwnerKey="DEFAULT" OwnerType=""
    ProcessTypeKey="GENERAL" SeqNo="0" Type="STATIC"/>
<Condition ConditionID="Prevent File Output"
    ConditionKey="201301081739153407130"
    ConditionName="Prevent File Output"
    ConditionType="PROCESS_MODELLING"
    ConditionValue="PreventFileOutput = 'true'"
    Createprogid="XMLMigrator" Createts="2020-02-19T13:26:13+00:00"
    Createuserid="SYSTEM" GroupId="DataSync Conditions" Lockid="0"
    Modifyprogid="XMLMigrator" Modifyts="2020-02-19T13:26:13+00:00"
    Modifyuserid="SYSTEM" OwnerKey="DEFAULT" OwnerType=""
    ProcessTypeKey="GENERAL" ReturnType="boolean" SeqNo="0" Type="STATIC"/>
<Condition ConditionID="IS_DMD_ONLY_MODE"
    ConditionKey="2013081913312621501"
    ConditionName="Demand Update Only" ConditionType="PROCESS_MODELLING"
    ConditionValue="DemandUpdateOnlyMode = 'Y'"
    Createprogid="XMLMigrator" Createts="2020-02-19T13:26:13+00:00"
    Createuserid="SYSTEM" GroupId="Promising Server Integration"
    Lockid="0" Modifyprogid="XMLMigrator"
    Modifyts="2020-02-19T13:26:13+00:00" Modifyuserid="SYSTEM"
    OwnerKey="DEFAULT" OwnerType="" ProcessTypeKey="GENERAL" SeqNo="0" Type="STATIC"/>
<Condition ConditionID="IsEdgeDeploymentInstance"
    ConditionKey="2013121713160817501"
    ConditionName="Is Edge Deployment Instance"
    ConditionType="PROCESS_MODELLING"
    ConditionValue="com.yantra.ysc.business.edgedeployment.YSCIsEdgeDeploymentInstanceConditionImpl"
    Createprogid="XMLMigrator" Createts="2020-02-19T13:26:13+00:00"
    Createuserid="SYSTEM" GroupId="Edge Deployment" Lockid="0"
    Modifyprogid="XMLMigrator" Modifyts="2020-02-19T13:26:13+00:00"
    Modifyuserid="SYSTEM" OwnerKey="DEFAULT" OwnerType=""
    ProcessTypeKey="ORDER_FULFILLMENT" ReturnType="boolean" SeqNo="0" Type="DYNAMIC"/>
<Condition ConditionID="IsEdgeDeploymentInstance"
    ConditionKey="2013121713160817502"
    ConditionName="Is Edge Deployment Instance"
    ConditionType="PROCESS_MODELLING"
    ConditionValue="com.yantra.ysc.business.edgedeployment.YSCIsEdgeDeploymentInstanceConditionImpl"
    Createprogid="XMLMigrator" Createts="2020-02-19T13:26:13+00:00"
    Createuserid="SYSTEM" GroupId="Edge Deployment" Lockid="0"
    Modifyprogid="XMLMigrator" Modifyts="2020-02-19T13:26:13+00:00"
    Modifyuserid="SYSTEM" OwnerKey="DEFAULT" OwnerType=""
    ProcessTypeKey="GENERAL" ReturnType="boolean" SeqNo="0" Type="DYNAMIC"/>
<Condition ConditionID="YCD_IS_NOTES_PRESENT"
    ConditionKey="2013122012094555590"
    ConditionName="Validate Notes Element"
    ConditionType="PROCESS_MODELLING"
    ConditionValue="com.yantra.pca.ycd.condition.YCDValidateAttribute"
    Createprogid="XMLMigrator" Createts="2020-02-19T13:31:34+00:00"
    Createuserid="SYSTEM" GroupId="IBM Sterling Call Center and Store"
    Lockid="0" Modifyprogid="XMLMigrator"
    Modifyts="2020-02-19T13:31:34+00:00" Modifyuserid="SYSTEM"
    OwnerKey="DEFAULT" OwnerType="" ProcessTypeKey="ORDER_FULFILLMENT"
    ReturnType="boolean" SeqNo="0" Type="DYNAMIC"/>
<Condition ConditionID="IsEntryTypeWCS"
    ConditionKey="2014012714232416042" ConditionName="Is Entry Type WCS"
    ConditionType="PROCESS_MODELLING" ConditionValue="EntryType = 'WCS'"
    Createprogid="XMLMigrator" Createts="2020-02-19T13:26:13+00:00"
    Createuserid="SYSTEM" GroupId="SCWC SDF Integration" Lockid="0"
    Modifyprogid="XMLMigrator" Modifyts="2020-02-19T13:26:13+00:00"
    Modifyuserid="SYSTEM" OwnerKey="DEFAULT" OwnerType=""
    ProcessTypeKey="ORDER_FULFILLMENT" SeqNo="0" Type="STATIC"/>
<Condition ConditionID="IsFullSync" ConditionKey="2014031112405991374"
    ConditionName="Is Full Sync" ConditionType="PROCESS_MODELLING"
    ConditionValue="MonitorOption = '3'" Createprogid="XMLMigrator"
    Createts="2020-02-19T13:26:13+00:00" Createuserid="SYSTEM"
    GroupId="SCWC SDF Integration" Lockid="0" Modifyprogid="XMLMigrator"
    Modifyts="2020-02-19T13:26:13+00:00" Modifyuserid="SYSTEM"
    OwnerKey="DEFAULT" OwnerType="" ProcessTypeKey="GENERAL" SeqNo="0" Type="STATIC"/>
<Condition ConditionID="IsPriceCalculated"
    ConditionKey="20140421161613110118"
    ConditionName="Is Price Calculated"
    ConditionType="PROCESS_MODELLING"
    ConditionValue="com.yantra.omp.business.ue.impl.YFSChangeOrderIsPricingRequiredConditionWCIntegImpl"
    Createprogid="XMLMigrator" Createts="2020-02-19T13:26:13+00:00"
    Createuserid="SYSTEM" GroupId="SCWC SDF Integration" Lockid="0"
    Modifyprogid="XMLMigrator" Modifyts="2020-02-19T13:26:13+00:00"
    Modifyuserid="SYSTEM" OwnerKey="DEFAULT" OwnerType=""
    ProcessTypeKey="ORDER_FULFILLMENT" ReturnType="boolean" SeqNo="0" Type="DYNAMIC"/>
<Condition ConditionID="IsEdgeDeploymentInstance"
    ConditionKey="2014042913160817502"
    ConditionName="Is Edge Deployment Instance"
    ConditionType="PROCESS_MODELLING"
    ConditionValue="com.yantra.ysc.business.edgedeployment.YSCIsEdgeDeploymentInstanceConditionImpl"
    Createprogid="XMLMigrator" Createts="2020-02-19T13:26:13+00:00"
    Createuserid="SYSTEM" GroupId="Edge Deployment" Lockid="0"
    Modifyprogid="XMLMigrator" Modifyts="2020-02-19T13:26:13+00:00"
    Modifyuserid="SYSTEM" OwnerKey="DEFAULT" OwnerType=""
    ProcessTypeKey="RETURN_FULFILLMENT" ReturnType="boolean" SeqNo="0" Type="DYNAMIC"/>
<Condition ConditionID="ChangeOrder Not Required"
    ConditionKey="20150129120842126533"
    ConditionName="ChangeOrder Not Required"
    ConditionType="PROCESS_MODELLING"
    ConditionValue="CallChangeOrder = 'N'" Createprogid="XMLMigrator"
    Createts="2020-02-19T13:31:34+00:00" Createuserid="SYSTEM"
    GroupId="Default" Lockid="0" Modifyprogid="XMLMigrator"
    Modifyts="2020-02-19T13:31:34+00:00" Modifyuserid="SYSTEM"
    OwnerKey="DEFAULT" OwnerType="" ProcessTypeKey="QUOTE_FULFILLMENT"
    SeqNo="0" Type="STATIC"/>
<Condition ConditionID="IS_ORDER_CANCELLED"
    ConditionKey="201507211014454001" ConditionName="Is Order Cancelled"
    ConditionType="PROCESS_MODELLING"
    ConditionValue="Status = 'Cancelled'" Createprogid="XMLMigrator"
    Createts="2020-02-19T13:26:13+00:00" Createuserid="SYSTEM"
    GroupId="SCWC SDF Integration" Lockid="0" Modifyprogid="XMLMigrator"
    Modifyts="2020-02-19T13:26:13+00:00" Modifyuserid="SYSTEM"
    OwnerKey="DEFAULT" OwnerType="" ProcessTypeKey="ORDER_FULFILLMENT"
    SeqNo="0" Type="STATIC"/>
<Condition ConditionID="IBMJDA_HOSTTO_ADD"
    ConditionKey="20150814135545132120"
    ConditionName="IBMJDA_HOSTTO_ADD" ConditionType="PROCESS_MODELLING"
    ConditionValue="HostAction = 'ADD'"
    Createprogid=".YCPWFRepositoryAPI"
    Createts="2015-08-14T23:25:45+00:00" Createuserid="admin"
    GroupId="IBMJDA_Integration" Lockid="0"
    Modifyprogid=".YCPWFRepositoryAPI"
    Modifyts="2015-08-15T03:55:28+00:00" Modifyuserid="admin"
    OwnerKey="DEFAULT" OwnerType="" ProcessTypeKey="20030708142438541"
    SeqNo="0" Type="STATIC"/>
<Condition ConditionID="IBMJDA_HOSTTO_CHANGE"
    ConditionKey="20150814135731132123"
    ConditionName="IBMJDA_HOSTTO_CHANGE"
    ConditionType="PROCESS_MODELLING"
    ConditionValue="HostAction = 'CHANGE'"
    Createprogid=".YCPWFRepositoryAPI"
    Createts="2015-08-14T23:27:31+00:00" Createuserid="admin"
    GroupId="IBMJDA_Integration" Lockid="0"
    Modifyprogid=".YCPWFRepositoryAPI"
    Modifyts="2015-08-15T03:55:47+00:00" Modifyuserid="admin"
    OwnerKey="DEFAULT" OwnerType="" ProcessTypeKey="20030708142438541"
    SeqNo="0" Type="STATIC"/>
<Condition ConditionID="IBMJDA_TI_CHANGE"
    ConditionKey="20150818150755141374" ConditionName="IBMJDA_TI_CHANGE"
    ConditionType="PROCESS_MODELLING"
    ConditionValue="HostAction = 'CHANGE'"
    Createprogid=".YCPWFRepositoryAPI"
    Createts="2015-08-19T00:37:55+00:00" Createuserid="admin"
    GroupId="IBMJDA_Integration" Lockid="0"
    Modifyprogid=".YCPWFRepositoryAPI"
    Modifyts="2015-08-19T00:37:55+00:00" Modifyuserid="admin"
    OwnerKey="DEFAULT" OwnerType="" ProcessTypeKey="20030708142438541"
    SeqNo="0" Type="STATIC"/>
<Condition ConditionID="Is Carry Line?"
    ConditionKey="20150902183112175822" ConditionName=""
    ConditionType="PROCESS_MODELLING"
    ConditionValue="DeliveryMethod = 'CARRY'" Createprogid="XMLMigrator"
    Createts="2020-02-19T13:32:24+00:00" Createuserid="SYSTEM"
    GroupId="IBM Sterling Call Center and Store" Lockid="0"
    Modifyprogid="XMLMigrator" Modifyts="2020-02-19T13:32:24+00:00"
    Modifyuserid="SYSTEM" OwnerKey="DEFAULT" OwnerType=""
    ProcessTypeKey="ORDER_FULFILLMENT" SeqNo="0" Type="STATIC"/>
<Condition ConditionID="Is_Web_Store_Order"
    ConditionKey="20150903105557181974"
    ConditionName="Is Order Created at Web Store?"
    ConditionType="PROCESS_MODELLING"
    ConditionValue="EntryType = 'Web_Store'" Createprogid="XMLMigrator"
    Createts="2020-02-19T13:32:24+00:00" Createuserid="SYSTEM"
    GroupId="IBM Sterling Call Center and Store" Lockid="0"
    Modifyprogid="XMLMigrator" Modifyts="2020-02-19T13:32:24+00:00"
    Modifyuserid="SYSTEM" OwnerKey="DEFAULT" OwnerType=""
    ProcessTypeKey="ORDER_FULFILLMENT" SeqNo="0" Type="STATIC"/>
<Condition ConditionID="Validate Order Status for Sync"
    ConditionKey="2015112413114432772"
    ConditionName="Validate Order Status for Sync"
    ConditionType="PROCESS_MODELLING"
    ConditionValue="com.yantra.ycp.condition.YCPValidateAttribute"
    Createprogid="XMLMigrator" Createts="2020-02-19T13:28:31+00:00"
    Createuserid="SYSTEM" GroupId="IBMJDA_Integration" Lockid="0"
    Modifyprogid="XMLMigrator" Modifyts="2020-02-19T13:28:31+00:00"
    Modifyuserid="SYSTEM" OwnerKey="DEFAULT" OwnerType=""
    ProcessTypeKey="ORDER_FULFILLMENT" ReturnType="boolean" SeqNo="0" Type="DYNAMIC"/>
<Condition ConditionID="Validate Order Status for Sync"
    ConditionKey="2015112413175532780"
    ConditionName="Validate Order Status for Sync"
    ConditionType="PROCESS_MODELLING"
    ConditionValue="com.yantra.ycp.condition.YCPValidateAttribute"
    Createprogid="XMLMigrator" Createts="2020-02-19T13:28:31+00:00"
    Createuserid="SYSTEM" GroupId="IBMJDA_Integration" Lockid="0"
    Modifyprogid="XMLMigrator" Modifyts="2020-02-19T13:28:31+00:00"
    Modifyuserid="SYSTEM" OwnerKey="DEFAULT" OwnerType=""
    ProcessTypeKey="RETURN_FULFILLMENT" ReturnType="boolean" SeqNo="0" Type="DYNAMIC"/>
<Condition ConditionID="Validate Order Status for Sync"
    ConditionKey="2015112413202232792"
    ConditionName="Validate Order Status for Sync"
    ConditionType="PROCESS_MODELLING"
    ConditionValue="com.yantra.ycp.condition.YCPValidateAttribute"
    Createprogid="XMLMigrator" Createts="2020-02-19T13:28:31+00:00"
    Createuserid="SYSTEM" GroupId="IBMJDA_Integration" Lockid="0"
    Modifyprogid="XMLMigrator" Modifyts="2020-02-19T13:28:31+00:00"
    Modifyuserid="SYSTEM" OwnerKey="DEFAULT" OwnerType=""
    ProcessTypeKey="20030708142438541" ReturnType="boolean" SeqNo="0" Type="DYNAMIC"/>
<Condition ConditionID="IsOrderHeaderKeyPresent"
    ConditionKey="20160309120428212808"
    ConditionName="Is OrderHeaderKey Present"
    ConditionType="PROCESS_MODELLING"
    ConditionValue="OrderHeaderKey &lt;> 'null'"
    Createprogid="XMLMigrator" Createts="2020-02-19T13:31:34+00:00"
    Createuserid="SYSTEM" GroupId="SCWC SDF Integration" Lockid="0"
    Modifyprogid="XMLMigrator" Modifyts="2020-02-19T13:31:34+00:00"
    Modifyuserid="SYSTEM" OwnerKey="DEFAULT" OwnerType=""
    ProcessTypeKey="ORDER_FULFILLMENT" SeqNo="0" Type="STATIC"/>
<Condition ConditionID="TORoutingRequired"
    ConditionKey="2016101915113849124" ConditionName="Routing Required"
    ConditionType="PROCESS_MODELLING"
    ConditionValue="RoutingGuideMaintained = '01'"
    Createprogid="XMLMigrator" Createts="2020-02-19T13:31:34+00:00"
    Createuserid="SYSTEM" GroupId="Default" Lockid="0"
    Modifyprogid="XMLMigrator" Modifyts="2020-02-19T13:31:34+00:00"
    Modifyuserid="SYSTEM" OwnerKey="DEFAULT" OwnerType=""
    ProcessTypeKey="200307081424521056" SeqNo="0" Type="STATIC"/>
<Condition ConditionID="Default_StoreChangeTOStatus"
    ConditionKey="20161021023027310155"
    ConditionName="Change Status Required for TO"
    ConditionType="PROCESS_MODELLING"
    ConditionValue="NodeType = 'Store'  AND (  RoutingGuideMaintained = '02'  OR RoutingGuideMaintained = '03'  )   AND DeliveryMethod = 'SHP'"
    Createprogid="XMLMigrator" Createts="2020-02-19T13:31:34+00:00"
    Createuserid="SYSTEM" GroupId="Default" Lockid="0"
    Modifyprogid="XMLMigrator" Modifyts="2020-02-19T13:31:34+00:00"
    Modifyuserid="SYSTEM" OwnerKey="DEFAULT" OwnerType=""
    ProcessTypeKey="200307081424521056" SeqNo="0" Type="STATIC"/>
<Condition ConditionID="IsTotalShipmentsMoreThanZero"
    ConditionKey="20170605120436206221"
    ConditionName="Is Shipments more than zero ?"
    ConditionType="PROCESS_MODELLING"
    ConditionValue="TotalNumberOfRecords > '0'"
    Createprogid="XMLMigrator" Createts="2020-02-19T13:32:24+00:00"
    Createuserid="SYSTEM" GroupId="UserConditions" Lockid="0"
    Modifyprogid="XMLMigrator" Modifyts="2020-02-19T13:32:24+00:00"
    Modifyuserid="SYSTEM" OwnerKey="DEFAULT" OwnerType=""
    ProcessTypeKey="GENERAL" SeqNo="0" Type="STATIC"/>
<Condition ConditionID="IsPickupLine" ConditionKey="2020041219294948069"
    ConditionName="Is Order Line for Pickup"
    ConditionType="PROCESS_MODELLING"
    ConditionValue="DeliveryMethod = 'PICK'"
    Createprogid=".YCPWFRepositoryAPI"
    Createts="2020-04-12T19:29:49+00:00"
    Createuserid="bharat_rajagopalan@uk.ibm.com" GroupId="order"
    Lockid="2" Modifyprogid=".YCPWFRepositoryAPI"
    Modifyts="2020-04-12T19:30:54+00:00"
    Modifyuserid="bharat_rajagopalan@uk.ibm.com" OwnerKey="DEFAULT"
    OwnerType="" ProcessTypeKey="ORDER_FULFILLMENT" SeqNo="0" Type="STATIC"/>
<Condition ConditionID="IsNodeTypeStore"
    ConditionKey="2020041219405348084"
    ConditionName="Is Node Type Store" ConditionType="PROCESS_MODELLING"
    ConditionValue="NodeType = 'Store'"
    Createprogid=".YCPWFRepositoryAPI"
    Createts="2020-04-12T19:40:53+00:00"
    Createuserid="bharat_rajagopalan@uk.ibm.com" GroupId="order"
    Lockid="0" Modifyprogid=".YCPWFRepositoryAPI"
    Modifyts="2020-04-12T19:40:53+00:00"
    Modifyuserid="bharat_rajagopalan@uk.ibm.com" OwnerKey="DEFAULT"
    OwnerType="" ProcessTypeKey="ORDER_FULFILLMENT" SeqNo="0" Type="STATIC"/>
<Condition ConditionID="DEFAULT_PORTAL" ConditionKey="DEFAULT_PORTAL"
    ConditionName="Is Shipment confirmed through Console?"
    ConditionType="PROCESS_MODELLING"
    ConditionValue="ShipNodeInterfaceType = 'YFX' OR ShipNodeInterfaceType = 'INTEGRATED_WMS'"
    Createprogid="XMLMigrator" Createts="2020-02-19T13:26:13+00:00"
    Createuserid="SYSTEM" GroupId="" Lockid="0"
    Modifyprogid="XMLMigrator" Modifyts="2020-02-19T13:26:13+00:00"
    Modifyuserid="SYSTEM" OwnerKey="DEFAULT" OwnerType=""
    ProcessTypeKey="ORDER_FULFILLMENT" SeqNo="1" Type="STATIC"/>
<Condition ConditionID="DEFAULT_IsStorePick" ConditionKey="DEFAULT_YCD3"
    ConditionName="Is Store Pickup" ConditionType="PROCESS_MODELLING"
    ConditionValue="DeliveryMethod = 'PICK'" Createprogid="XMLMigrator"
    Createts="2020-02-19T13:32:24+00:00" Createuserid="SYSTEM"
    GroupId="Store" Lockid="0" Modifyprogid="XMLMigrator"
    Modifyts="2020-02-19T13:32:24+00:00" Modifyuserid="SYSTEM"
    OwnerKey="DEFAULT" OwnerType="" ProcessTypeKey="ORDER_DELIVERY"
    SeqNo="0" Type="STATIC"/>
<Condition ConditionID="IsAlertTypeAppServerDown"
    ConditionKey="IsAlertTypeAppServerDown"
    ConditionName="Is AlertType AppServer Down"
    ConditionType="PROCESS_MODELLING"
    ConditionValue="AlertType = 'ON_APP_SERVER_DOWN'"
    Createprogid="XMLMigrator" Createts="2020-02-19T13:26:13+00:00"
    Createuserid="SYSTEM" GroupId="Alert Conditions" Lockid="0"
    Modifyprogid="XMLMigrator" Modifyts="2020-02-19T13:26:13+00:00"
    Modifyuserid="SYSTEM" OwnerKey="DEFAULT" OwnerType=""
    ProcessTypeKey="GENERAL" SeqNo="0" Type="STATIC"/>
<Condition ConditionID="IsAlertTypeServerUnavail"
    ConditionKey="IsAlertTypeServerUnavail"
    ConditionName="Is Agent/Integration Server Unavailable"
    ConditionType="PROCESS_MODELLING"
    ConditionValue="AlertType = 'ON_SERVER_UNAVAILABLE'"
    Createprogid="XMLMigrator" Createts="2020-02-19T13:26:13+00:00"
    Createuserid="SYSTEM" GroupId="Alert Conditions" Lockid="0"
    Modifyprogid="XMLMigrator" Modifyts="2020-02-19T13:26:13+00:00"
    Modifyuserid="SYSTEM" OwnerKey="DEFAULT" OwnerType=""
    ProcessTypeKey="GENERAL" SeqNo="0" Type="STATIC"/>
<Condition ConditionID="IsServiceTypeAGENT"
    ConditionKey="IsServiceTypeAGENT"
    ConditionName="Is ServiceType AGENT"
    ConditionType="PROCESS_MODELLING"
    ConditionValue="ServiceType = 'AGENT'" Createprogid="XMLMigrator"
    Createts="2020-02-19T13:26:13+00:00" Createuserid="SYSTEM"
    GroupId="Alert Conditions" Lockid="0" Modifyprogid="XMLMigrator"
    Modifyts="2020-02-19T13:26:13+00:00" Modifyuserid="SYSTEM"
    OwnerKey="DEFAULT" OwnerType="" ProcessTypeKey="GENERAL" SeqNo="0" Type="STATIC"/>
<Condition ConditionID="IsServiceTypeJMS"
    ConditionKey="IsServiceTypeAPI" ConditionName="Is ServiceType JMS"
    ConditionType="PROCESS_MODELLING"
    ConditionValue="ServiceType = 'JMS'" Createprogid="XMLMigrator"
    Createts="2020-02-19T13:26:13+00:00" Createuserid="SYSTEM"
    GroupId="Alert Conditions" Lockid="0" Modifyprogid="XMLMigrator"
    Modifyts="2020-02-19T13:26:13+00:00" Modifyuserid="SYSTEM"
    OwnerKey="DEFAULT" OwnerType="" ProcessTypeKey="GENERAL" SeqNo="0" Type="STATIC"/>
<Condition ConditionID="IsServiceTypeAPIs"
    ConditionKey="IsServiceTypeAPIs" ConditionName="Is ServiceType APIs"
    ConditionType="PROCESS_MODELLING"
    ConditionValue="ServiceType = 'API'  OR ServiceType = 'Service'  OR ServiceType = 'InvokeService_AE'"
    Createprogid="XMLMigrator" Createts="2020-02-19T13:26:13+00:00"
    Createuserid="SYSTEM" GroupId="Alert Conditions" Lockid="0"
    Modifyprogid="XMLMigrator" Modifyts="2020-02-19T13:26:13+00:00"
    Modifyuserid="SYSTEM" OwnerKey="DEFAULT" OwnerType=""
    ProcessTypeKey="GENERAL" SeqNo="0" Type="STATIC"/>
<Condition ConditionID="IsServiceTypeAppServer"
    ConditionKey="IsServiceTypeAppServer"
    ConditionName="Is ServiceType AppServer"
    ConditionType="PROCESS_MODELLING"
    ConditionValue="ServiceType = 'AppServer'"
    Createprogid="XMLMigrator" Createts="2020-02-19T13:26:13+00:00"
    Createuserid="SYSTEM" GroupId="Alert Conditions" Lockid="0"
    Modifyprogid="XMLMigrator" Modifyts="2020-02-19T13:26:13+00:00"
    Modifyuserid="SYSTEM" OwnerKey="DEFAULT" OwnerType=""
    ProcessTypeKey="GENERAL" SeqNo="0" Type="STATIC"/>
</YFS_CONDITIONList>