<?xml version="1.0" encoding="UTF-8"?>
<YFS_INVOKED_FLOWSList TableName="YFS_INVOKED_FLOWS" TotalNumberOfRecords="98">
<InvokedFlows ActionKey="200309172229565510" Createprogid="XMLMigrator"
    Createts="2020-02-19T13:27:09+00:00" Createuserid="SYSTEM"
    FlowKey="200309172234435513" InvokedFlowsKey="200309172243045519"
    Lockid="0" Modifyprogid="XMLMigrator"
    Modifyts="2020-02-19T13:27:09+00:00" Modifyuserid="SYSTEM"/>
<InvokedFlows ActionKey="2003112412203819504" Createprogid="XMLMigrator"
    Createts="2020-02-19T13:30:14+00:00" Createuserid="SYSTEM"
    FlowKey="2003112411154019332" InvokedFlowsKey="2003112412210419505"
    Lockid="0" Modifyprogid="XMLMigrator"
    Modifyts="2020-02-19T13:30:14+00:00" Modifyuserid="SYSTEM"/>
<InvokedFlows ActionKey="PRINT-WAVE" Createprogid="XMLMigrator"
    Createts="2020-02-19T13:30:14+00:00" Createuserid="SYSTEM"
    FlowKey="PrintWave" InvokedFlowsKey="2003121610134937514" Lockid="0"
    Modifyprogid="XMLMigrator" Modifyts="2020-02-19T13:30:14+00:00" Modifyuserid="SYSTEM"/>
<InvokedFlows ActionKey="PRINT-WAVE" Createprogid="XMLMigrator"
    Createts="2020-02-19T13:30:14+00:00" Createuserid="SYSTEM"
    FlowKey="200605161127497071"
    FlowName="Enqueue Release Task Agent Message"
    InvokedFlowsKey="2003121610134937515" Lockid="0"
    Modifyprogid="XMLMigrator" Modifyts="2020-02-19T13:30:14+00:00" Modifyuserid="SYSTEM"/>
<InvokedFlows ActionKey="PRINT-SHIPMENT-BOL" Createprogid="XMLMigrator"
    Createts="2020-02-19T13:27:09+00:00" Createuserid="SYSTEM"
    FlowKey="PrintShipmentBOL" InvokedFlowsKey="2003121617033146055"
    Lockid="0" Modifyprogid="XMLMigrator"
    Modifyts="2020-02-19T13:27:09+00:00" Modifyuserid="SYSTEM"/>
<InvokedFlows ActionKey="PRINT-LOAD-BOL" Createprogid="XMLMigrator"
    Createts="2020-02-19T13:27:09+00:00" Createuserid="SYSTEM"
    FlowKey="200311212042143510" InvokedFlowsKey="20031216202328105946"
    Lockid="0" Modifyprogid="XMLMigrator"
    Modifyts="2020-02-19T13:27:09+00:00" Modifyuserid="SYSTEM"/>
<InvokedFlows ActionKey="2003121711255379" Createprogid="XMLMigrator"
    Createts="2020-02-19T13:30:14+00:00" Createuserid="SYSTEM"
    FlowKey="2003121711145670" InvokedFlowsKey="2003121711260080"
    Lockid="0" Modifyprogid="XMLMigrator"
    Modifyts="2020-02-19T13:30:14+00:00" Modifyuserid="SYSTEM"/>
<InvokedFlows ActionKey="ON_TASK_COMPLETE" Createprogid="XMLMigrator"
    Createts="2020-02-19T13:30:14+00:00" Createuserid="SYSTEM"
    FlowKey="2003121711145670" FlowName="PrintTaskSheets"
    InvokedFlowsKey="2003121711260081" Lockid="0"
    Modifyprogid="XMLMigrator" Modifyts="2020-02-19T13:30:14+00:00" Modifyuserid="SYSTEM"/>
<InvokedFlows ActionKey="2004011917232183" Createprogid="XMLMigrator"
    Createts="2020-02-19T13:27:09+00:00" Createuserid="SYSTEM"
    FlowKey="2004011917200669" InvokedFlowsKey="200401192046142024"
    Lockid="0" Modifyprogid="XMLMigrator"
    Modifyts="2020-02-19T13:27:09+00:00" Modifyuserid="SYSTEM"/>
<InvokedFlows ActionKey="2004030515355116087" Createprogid="XMLMigrator"
    Createts="2020-02-19T13:27:09+00:00" Createuserid="SYSTEM"
    FlowKey="2004030515164916082" InvokedFlowsKey="2004030515411816090"
    Lockid="0" Modifyprogid="XMLMigrator"
    Modifyts="2020-02-19T13:27:09+00:00" Modifyuserid="SYSTEM"/>
<InvokedFlows ActionKey="200403291207254001" Createprogid="XMLMigrator"
    Createts="2020-02-19T13:30:14+00:00" Createuserid="SYSTEM"
    FlowKey="200403291209214002" InvokedFlowsKey="200403291215474006"
    Lockid="0" Modifyprogid="XMLMigrator"
    Modifyts="2020-02-19T13:30:14+00:00" Modifyuserid="SYSTEM"/>
<InvokedFlows ActionKey="EXCEPTION-DEFAULT" Createprogid="XMLMigrator"
    Createts="2020-02-19T13:30:14+00:00" Createuserid="SYSTEM"
    FlowKey="200404021551096045" InvokedFlowsKey="200404021600576093"
    Lockid="0" Modifyprogid="XMLMigrator"
    Modifyts="2020-02-19T13:30:14+00:00" Modifyuserid="SYSTEM"/>
<InvokedFlows ActionKey="20040413185305128504"
    Createprogid="XMLMigrator" Createts="2020-02-19T13:30:14+00:00"
    Createuserid="SYSTEM" FlowKey="20040413175734128002"
    InvokedFlowsKey="20040413185334128505" Lockid="0"
    Modifyprogid="XMLMigrator" Modifyts="2020-02-19T13:30:14+00:00" Modifyuserid="SYSTEM"/>
<InvokedFlows ActionKey="200404161217363312" Createprogid="XMLMigrator"
    Createts="2020-02-19T13:30:14+00:00" Createuserid="SYSTEM"
    FlowKey="200404161211083307" InvokedFlowsKey="200404161218173313"
    Lockid="0" Modifyprogid="XMLMigrator"
    Modifyts="2020-02-19T13:30:14+00:00" Modifyuserid="SYSTEM"/>
<InvokedFlows ActionKey="200407081806103346" Createprogid="XMLMigrator"
    Createts="2020-02-19T13:27:09+00:00" Createuserid="SYSTEM"
    FlowKey="200407081802443343" InvokedFlowsKey="200407081806263347"
    Lockid="0" Modifyprogid="XMLMigrator"
    Modifyts="2020-02-19T13:27:09+00:00" Modifyuserid="SYSTEM"/>
<InvokedFlows ActionKey="200407081821353389" Createprogid="XMLMigrator"
    Createts="2020-02-19T13:27:09+00:00" Createuserid="SYSTEM"
    FlowKey="200407081817403385" InvokedFlowsKey="200407081821473390"
    Lockid="0" Modifyprogid="XMLMigrator"
    Modifyts="2020-02-19T13:27:09+00:00" Modifyuserid="SYSTEM"/>
<InvokedFlows ActionKey="200407231158154160" Createprogid="XMLMigrator"
    Createts="2020-02-19T13:30:14+00:00" Createuserid="SYSTEM"
    FlowKey="200407231158584161" InvokedFlowsKey="200407231201294168"
    Lockid="0" Modifyprogid="XMLMigrator"
    Modifyts="2020-02-19T13:30:14+00:00" Modifyuserid="SYSTEM"/>
<InvokedFlows ActionKey="2004091510000000000" Createprogid="XMLMigrator"
    Createts="2020-02-19T13:30:14+00:00" Createuserid="SYSTEM"
    FlowKey="200312151944051570" InvokedFlowsKey="2004091510000000000"
    Lockid="0" Modifyprogid="XMLMigrator"
    Modifyts="2020-02-19T13:30:14+00:00" Modifyuserid="SYSTEM"/>
<InvokedFlows ActionKey="2004091510413935572" Createprogid="XMLMigrator"
    Createts="2020-02-19T13:27:09+00:00" Createuserid="SYSTEM"
    FlowKey="2004091510351535565" InvokedFlowsKey="2004101510000000000"
    Lockid="0" Modifyprogid="XMLMigrator"
    Modifyts="2020-02-19T13:27:09+00:00" Modifyuserid="SYSTEM"/>
<InvokedFlows ActionKey="200502161737074068" Createprogid="XMLMigrator"
    Createts="2020-02-19T13:27:09+00:00" Createuserid="SYSTEM"
    FlowKey="200502161739084069" InvokedFlowsKey="200502161805284163"
    Lockid="0" Modifyprogid="XMLMigrator"
    Modifyts="2020-02-19T13:27:09+00:00" Modifyuserid="SYSTEM"/>
<InvokedFlows ActionKey="200503041228406347" Createprogid="XMLMigrator"
    Createts="2020-02-19T13:27:09+00:00" Createuserid="SYSTEM"
    FlowKey="200503041234546384" InvokedFlowsKey="200503051218047504"
    Lockid="0" Modifyprogid="XMLMigrator"
    Modifyts="2020-02-19T13:27:09+00:00" Modifyuserid="SYSTEM"/>
<InvokedFlows ActionKey="200503081058165383" Createprogid="XMLMigrator"
    Createts="2020-02-19T13:27:09+00:00" Createuserid="SYSTEM"
    FlowKey="200503081100465384" InvokedFlowsKey="200503081103015391"
    Lockid="0" Modifyprogid="XMLMigrator"
    Modifyts="2020-02-19T13:27:09+00:00" Modifyuserid="SYSTEM"/>
<InvokedFlows ActionKey="ORDER_CREATE.OS" Createprogid="XMLMigrator"
    Createts="2020-02-19T13:31:36+00:00" Createuserid="SYSTEM"
    FlowKey="20050613134651140045"
    InvokedFlowsKey="20050613140019140501" Lockid="0"
    Modifyprogid="XMLMigrator" Modifyts="2020-02-19T13:31:36+00:00" Modifyuserid="SYSTEM"/>
<InvokedFlows ActionKey="20050512171845155902"
    Createprogid="XMLMigrator" Createts="2020-02-19T13:31:36+00:00"
    Createuserid="SYSTEM" FlowKey="20050613135332140065"
    InvokedFlowsKey="20050613140051140502" Lockid="0"
    Modifyprogid="XMLMigrator" Modifyts="2020-02-19T13:31:36+00:00" Modifyuserid="SYSTEM"/>
<InvokedFlows ActionKey="ORDER_CHANGE.OS" Createprogid="XMLMigrator"
    Createts="2020-02-19T13:31:36+00:00" Createuserid="SYSTEM"
    FlowKey="2005061408030321541" InvokedFlowsKey="2005061409113323178"
    Lockid="0" Modifyprogid="XMLMigrator"
    Modifyts="2020-02-19T13:31:36+00:00" Modifyuserid="SYSTEM"/>
<InvokedFlows ActionKey="ORDER_CONFIRM.OS" Createprogid="XMLMigrator"
    Createts="2020-02-19T13:31:36+00:00" Createuserid="SYSTEM"
    FlowKey="20050613134651140045"
    InvokedFlowsKey="20050621093922188557" Lockid="0"
    Modifyprogid="XMLMigrator" Modifyts="2020-02-19T13:31:36+00:00" Modifyuserid="SYSTEM"/>
<InvokedFlows ActionKey="2005062102463945790" Createprogid="XMLMigrator"
    Createts="2020-02-19T13:31:36+00:00" Createuserid="SYSTEM"
    FlowKey="2005062107253511066" InvokedFlowsKey="2005062111205411259"
    Lockid="0" Modifyprogid="XMLMigrator"
    Modifyts="2020-02-19T13:31:36+00:00" Modifyuserid="SYSTEM"/>
<InvokedFlows ActionKey="200506230954104508" Createprogid="XMLMigrator"
    Createts="2020-02-19T13:31:36+00:00" Createuserid="SYSTEM"
    FlowKey="200506231058055001" InvokedFlowsKey="200506231106525026"
    Lockid="0" Modifyprogid="XMLMigrator"
    Modifyts="2020-02-19T13:31:36+00:00" Modifyuserid="SYSTEM"/>
<InvokedFlows ActionKey="200506231111425039" Createprogid="XMLMigrator"
    Createts="2020-02-19T13:31:36+00:00" Createuserid="SYSTEM"
    FlowKey="20050613141703140551" InvokedFlowsKey="200506231110565035"
    Lockid="0" Modifyprogid="XMLMigrator"
    Modifyts="2020-02-19T13:31:36+00:00" Modifyuserid="SYSTEM"/>
<InvokedFlows ActionKey="2005042914481564445" Createprogid="XMLMigrator"
    Createts="2020-02-19T13:31:36+00:00" Createuserid="SYSTEM"
    FlowKey="2005062713340324001" InvokedFlowsKey="2005062717231325104"
    Lockid="0" Modifyprogid="XMLMigrator"
    Modifyts="2020-02-19T13:31:36+00:00" Modifyuserid="SYSTEM"/>
<InvokedFlows ActionKey="200512071407144418" Createprogid="XMLMigrator"
    Createts="2020-02-19T13:30:14+00:00" Createuserid="SYSTEM"
    FlowKey="200512071402484366" InvokedFlowsKey="200512071407284419"
    Lockid="0" Modifyprogid="XMLMigrator"
    Modifyts="2020-02-19T13:30:14+00:00" Modifyuserid="SYSTEM"/>
<InvokedFlows ActionKey="200601021749424430" Createprogid="XMLMigrator"
    Createts="2020-02-19T13:27:09+00:00" Createuserid="SYSTEM"
    FlowKey="200601021744484424" InvokedFlowsKey="200601021749584431"
    Lockid="0" Modifyprogid="XMLMigrator"
    Modifyts="2020-02-19T13:27:09+00:00" Modifyuserid="SYSTEM"/>
<InvokedFlows ActionKey="2006012411070152006" Createprogid="XMLMigrator"
    Createts="2020-02-19T13:30:14+00:00" Createuserid="SYSTEM"
    FlowKey="200601311332454637" InvokedFlowsKey="200601311334514647"
    Lockid="0" Modifyprogid="XMLMigrator"
    Modifyts="2020-02-19T13:30:14+00:00" Modifyuserid="SYSTEM"/>
<InvokedFlows ActionKey="CHAINED_ORDER.OS" Createprogid="XMLMigrator"
    Createts="2020-02-19T13:31:36+00:00" Createuserid="SYSTEM"
    FlowKey="2006032906484139208" InvokedFlowsKey="2006032906520039213"
    Lockid="0" Modifyprogid="XMLMigrator"
    Modifyts="2020-02-19T13:31:36+00:00" Modifyuserid="SYSTEM"/>
<InvokedFlows ActionKey="SCHEDULE.0001.OC" Createprogid="XMLMigrator"
    Createts="2020-02-19T13:31:36+00:00" Createuserid="SYSTEM"
    FlowKey="2008031511222778587" InvokedFlowsKey="20060404132537183306"
    Lockid="0" Modifyprogid="XMLMigrator"
    Modifyts="2020-02-19T13:31:36+00:00" Modifyuserid="SYSTEM"/>
<InvokedFlows ActionKey="ORDER_RELEASE_CHANGE.OC"
    Createprogid="XMLMigrator" Createts="2020-02-19T13:31:36+00:00"
    Createuserid="SYSTEM" FlowKey="2008031511222778587"
    InvokedFlowsKey="20060404132537183307" Lockid="0"
    Modifyprogid="XMLMigrator" Modifyts="2020-02-19T13:31:36+00:00" Modifyuserid="SYSTEM"/>
<InvokedFlows ActionKey="RELEASE.0001.OC" Createprogid="XMLMigrator"
    Createts="2020-02-19T13:31:36+00:00" Createuserid="SYSTEM"
    FlowKey="2008031511222778587" InvokedFlowsKey="20060404132537183308"
    Lockid="0" Modifyprogid="XMLMigrator"
    Modifyts="2020-02-19T13:31:36+00:00" Modifyuserid="SYSTEM"/>
<InvokedFlows ActionKey="ORDER_CHANGE.OC" Createprogid="XMLMigrator"
    Createts="2020-02-19T13:31:36+00:00" Createuserid="SYSTEM"
    FlowKey="2008031511222778587" InvokedFlowsKey="2006053020163047655"
    Lockid="0" Modifyprogid="XMLMigrator"
    Modifyts="2020-02-19T13:31:36+00:00" Modifyuserid="SYSTEM"/>
<InvokedFlows ActionKey="ON_TASK_COMPLETE" Createprogid="XMLMigrator"
    Createts="2020-02-19T13:30:14+00:00" Createuserid="SYSTEM"
    FlowKey="200605161127497071"
    FlowName="Enqueue Release Task Agent Message"
    InvokedFlowsKey="2006053119000113505" Lockid="0"
    Modifyprogid="XMLMigrator" Modifyts="2020-02-19T13:30:14+00:00" Modifyuserid="SYSTEM"/>
<InvokedFlows ActionKey="ON_TASK_PROGRESS" Createprogid="XMLMigrator"
    Createts="2020-02-19T13:30:14+00:00" Createuserid="SYSTEM"
    FlowKey="200605161127497071"
    FlowName="Enqueue Release Task Agent Message"
    InvokedFlowsKey="2006053119000113506" Lockid="0"
    Modifyprogid="XMLMigrator" Modifyts="2020-02-19T13:30:14+00:00" Modifyuserid="SYSTEM"/>
<InvokedFlows ActionKey="START_ZEROOUT_LOC_INV"
    Createprogid="XMLMigrator" Createts="2020-02-19T13:30:14+00:00"
    Createuserid="SYSTEM" FlowKey="200605101056135325"
    FlowName="ZeroOutLocationInventory"
    InvokedFlowsKey="2006071314000113507" Lockid="0"
    Modifyprogid="XMLMigrator" Modifyts="2020-02-19T13:30:14+00:00" Modifyuserid="SYSTEM"/>
<InvokedFlows ActionKey="ChangeRPEntity" Createprogid="XMLMigrator"
    Createts="2020-02-19T13:27:09+00:00" Createuserid="SYSTEM"
    FlowKey="200607132043119067" FlowName="ProcessRPEntityMessage"
    InvokedFlowsKey="200607132047059106" Lockid="0"
    Modifyprogid="XMLMigrator" Modifyts="2020-02-19T13:27:09+00:00" Modifyuserid="SYSTEM"/>
<InvokedFlows ActionKey="TASKS_RELEASED" Createprogid="XMLMigrator"
    Createts="2020-02-19T13:30:14+00:00" Createuserid="SYSTEM"
    FlowKey="200607142256457508"
    FlowName="Print Batch Sheet On Task Release"
    InvokedFlowsKey="200607142339587934" Lockid="0"
    Modifyprogid="XMLMigrator" Modifyts="2020-02-19T13:30:14+00:00" Modifyuserid="SYSTEM"/>
<InvokedFlows ActionKey="SOP_052115584444244" Createprogid="XMLMigrator"
    Createts="2020-02-19T13:32:24+00:00" Createuserid="SYSTEM"
    FlowKey="2006080414403846623" InvokedFlowsKey="200608141607107364"
    Lockid="0" Modifyprogid="XMLMigrator"
    Modifyts="2020-02-19T13:32:24+00:00" Modifyuserid="SYSTEM"/>
<InvokedFlows ActionKey="SOP_052115586666244" Createprogid="XMLMigrator"
    Createts="2020-02-19T13:32:24+00:00" Createuserid="SYSTEM"
    FlowKey="2006082818015529256" InvokedFlowsKey="200608141607107365"
    Lockid="0" Modifyprogid="XMLMigrator"
    Modifyts="2020-02-19T13:32:24+00:00" Modifyuserid="SYSTEM"/>
<InvokedFlows ActionKey="2006081016411767422" Createprogid="XMLMigrator"
    Createts="2020-02-19T13:32:24+00:00" Createuserid="SYSTEM"
    FlowKey="2006081016375667394" InvokedFlowsKey="2006082114482137934"
    Lockid="0" Modifyprogid="XMLMigrator"
    Modifyts="2020-02-19T13:32:24+00:00" Modifyuserid="SYSTEM"/>
<InvokedFlows ActionKey="2006081016394567420" Createprogid="XMLMigrator"
    Createts="2020-02-19T13:32:24+00:00" Createuserid="SYSTEM"
    FlowKey="2006081016360067379" InvokedFlowsKey="2006082114503637922"
    Lockid="0" Modifyprogid="XMLMigrator"
    Modifyts="2020-02-19T13:32:24+00:00" Modifyuserid="SYSTEM"/>
<InvokedFlows ActionKey="20070920170616223001"
    Createprogid="XMLMigrator" Createts="2020-02-19T13:27:09+00:00"
    Createuserid="SYSTEM" FlowKey="20070920164128222531"
    InvokedFlowsKey="20070920170644223004" Lockid="0"
    Modifyprogid="XMLMigrator" Modifyts="2020-02-19T13:27:09+00:00" Modifyuserid="SYSTEM"/>
<InvokedFlows ActionKey="20070920170755223009"
    Createprogid="XMLMigrator" Createts="2020-02-19T13:27:09+00:00"
    Createuserid="SYSTEM" FlowKey="20070920164618222551"
    InvokedFlowsKey="20070920170826223012" Lockid="0"
    Modifyprogid="XMLMigrator" Modifyts="2020-02-19T13:27:09+00:00" Modifyuserid="SYSTEM"/>
<InvokedFlows ActionKey="20070920170616223003"
    Createprogid="XMLMigrator" Createts="2020-02-19T13:27:09+00:00"
    Createuserid="SYSTEM" FlowKey="20071010121136124502"
    InvokedFlowsKey="20070920170826223013" Lockid="0"
    Modifyprogid="XMLMigrator" Modifyts="2020-02-19T13:27:09+00:00" Modifyuserid="SYSTEM"/>
<InvokedFlows ActionKey="20070920171100223501"
    Createprogid="XMLMigrator" Createts="2020-02-19T13:27:09+00:00"
    Createuserid="SYSTEM" FlowKey="20070920154204221070"
    InvokedFlowsKey="20070920171154223506" Lockid="0"
    Modifyprogid="XMLMigrator" Modifyts="2020-02-19T13:27:09+00:00" Modifyuserid="SYSTEM"/>
<InvokedFlows ActionKey="20070921104631226135"
    Createprogid="XMLMigrator" Createts="2020-02-19T13:27:09+00:00"
    Createuserid="SYSTEM" FlowKey="20070914145629105501"
    InvokedFlowsKey="20070921104641226138" Lockid="0"
    Modifyprogid="XMLMigrator" Modifyts="2020-02-19T13:27:09+00:00" Modifyuserid="SYSTEM"/>
<InvokedFlows ActionKey="20071127122527110503"
    Createprogid="XMLMigrator" Createts="2020-02-19T13:31:36+00:00"
    Createuserid="SYSTEM" FlowKey="20071127122550110506"
    InvokedFlowsKey="20071127122825111506" Lockid="0"
    Modifyprogid="XMLMigrator" Modifyts="2020-02-19T13:31:36+00:00" Modifyuserid="SYSTEM"/>
<InvokedFlows ActionKey="20071226144850766005"
    Createprogid="XMLMigrator" Createts="2020-02-19T13:31:36+00:00"
    Createuserid="SYSTEM" FlowKey="20080102131541825501"
    InvokedFlowsKey="20080102131831826501" Lockid="0"
    Modifyprogid="XMLMigrator" Modifyts="2020-02-19T13:31:36+00:00" Modifyuserid="SYSTEM"/>
<InvokedFlows ActionKey="ON_ASSIGNMENTS_CHANGE"
    Createprogid="XMLMigrator" Createts="2020-02-19T13:31:36+00:00"
    Createuserid="SYSTEM" FlowKey="200802290901052285589"
    InvokedFlowsKey="200802290908442285637" Lockid="0"
    Modifyprogid="XMLMigrator" Modifyts="2020-02-19T13:31:36+00:00" Modifyuserid="SYSTEM"/>
<InvokedFlows ActionKey="2009010516034321038" Createprogid="XMLMigrator"
    Createts="2020-02-19T13:31:36+00:00" Createuserid="SYSTEM"
    FlowKey="2009010516021620958" InvokedFlowsKey="2009010516035121041"
    Lockid="0" Modifyprogid="XMLMigrator"
    Modifyts="2020-02-19T13:31:36+00:00" Modifyuserid="SYSTEM"/>
<InvokedFlows ActionKey="2009010715070131222" Createprogid="XMLMigrator"
    Createts="2020-02-19T13:31:36+00:00" Createuserid="SYSTEM"
    FlowKey="2009010714555131195" InvokedFlowsKey="2009010715071831225"
    Lockid="0" Modifyprogid="XMLMigrator"
    Modifyts="2020-02-19T13:31:36+00:00" Modifyuserid="SYSTEM"/>
<InvokedFlows ActionKey="2009031710512029197" Createprogid="XMLMigrator"
    Createts="2020-02-19T13:31:36+00:00" Createuserid="SYSTEM"
    FlowKey="2009031710542729207" InvokedFlowsKey="2009031714492331024"
    Lockid="0" Modifyprogid="XMLMigrator"
    Modifyts="2020-02-19T13:31:36+00:00" Modifyuserid="SYSTEM"/>
<InvokedFlows ActionKey="2009031917514636641" Createprogid="XMLMigrator"
    Createts="2020-02-19T13:31:36+00:00" Createuserid="SYSTEM"
    FlowKey="2009031917451136578" InvokedFlowsKey="2009031917521236644"
    Lockid="0" Modifyprogid="XMLMigrator"
    Modifyts="2020-02-19T13:31:36+00:00" Modifyuserid="SYSTEM"/>
<InvokedFlows ActionKey="2009122411510322020" Createprogid="XMLMigrator"
    Createts="2020-02-19T13:31:33+00:00" Createuserid="SYSTEM"
    FlowKey="2009122411520922110" InvokedFlowsKey="2009122412043922583"
    Lockid="0" Modifyprogid="XMLMigrator"
    Modifyts="2020-02-19T13:31:33+00:00" Modifyuserid="SYSTEM"/>
<InvokedFlows ActionKey="2009122411513422023" Createprogid="XMLMigrator"
    Createts="2020-02-19T13:31:33+00:00" Createuserid="SYSTEM"
    FlowKey="2009122411584422516" InvokedFlowsKey="2009122412044722588"
    Lockid="0" Modifyprogid="XMLMigrator"
    Modifyts="2020-02-19T13:31:33+00:00" Modifyuserid="SYSTEM"/>
<InvokedFlows ActionKey="20110120152357285279"
    Createprogid="XMLMigrator" Createts="2020-02-19T13:27:09+00:00"
    Createuserid="SYSTEM" FlowKey="20110120151618285171"
    InvokedFlowsKey="20110120152406285282" Lockid="0"
    Modifyprogid="XMLMigrator" Modifyts="2020-02-19T13:27:09+00:00" Modifyuserid="SYSTEM"/>
<InvokedFlows ActionKey="SCWC_CREATE_ORDER_001"
    Createprogid="XMLMigrator" Createts="2020-02-19T13:28:25+00:00"
    Createuserid="SYSTEM" FlowKey="201108191723057126110"
    InvokedFlowsKey="20110826161311310363" Lockid="0"
    Modifyprogid="XMLMigrator" Modifyts="2020-02-19T13:28:25+00:00" Modifyuserid="SYSTEM"/>
<InvokedFlows ActionKey="SCWC_SEND_INV_CHANGE_001"
    Createprogid="XMLMigrator" Createts="2020-02-19T13:28:25+00:00"
    Createuserid="SYSTEM" FlowKey="201108221440117126601"
    InvokedFlowsKey="20110828215720314684" Lockid="0"
    Modifyprogid="XMLMigrator" Modifyts="2020-02-19T13:28:25+00:00" Modifyuserid="SYSTEM"/>
<InvokedFlows ActionKey="20110919174235120828"
    Createprogid="XMLMigrator" Createts="2020-02-19T13:28:25+00:00"
    Createuserid="SYSTEM" FlowKey="20110919172245120803"
    InvokedFlowsKey="20110919174258120831" Lockid="0"
    Modifyprogid="XMLMigrator" Modifyts="2020-02-19T13:28:25+00:00" Modifyuserid="SYSTEM"/>
<InvokedFlows ActionKey="20110919174613120840"
    Createprogid="XMLMigrator" Createts="2020-02-19T13:28:25+00:00"
    Createuserid="SYSTEM" FlowKey="20110919170749120744"
    InvokedFlowsKey="20110919174627120843" Lockid="0"
    Modifyprogid="XMLMigrator" Modifyts="2020-02-19T13:28:25+00:00" Modifyuserid="SYSTEM"/>
<InvokedFlows ActionKey="SCWC_CONF_DRAFT_ORDE_001"
    Createprogid="XMLMigrator" Createts="2020-02-19T13:28:25+00:00"
    Createuserid="SYSTEM" FlowKey="20120104115756483600"
    InvokedFlowsKey="20120104121015483634" Lockid="0"
    Modifyprogid="XMLMigrator" Modifyts="2020-02-19T13:28:25+00:00" Modifyuserid="SYSTEM"/>
<InvokedFlows ActionKey="2012022916062715203" Createprogid="XMLMigrator"
    Createts="2020-02-19T13:27:09+00:00" Createuserid="SYSTEM"
    FlowKey="EXTSENDDEMANDUPDATES" InvokedFlowsKey="2012022916062715204"
    Lockid="0" Modifyprogid="XMLMigrator"
    Modifyts="2020-02-19T13:27:09+00:00" Modifyuserid="SYSTEM"/>
<InvokedFlows ActionKey="2012022916062715209" Createprogid="XMLMigrator"
    Createts="2020-02-19T13:27:09+00:00" Createuserid="SYSTEM"
    FlowKey="SENDEXTSUPPLYADJUSTMENT"
    InvokedFlowsKey="2012022916062715210" Lockid="0"
    Modifyprogid="XMLMigrator" Modifyts="2020-02-19T13:27:09+00:00" Modifyuserid="SYSTEM"/>
<InvokedFlows ActionKey="2013062522062915467" Createprogid="XMLMigrator"
    Createts="2020-02-19T13:28:28+00:00" Createuserid="SYSTEM"
    FlowKey="2013062521583315428" InvokedFlowsKey="2013062522070915470"
    Lockid="0" Modifyprogid="XMLMigrator"
    Modifyts="2020-02-19T13:28:28+00:00" Modifyuserid="SYSTEM"/>
<InvokedFlows ActionKey="2013062522332915617" Createprogid="XMLMigrator"
    Createts="2020-02-19T13:28:28+00:00" Createuserid="SYSTEM"
    FlowKey="2013062522252915585" InvokedFlowsKey="2013062522334515620"
    Lockid="0" Modifyprogid="XMLMigrator"
    Modifyts="2020-02-19T13:28:28+00:00" Modifyuserid="SYSTEM"/>
<InvokedFlows ActionKey="ORDER_CONF_EDGE.OS" Createprogid="XMLMigrator"
    Createts="2020-02-19T13:27:09+00:00" Createuserid="SYSTEM"
    FlowKey="2013120221251116181" InvokedFlowsKey="2013121812131518248"
    Lockid="0" Modifyprogid="XMLMigrator"
    Modifyts="2020-02-19T13:27:09+00:00" Modifyuserid="SYSTEM"/>
<InvokedFlows ActionKey="ORDER_CHANGE_EDGE.OC"
    Createprogid="XMLMigrator" Createts="2020-02-19T13:27:09+00:00"
    Createuserid="SYSTEM" FlowKey="2013122411382019585"
    InvokedFlowsKey="2013122411410019613" Lockid="0"
    Modifyprogid="XMLMigrator" Modifyts="2020-02-19T13:27:09+00:00" Modifyuserid="SYSTEM"/>
<InvokedFlows ActionKey="2014022516054772236" Createprogid="XMLMigrator"
    Createts="2020-02-19T13:28:28+00:00" Createuserid="SYSTEM"
    FlowKey="2014022515281972091" InvokedFlowsKey="2014022516064072239"
    Lockid="0" Modifyprogid="XMLMigrator"
    Modifyts="2020-02-19T13:28:28+00:00" Modifyuserid="SYSTEM"/>
<InvokedFlows ActionKey="2014022516074272244" Createprogid="XMLMigrator"
    Createts="2020-02-19T13:28:28+00:00" Createuserid="SYSTEM"
    FlowKey="2014022515353672172" InvokedFlowsKey="2014022516080672247"
    Lockid="0" Modifyprogid="XMLMigrator"
    Modifyts="2020-02-19T13:28:28+00:00" Modifyuserid="SYSTEM"/>
<InvokedFlows ActionKey="2014022512514371944" Createprogid="XMLMigrator"
    Createts="2020-02-19T13:28:28+00:00" Createuserid="SYSTEM"
    FlowKey="2014022512540771950" InvokedFlowsKey="2014022516080672248"
    Lockid="0" Modifyprogid="XMLMigrator"
    Modifyts="2020-02-19T13:28:28+00:00" Modifyuserid="SYSTEM"/>
<InvokedFlows ActionKey="2014031112501291529" Createprogid="XMLMigrator"
    Createts="2020-02-19T13:28:28+00:00" Createuserid="SYSTEM"
    FlowKey="2014031112423791446" InvokedFlowsKey="2014031112502691532"
    Lockid="0" Modifyprogid="XMLMigrator"
    Modifyts="2020-02-19T13:28:28+00:00" Modifyuserid="SYSTEM"/>
<InvokedFlows ActionKey="2014022512514371945" Createprogid="XMLMigrator"
    Createts="2020-02-19T13:28:28+00:00" Createuserid="SYSTEM"
    FlowKey="2014042813494922296" InvokedFlowsKey="2014031112502691533"
    Lockid="0" Modifyprogid="XMLMigrator"
    Modifyts="2020-02-19T13:28:28+00:00" Modifyuserid="SYSTEM"/>
<InvokedFlows ActionKey="2014022516074272245" Createprogid="XMLMigrator"
    Createts="2020-02-19T13:28:28+00:00" Createuserid="SYSTEM"
    FlowKey="2014042813560722360" InvokedFlowsKey="2014031112502691534"
    Lockid="0" Modifyprogid="XMLMigrator"
    Modifyts="2020-02-19T13:28:28+00:00" Modifyuserid="SYSTEM"/>
<InvokedFlows ActionKey="20140325152757100668"
    Createprogid="XMLMigrator" Createts="2020-02-19T13:28:28+00:00"
    Createuserid="SYSTEM" FlowKey="20140325143825100539"
    InvokedFlowsKey="20140325152848100676" Lockid="0"
    Modifyprogid="XMLMigrator" Modifyts="2020-02-19T13:28:28+00:00" Modifyuserid="SYSTEM"/>
<InvokedFlows ActionKey="MARK_RULE_INACTIVE" Createprogid="XMLMigrator"
    Createts="2020-02-19T13:28:24+00:00" Createuserid="SYSTEM"
    FlowKey="20140505205430280104"
    InvokedFlowsKey="20140505215721280430" Lockid="0"
    Modifyprogid="XMLMigrator" Modifyts="2020-02-19T13:28:24+00:00" Modifyuserid="SYSTEM"/>
<InvokedFlows ActionKey="RET_CONF_EDGE.OS" Createprogid="XMLMigrator"
    Createts="2020-02-19T13:27:09+00:00" Createuserid="SYSTEM"
    FlowKey="2013120221251116181" InvokedFlowsKey="2014121812131518248"
    Lockid="0" Modifyprogid="XMLMigrator"
    Modifyts="2020-02-19T13:27:09+00:00" Modifyuserid="SYSTEM"/>
<InvokedFlows ActionKey="RET_CHANGE_EDGE.OC" Createprogid="XMLMigrator"
    Createts="2020-02-19T13:27:09+00:00" Createuserid="SYSTEM"
    FlowKey="2013122411382019585" InvokedFlowsKey="2014122411410019613"
    Lockid="0" Modifyprogid="XMLMigrator"
    Modifyts="2020-02-19T13:27:09+00:00" Modifyuserid="SYSTEM"/>
<InvokedFlows ActionKey="RET_CONF_EDGE.OS" Createprogid="XMLMigrator"
    Createts="2020-02-19T13:27:09+00:00" Createuserid="SYSTEM"
    FlowKey="2014022612094316001" InvokedFlowsKey="2014131812131518248"
    Lockid="0" Modifyprogid="XMLMigrator"
    Modifyts="2020-02-19T13:27:09+00:00" Modifyuserid="SYSTEM"/>
<InvokedFlows ActionKey="2015030209535619254" Createprogid="XMLMigrator"
    Createts="2020-02-19T13:28:30+00:00" Createuserid="SYSTEM"
    FlowKey="2015030413071719565" InvokedFlowsKey="2015030413085719589"
    Lockid="0" Modifyprogid="XMLMigrator"
    Modifyts="2020-02-19T13:28:30+00:00" Modifyuserid="SYSTEM"/>
<InvokedFlows ActionKey="2015032609535619254" Createprogid="XMLMigrator"
    Createts="2020-02-19T13:28:30+00:00" Createuserid="SYSTEM"
    FlowKey="2015032613071719565" InvokedFlowsKey="2015032613085719589"
    Lockid="0" Modifyprogid="XMLMigrator"
    Modifyts="2020-02-19T13:28:30+00:00" Modifyuserid="SYSTEM"/>
<InvokedFlows ActionKey="2015033111082152727" Createprogid="XMLMigrator"
    Createts="2020-02-19T13:28:30+00:00" Createuserid="SYSTEM"
    FlowKey="2015033111022852695" InvokedFlowsKey="2015033111084152730"
    Lockid="0" Modifyprogid="XMLMigrator"
    Modifyts="2020-02-19T13:28:30+00:00" Modifyuserid="SYSTEM"/>
<InvokedFlows ActionKey="2015041009535619254" Createprogid="XMLMigrator"
    Createts="2020-02-19T13:28:30+00:00" Createuserid="SYSTEM"
    FlowKey="2015041013071719565" InvokedFlowsKey="2015041013085719589"
    Lockid="0" Modifyprogid="XMLMigrator"
    Modifyts="2020-02-19T13:28:30+00:00" Modifyuserid="SYSTEM"/>
<InvokedFlows ActionKey="2015111814142216274" Createprogid="XMLMigrator"
    Createts="2020-02-19T13:28:30+00:00" Createuserid="SYSTEM"
    FlowKey="2015111813384916153" InvokedFlowsKey="2015111814150816277"
    Lockid="0" Modifyprogid="XMLMigrator"
    Modifyts="2020-02-19T13:28:30+00:00" Modifyuserid="SYSTEM"/>
<InvokedFlows ActionKey="2015111814170216282" Createprogid="XMLMigrator"
    Createts="2020-02-19T13:28:30+00:00" Createuserid="SYSTEM"
    FlowKey="2015111813570016212" InvokedFlowsKey="2015111814172216285"
    Lockid="0" Modifyprogid="XMLMigrator"
    Modifyts="2020-02-19T13:28:30+00:00" Modifyuserid="SYSTEM"/>
<InvokedFlows ActionKey="20161021023150310162"
    Createprogid="XMLMigrator" Createts="2020-02-19T13:31:36+00:00"
    Createuserid="SYSTEM" FlowKey="20161021023251310165"
    InvokedFlowsKey="20161021024316310197" Lockid="0"
    Modifyprogid="XMLMigrator" Modifyts="2020-02-19T13:31:36+00:00" Modifyuserid="SYSTEM"/>
<InvokedFlows ActionKey="2014022512514371944" Createprogid="XMLMigrator"
    Createts="2020-02-19T13:28:28+00:00" Createuserid="SYSTEM"
    FlowKey="2013062521583315428" InvokedFlowsKey="2020021913282812053"
    Lockid="0" Modifyprogid="XMLMigrator"
    Modifyts="2020-02-19T13:28:28+00:00" Modifyuserid="SYSTEM"/>
<InvokedFlows ActionKey="PRINT-PACKLIST" Createprogid="XMLMigrator"
    Createts="2020-02-19T13:27:09+00:00" Createuserid="SYSTEM"
    FlowKey="2003092816000317" InvokedFlowsKey="PRINT_PACK_LIST_1"
    Lockid="0" Modifyprogid="XMLMigrator"
    Modifyts="2020-02-19T13:27:09+00:00" Modifyuserid="SYSTEM"/>
<InvokedFlows ActionKey="PRINT-SHIPPINGLABEL" Createprogid="XMLMigrator"
    Createts="2020-02-19T13:27:09+00:00" Createuserid="SYSTEM"
    FlowKey="PrintShippingLabel"
    InvokedFlowsKey="PRINT_SHIPPING_LABEL_1" Lockid="0"
    Modifyprogid="XMLMigrator" Modifyts="2020-02-19T13:27:09+00:00" Modifyuserid="SYSTEM"/>
<InvokedFlows ActionKey="PROMOTION_CHANGED" Createprogid="XMLMigrator"
    Createts="2020-02-19T13:27:31+00:00" Createuserid="SYSTEM"
    FlowKey="PROMOTION_CHANGED.FLOW"
    InvokedFlowsKey="PROMO_CHANGED.INVFLOW" Lockid="0"
    Modifyprogid="XMLMigrator" Modifyts="2020-02-19T13:27:31+00:00" Modifyuserid="SYSTEM"/>
<InvokedFlows ActionKey="YCD_CSTMR_PCK_AKNWLGMNT"
    Createprogid="XMLMigrator" Createts="2020-02-19T13:32:24+00:00"
    Createuserid="SYSTEM" FlowKey="YCD_CSTMR_PCK_AKNWLGMNT"
    InvokedFlowsKey="YCD_CSTMR_PCK_AKNWLGMNT" Lockid="0"
    Modifyprogid="XMLMigrator" Modifyts="2020-02-19T13:32:24+00:00" Modifyuserid="SYSTEM"/>
<InvokedFlows ActionKey="CREATE_SHIPMENT.OS" Createprogid="XMLMigrator"
    Createts="2020-02-19T13:32:24+00:00" Createuserid="SYSTEM"
    FlowKey="YCD_ChangeStatusBackRoom"
    InvokedFlowsKey="YCD_ChangeStatusBackRoom" Lockid="0"
    Modifyprogid="XMLMigrator" Modifyts="2020-02-19T13:32:24+00:00" Modifyuserid="SYSTEM"/>
<InvokedFlows ActionKey="YCD_PRINT_PICK_TICKET"
    Createprogid="XMLMigrator" Createts="2020-02-19T13:32:24+00:00"
    Createuserid="SYSTEM" FlowKey="YCD_PrintPickTicket_Flow"
    InvokedFlowsKey="YCD_PrintPickTicket_Flow" Lockid="0"
    Modifyprogid="XMLMigrator" Modifyts="2020-02-19T13:32:24+00:00" Modifyuserid="SYSTEM"/>
</YFS_INVOKED_FLOWSList>