<?xml version="1.0" encoding="UTF-8"?>
<YFS_ACTIVITYList TableName="YFS_ACTIVITY" TotalNumberOfRecords="26">
<Activity ActivityCode="INSPECTION" ActivityGroupId="INSPECTION"
    ActivityKey="2020021913282111602" Createprogid="XMLMigrator"
    Createts="2020-02-19T13:28:21+00:00" Createuserid="SYSTEM"
    Description="Inspection" LPNType="" Lockid="0"
    Modifyprogid="XMLMigrator" Modifyts="2020-02-19T13:28:21+00:00"
    Modifyuserid="SYSTEM" SystemDefined="Y"/>
<Activity ActivityCode="VAS" ActivityGroupId="VAS"
    ActivityKey="2020021913282111603" Createprogid="XMLMigrator"
    Createts="2020-02-19T13:28:21+00:00" Createuserid="SYSTEM"
    Description="Value Added Service" LPNType="" Lockid="0"
    Modifyprogid="XMLMigrator" Modifyts="2020-02-19T13:28:21+00:00"
    Modifyuserid="SYSTEM" SystemDefined="Y"/>
<Activity ActivityCode="PACK" ActivityGroupId="PACK"
    ActivityKey="2020021913282111604" Createprogid="XMLMigrator"
    Createts="2020-02-19T13:28:21+00:00" Createuserid="SYSTEM"
    Description="Packing" LPNType="" Lockid="0"
    Modifyprogid="XMLMigrator" Modifyts="2020-02-19T13:28:21+00:00"
    Modifyuserid="SYSTEM" SystemDefined="Y"/>
<Activity ActivityCode="RESOLVE-SHORT-PICK" ActivityGroupId="PACK"
    ActivityKey="2020021913282111605" Createprogid="XMLMigrator"
    Createts="2020-02-19T13:28:21+00:00" Createuserid="SYSTEM"
    Description="Resolve short pick" LPNType="" Lockid="0"
    Modifyprogid="XMLMigrator" Modifyts="2020-02-19T13:28:21+00:00"
    Modifyuserid="SYSTEM" SystemDefined="Y"/>
<Activity ActivityCode="RECEIVE" ActivityGroupId="RECEIPT"
    ActivityKey="2020021913282111606" Createprogid="XMLMigrator"
    Createts="2020-02-19T13:28:21+00:00" Createuserid="SYSTEM"
    Description="Receive" LPNType="" Lockid="0"
    Modifyprogid="XMLMigrator" Modifyts="2020-02-19T13:28:21+00:00"
    Modifyuserid="SYSTEM" SystemDefined="Y"/>
<Activity ActivityCode="PRE-RECV" ActivityGroupId="RECEIPT"
    ActivityKey="2020021913282111607" Createprogid="XMLMigrator"
    Createts="2020-02-19T13:28:21+00:00" Createuserid="SYSTEM"
    Description="Pre-Receive" LPNType="" Lockid="0"
    Modifyprogid="XMLMigrator" Modifyts="2020-02-19T13:28:21+00:00"
    Modifyuserid="SYSTEM" SystemDefined="Y"/>
<Activity ActivityCode="RECEIVE-RETURN" ActivityGroupId="RECEIPT"
    ActivityKey="2020021913282111608" Createprogid="XMLMigrator"
    Createts="2020-02-19T13:28:21+00:00" Createuserid="SYSTEM"
    Description="Receive-Return" LPNType="" Lockid="0"
    Modifyprogid="XMLMigrator" Modifyts="2020-02-19T13:28:21+00:00"
    Modifyuserid="SYSTEM" SystemDefined="Y"/>
<Activity ActivityCode="MANIFEST" ActivityGroupId="SHIP"
    ActivityKey="2020021913282111609" Createprogid="XMLMigrator"
    Createts="2020-02-19T13:28:21+00:00" Createuserid="SYSTEM"
    Description="Manifest" LPNType="" Lockid="0"
    Modifyprogid="XMLMigrator" Modifyts="2020-02-19T13:28:21+00:00"
    Modifyuserid="SYSTEM" SystemDefined="Y"/>
<Activity ActivityCode="TRAILER-LOAD" ActivityGroupId="SHIP"
    ActivityKey="2020021913282111610" Createprogid="XMLMigrator"
    Createts="2020-02-19T13:28:21+00:00" Createuserid="SYSTEM"
    Description="Trailer Loading" LPNType="" Lockid="0"
    Modifyprogid="XMLMigrator" Modifyts="2020-02-19T13:28:21+00:00"
    Modifyuserid="SYSTEM" SystemDefined="Y"/>
<Activity ActivityCode="TRAILER-UNLOAD" ActivityGroupId="RECEIPT"
    ActivityKey="2020021913282111611" Createprogid="XMLMigrator"
    Createts="2020-02-19T13:28:21+00:00" Createuserid="SYSTEM"
    Description="Trailer Unloading" LPNType="" Lockid="0"
    Modifyprogid="XMLMigrator" Modifyts="2020-02-19T13:28:21+00:00"
    Modifyuserid="SYSTEM" SystemDefined="Y"/>
<Activity ActivityCode="ARRIVAL" ActivityGroupId="TRANSPORTATION"
    ActivityKey="2020021913282111612" Createprogid="XMLMigrator"
    Createts="2020-02-19T13:28:21+00:00" Createuserid="SYSTEM"
    Description="Arrival" LPNType="" Lockid="0"
    Modifyprogid="XMLMigrator" Modifyts="2020-02-19T13:28:21+00:00"
    Modifyuserid="SYSTEM" SystemDefined="Y"/>
<Activity ActivityCode="DEPARTURE" ActivityGroupId="TRANSPORTATION"
    ActivityKey="2020021913282111613" Createprogid="XMLMigrator"
    Createts="2020-02-19T13:28:21+00:00" Createuserid="SYSTEM"
    Description="Departure" LPNType="" Lockid="0"
    Modifyprogid="XMLMigrator" Modifyts="2020-02-19T13:28:21+00:00"
    Modifyuserid="SYSTEM" SystemDefined="Y"/>
<Activity ActivityCode="STORAGE" ActivityGroupId="PUTAWAY"
    ActivityKey="2020021913302515693" Createprogid="XMLMigrator"
    Createts="2020-02-19T13:30:25+00:00" Createuserid="SYSTEM"
    Description="Moving to Storage" LPNType="" Lockid="0"
    Modifyprogid="XMLMigrator" Modifyts="2020-02-19T13:30:25+00:00"
    Modifyuserid="SYSTEM" SystemDefined="Y"/>
<Activity ActivityCode="SHIPPING-PALLET-BUILD"
    ActivityGroupId="SHIPPING_CONTAINER_BUILD"
    ActivityKey="2020021913302515694" Createprogid="XMLMigrator"
    Createts="2020-02-19T13:30:25+00:00" Createuserid="SYSTEM"
    Description="Build Shipping Pallet" LPNType="Pallet" Lockid="0"
    Modifyprogid="XMLMigrator" Modifyts="2020-02-19T13:30:25+00:00"
    Modifyuserid="SYSTEM" SystemDefined="Y"/>
<Activity ActivityCode="LOAD-PALLET-BUILD"
    ActivityGroupId="SHIPPING_CONTAINER_BUILD"
    ActivityKey="2020021913302515695" Createprogid="XMLMigrator"
    Createts="2020-02-19T13:30:25+00:00" Createuserid="SYSTEM"
    Description="Build Load Pallet" LPNType="Pallet" Lockid="0"
    Modifyprogid="XMLMigrator" Modifyts="2020-02-19T13:30:25+00:00"
    Modifyuserid="SYSTEM" SystemDefined="Y"/>
<Activity ActivityCode="INVENTORY-PALLET-BUILD"
    ActivityGroupId="OUTBOUND_INVENTORY_CONTAINER_BUILD"
    ActivityKey="2020021913302515696" Createprogid="XMLMigrator"
    Createts="2020-02-19T13:30:25+00:00" Createuserid="SYSTEM"
    Description="Build Inventory Pallet" LPNType="Pallet" Lockid="0"
    Modifyprogid="XMLMigrator" Modifyts="2020-02-19T13:30:25+00:00"
    Modifyuserid="SYSTEM" SystemDefined="Y"/>
<Activity ActivityCode="OVERPACK"
    ActivityGroupId="SHIPPING_CONTAINER_BUILD"
    ActivityKey="2020021913302515697" Createprogid="XMLMigrator"
    Createts="2020-02-19T13:30:25+00:00" Createuserid="SYSTEM"
    Description="Overpack" LPNType="Case" Lockid="0"
    Modifyprogid="XMLMigrator" Modifyts="2020-02-19T13:30:25+00:00"
    Modifyuserid="SYSTEM" SystemDefined="Y"/>
<Activity ActivityCode="ItemPick" ActivityGroupId="OUTBOUND_PICKING"
    ActivityKey="2020021913302515698" Createprogid="XMLMigrator"
    Createts="2020-02-19T13:30:25+00:00" Createuserid="SYSTEM"
    Description="Item Pick" LPNType="" Lockid="0"
    Modifyprogid="XMLMigrator" Modifyts="2020-02-19T13:30:25+00:00"
    Modifyuserid="SYSTEM" SystemDefined="Y"/>
<Activity ActivityCode="OrderPick" ActivityGroupId="OUTBOUND_PICKING"
    ActivityKey="2020021913302515699" Createprogid="XMLMigrator"
    Createts="2020-02-19T13:30:25+00:00" Createuserid="SYSTEM"
    Description="Order Pick" LPNType="" Lockid="0"
    Modifyprogid="XMLMigrator" Modifyts="2020-02-19T13:30:25+00:00"
    Modifyuserid="SYSTEM" SystemDefined="Y"/>
<Activity ActivityCode="BatchPick" ActivityGroupId="OUTBOUND_PICKING"
    ActivityKey="2020021913302515700" Createprogid="XMLMigrator"
    Createts="2020-02-19T13:30:25+00:00" Createuserid="SYSTEM"
    Description="Batch Pick" LPNType="" Lockid="0"
    Modifyprogid="XMLMigrator" Modifyts="2020-02-19T13:30:25+00:00"
    Modifyuserid="SYSTEM" SystemDefined="Y"/>
<Activity ActivityCode="Replenishment" ActivityGroupId="REPLENISHMENT"
    ActivityKey="2020021913302515701" Createprogid="XMLMigrator"
    Createts="2020-02-19T13:30:25+00:00" Createuserid="SYSTEM"
    Description="Replenishment Retrieval" LPNType="" Lockid="0"
    Modifyprogid="XMLMigrator" Modifyts="2020-02-19T13:30:25+00:00"
    Modifyuserid="SYSTEM" SystemDefined="Y"/>
<Activity ActivityCode="RETRIEVAL" ActivityGroupId="RETRIEVAL"
    ActivityKey="2020021913302515702" Createprogid="XMLMigrator"
    Createts="2020-02-19T13:30:25+00:00" Createuserid="SYSTEM"
    Description="General Retrieval" LPNType="" Lockid="0"
    Modifyprogid="XMLMigrator" Modifyts="2020-02-19T13:30:25+00:00"
    Modifyuserid="SYSTEM" SystemDefined="Y"/>
<Activity ActivityCode="COUNT" ActivityGroupId="COUNT"
    ActivityKey="2020021913302515703" Createprogid="XMLMigrator"
    Createts="2020-02-19T13:30:25+00:00" Createuserid="SYSTEM"
    Description="Counting" LPNType="" Lockid="0"
    Modifyprogid="XMLMigrator" Modifyts="2020-02-19T13:30:25+00:00"
    Modifyuserid="SYSTEM" SystemDefined="Y"/>
<Activity ActivityCode="CART-BUILD" ActivityGroupId="CART_BUILD"
    ActivityKey="2020021913302515704" Createprogid="XMLMigrator"
    Createts="2020-02-19T13:30:25+00:00" Createuserid="SYSTEM"
    Description="Cart Build" LPNType="" Lockid="0"
    Modifyprogid="XMLMigrator" Modifyts="2020-02-19T13:30:25+00:00"
    Modifyuserid="SYSTEM" SystemDefined="Y"/>
<Activity ActivityCode="EXPIRED-INV-CHECK" ActivityGroupId="INSPECTION"
    ActivityKey="2020021913302515705" Createprogid="XMLMigrator"
    Createts="2020-02-19T13:30:25+00:00" Createuserid="SYSTEM"
    Description="Moving Expired Inventory for Inspection" LPNType=""
    Lockid="0" Modifyprogid="XMLMigrator"
    Modifyts="2020-02-19T13:30:25+00:00" Modifyuserid="SYSTEM" SystemDefined="Y"/>
<Activity ActivityCode="RETURN-TO-VENDOR" ActivityGroupId="RECEIPT"
    ActivityKey="2020021913302515706" Createprogid="XMLMigrator"
    Createts="2020-02-19T13:30:25+00:00" Createuserid="SYSTEM"
    Description="Return To Vendor" LPNType="" Lockid="0"
    Modifyprogid="XMLMigrator" Modifyts="2020-02-19T13:30:25+00:00"
    Modifyuserid="SYSTEM" SystemDefined="Y"/>
</YFS_ACTIVITYList>