<?xml version="1.0" encoding="UTF-8"?>
<YFS_ORG_ENTERPRISEList TableName="YFS_ORG_ENTERPRISE" TotalNumberOfRecords="31">
<OrgEnterprise Createprogid=".YCPOrgDetailsAPI"
    Createts="2020-03-09T11:33:50+00:00" Createuserid="admin"
    EnterpriseOrganizationKey="DEFAULT" Lockid="0"
    Modifyprogid=".YCPOrgDetailsAPI"
    Modifyts="2020-03-09T11:33:50+00:00" Modifyuserid="admin"
    OrgEnterpriseKey="2020030911335029059" OrganizationKey="STO.264"/>
<OrgEnterprise Createprogid=".YCPOrgDetailsAPI"
    Createts="2020-04-09T13:10:08+00:00" Createuserid="admin"
    EnterpriseOrganizationKey="DEFAULT" Lockid="0"
    Modifyprogid=".YCPOrgDetailsAPI"
    Modifyts="2020-04-09T13:10:08+00:00" Modifyuserid="admin"
    OrgEnterpriseKey="2020040913100833052" OrganizationKey="GRP_ORG_0001"/>
<OrgEnterprise Createprogid=".YCPOrgDetailsAPI"
    Createts="2020-04-09T13:14:28+00:00" Createuserid="admin"
    EnterpriseOrganizationKey="SUPPLIERS" Lockid="0"
    Modifyprogid=".YCPOrgDetailsAPI"
    Modifyts="2020-04-09T13:14:28+00:00" Modifyuserid="admin"
    OrgEnterpriseKey="2020040913142833085" OrganizationKey="SUPPLIERS"/>
<OrgEnterprise Createprogid=".YCPOrgDetailsAPI"
    Createts="2020-04-09T13:16:41+00:00" Createuserid="admin"
    EnterpriseOrganizationKey="GRP_ORG_0001" Lockid="0"
    Modifyprogid=".YCPOrgDetailsAPI"
    Modifyts="2020-04-09T13:16:41+00:00" Modifyuserid="admin"
    OrgEnterpriseKey="2020040913164133103" OrganizationKey="GRP_ORG_0001"/>
<OrgEnterprise Createprogid=".YCPOrgDetailsAPI"
    Createts="2020-04-09T13:26:02+00:00" Createuserid="admin"
    EnterpriseOrganizationKey="BUSINESS_ORG_0001" Lockid="0"
    Modifyprogid=".YCPOrgDetailsAPI"
    Modifyts="2020-04-09T13:26:02+00:00" Modifyuserid="admin"
    OrgEnterpriseKey="2020040913260233133" OrganizationKey="BUSINESS_ORG_0001"/>
<OrgEnterprise Createprogid=".YCPOrgDetailsAPI"
    Createts="2020-04-10T11:01:34+00:00"
    Createuserid="bharat_rajagopalan@uk.ibm.com"
    EnterpriseOrganizationKey="BUSINESS_ORG_0001" Lockid="0"
    Modifyprogid=".YCPOrgDetailsAPI"
    Modifyts="2020-04-10T11:01:34+00:00"
    Modifyuserid="bharat_rajagopalan@uk.ibm.com"
    OrgEnterpriseKey="2020041011013435017" OrganizationKey="WH_000001"/>
<OrgEnterprise Createprogid=".YCPOrgDetailsAPI"
    Createts="2020-04-10T11:16:30+00:00"
    Createuserid="bharat_rajagopalan@uk.ibm.com"
    EnterpriseOrganizationKey="BUSINESS_ORG_0001" Lockid="0"
    Modifyprogid=".YCPOrgDetailsAPI"
    Modifyts="2020-04-10T11:16:30+00:00"
    Modifyuserid="bharat_rajagopalan@uk.ibm.com"
    OrgEnterpriseKey="2020041011163035033" OrganizationKey="WH_000002"/>
<OrgEnterprise Createprogid=".YCPOrgDetailsAPI"
    Createts="2020-04-10T11:53:58+00:00"
    Createuserid="bharat_rajagopalan@uk.ibm.com"
    EnterpriseOrganizationKey="BUSINESS_ORG_0001" Lockid="0"
    Modifyprogid=".YCPOrgDetailsAPI"
    Modifyts="2020-04-10T11:53:58+00:00"
    Modifyuserid="bharat_rajagopalan@uk.ibm.com"
    OrgEnterpriseKey="2020041011535835065" OrganizationKey="STORE_00001"/>
<OrgEnterprise Createprogid=".YCPOrgDetailsAPI"
    Createts="2020-04-10T11:56:47+00:00"
    Createuserid="bharat_rajagopalan@uk.ibm.com"
    EnterpriseOrganizationKey="BUSINESS_ORG_0001" Lockid="0"
    Modifyprogid=".YCPOrgDetailsAPI"
    Modifyts="2020-04-10T11:56:47+00:00"
    Modifyuserid="bharat_rajagopalan@uk.ibm.com"
    OrgEnterpriseKey="2020041011564735079" OrganizationKey="STORE_000002"/>
<OrgEnterprise Createprogid=".YCPOrgDetailsAPI"
    Createts="2020-04-10T12:54:17+00:00"
    Createuserid="bharat_rajagopalan@uk.ibm.com"
    EnterpriseOrganizationKey="BUSINESS_ORG_0001" Lockid="0"
    Modifyprogid=".YCPOrgDetailsAPI"
    Modifyts="2020-04-10T12:54:17+00:00"
    Modifyuserid="bharat_rajagopalan@uk.ibm.com"
    OrgEnterpriseKey="2020041012541735343" OrganizationKey="SUP_000001"/>
<OrgEnterprise Createprogid=".YCPOrgDetailsAPI"
    Createts="2020-04-10T12:59:23+00:00"
    Createuserid="bharat_rajagopalan@uk.ibm.com"
    EnterpriseOrganizationKey="BUSINESS_ORG_0001" Lockid="0"
    Modifyprogid=".YCPOrgDetailsAPI"
    Modifyts="2020-04-10T12:59:23+00:00"
    Modifyuserid="bharat_rajagopalan@uk.ibm.com"
    OrgEnterpriseKey="2020041012592335349" OrganizationKey="CARRIERS"/>
<OrgEnterprise Createprogid=".YCPOrgDetailsAPI"
    Createts="2020-04-10T13:01:56+00:00"
    Createuserid="bharat_rajagopalan@uk.ibm.com"
    EnterpriseOrganizationKey="CARRIERS" Lockid="0"
    Modifyprogid=".YCPOrgDetailsAPI"
    Modifyts="2020-04-10T13:01:56+00:00"
    Modifyuserid="bharat_rajagopalan@uk.ibm.com"
    OrgEnterpriseKey="2020041013015635414" OrganizationKey="CARRIERS"/>
<OrgEnterprise Createprogid=".YCPOrgDetailsAPI"
    Createts="2020-04-10T13:05:20+00:00"
    Createuserid="bharat_rajagopalan@uk.ibm.com"
    EnterpriseOrganizationKey="DEFAULT" Lockid="0"
    Modifyprogid=".YCPOrgDetailsAPI"
    Modifyts="2020-04-10T13:05:20+00:00"
    Modifyuserid="bharat_rajagopalan@uk.ibm.com"
    OrgEnterpriseKey="2020041013052035465" OrganizationKey="PurolatorCourier"/>
<OrgEnterprise Createprogid=".YCPOrgDetailsAPI"
    Createts="2020-04-10T13:09:02+00:00"
    Createuserid="bharat_rajagopalan@uk.ibm.com"
    EnterpriseOrganizationKey="DEFAULT" Lockid="0"
    Modifyprogid=".YCPOrgDetailsAPI"
    Modifyts="2020-04-10T13:09:02+00:00"
    Modifyuserid="bharat_rajagopalan@uk.ibm.com"
    OrgEnterpriseKey="2020041013090235476" OrganizationKey="ROYALMAIL"/>
<OrgEnterprise Createprogid="XMLMigrator"
    Createts="2020-04-22T16:54:59+00:00" Createuserid="SYSTEM"
    EnterpriseOrganizationKey="WCIntegrationOrg" Lockid="0"
    Modifyprogid="XMLMigrator" Modifyts="2020-04-22T16:54:59+00:00"
    Modifyuserid="SYSTEM" OrgEnterpriseKey="2020042216545970505" OrganizationKey="WCIntegrationOrg"/>
<OrgEnterprise Createprogid=".YCPOrgDetailsAPI"
    Createts="2020-04-25T15:10:00+00:00"
    Createuserid="ramaalla@in.ibm.com"
    EnterpriseOrganizationKey="BUSINESS_ORG_0001" Lockid="0"
    Modifyprogid=".YCPOrgDetailsAPI"
    Modifyts="2020-04-25T15:10:00+00:00"
    Modifyuserid="ramaalla@in.ibm.com"
    OrgEnterpriseKey="2020042515100074073" OrganizationKey="STORE_000001"/>
<OrgEnterprise Createprogid=".YCPOrgDetailsAPI"
    Createts="2020-04-25T15:43:18+00:00"
    Createuserid="ramaalla@in.ibm.com"
    EnterpriseOrganizationKey="BUSINESS_ORG_0001" Lockid="0"
    Modifyprogid=".YCPOrgDetailsAPI"
    Modifyts="2020-04-25T15:43:18+00:00"
    Modifyuserid="ramaalla@in.ibm.com"
    OrgEnterpriseKey="2020042515431874095" OrganizationKey="STORE_000003"/>
<OrgEnterprise Createprogid=".YCPOrgDetailsAPI"
    Createts="2020-04-25T15:45:02+00:00"
    Createuserid="ramaalla@in.ibm.com"
    EnterpriseOrganizationKey="BUSINESS_ORG_0001" Lockid="0"
    Modifyprogid=".YCPOrgDetailsAPI"
    Modifyts="2020-04-25T15:45:02+00:00"
    Modifyuserid="ramaalla@in.ibm.com"
    OrgEnterpriseKey="2020042515450274109" OrganizationKey="STORE_000004"/>
<OrgEnterprise Createprogid=".YCPOrgDetailsAPI"
    Createts="2020-04-25T15:46:34+00:00"
    Createuserid="ramaalla@in.ibm.com"
    EnterpriseOrganizationKey="BUSINESS_ORG_0001" Lockid="0"
    Modifyprogid=".YCPOrgDetailsAPI"
    Modifyts="2020-04-25T15:46:34+00:00"
    Modifyuserid="ramaalla@in.ibm.com"
    OrgEnterpriseKey="2020042515463474123" OrganizationKey="STORE_000005"/>
<OrgEnterprise Createprogid=".YCPOrgDetailsAPI"
    Createts="2020-04-25T15:48:52+00:00"
    Createuserid="ramaalla@in.ibm.com"
    EnterpriseOrganizationKey="BUSINESS_ORG_0001" Lockid="0"
    Modifyprogid=".YCPOrgDetailsAPI"
    Modifyts="2020-04-25T15:48:52+00:00"
    Modifyuserid="ramaalla@in.ibm.com"
    OrgEnterpriseKey="2020042515485274141" OrganizationKey="WH_000003"/>
<OrgEnterprise Createprogid=".YCPOrgDetailsAPI"
    Createts="2020-04-25T15:50:40+00:00"
    Createuserid="ramaalla@in.ibm.com"
    EnterpriseOrganizationKey="BUSINESS_ORG_0001" Lockid="0"
    Modifyprogid=".YCPOrgDetailsAPI"
    Modifyts="2020-04-25T15:50:40+00:00"
    Modifyuserid="ramaalla@in.ibm.com"
    OrgEnterpriseKey="2020042515504074155" OrganizationKey="WH_000004"/>
<OrgEnterprise Createprogid=".YCPOrgDetailsAPI"
    Createts="2020-04-25T15:52:34+00:00"
    Createuserid="ramaalla@in.ibm.com"
    EnterpriseOrganizationKey="BUSINESS_ORG_0001" Lockid="0"
    Modifyprogid=".YCPOrgDetailsAPI"
    Modifyts="2020-04-25T15:52:34+00:00"
    Modifyuserid="ramaalla@in.ibm.com"
    OrgEnterpriseKey="2020042515523474181" OrganizationKey="SUP_000002"/>
<OrgEnterprise Createprogid="SYSTEM"
    Createts="2020-02-19T13:26:53+00:00" Createuserid="SYSTEM"
    EnterpriseOrganizationKey="DEFAULT" Lockid="0" Modifyprogid="SYSTEM"
    Modifyts="2020-02-19T13:26:53+00:00" Modifyuserid="SYSTEM"
    OrgEnterpriseKey="DEFAULT" OrganizationKey="DEFAULT"/>
<OrgEnterprise Createprogid="SYSTEM"
    Createts="2020-02-19T13:26:53+00:00" Createuserid="SYSTEM"
    EnterpriseOrganizationKey="DEFAULT" Lockid="0" Modifyprogid="SYSTEM"
    Modifyts="2020-02-19T13:26:53+00:00" Modifyuserid="SYSTEM"
    OrgEnterpriseKey="FEDX" OrganizationKey="FEDX"/>
<OrgEnterprise Createprogid="SYSTEM"
    Createts="2020-02-19T13:26:53+00:00" Createuserid="SYSTEM"
    EnterpriseOrganizationKey="DEFAULT" Lockid="0" Modifyprogid="SYSTEM"
    Modifyts="2020-02-19T13:26:53+00:00" Modifyuserid="SYSTEM"
    OrgEnterpriseKey="Purolator" OrganizationKey="Purolator"/>
<OrgEnterprise Createprogid="SYSTEM"
    Createts="2020-02-19T13:26:53+00:00" Createuserid="SYSTEM"
    EnterpriseOrganizationKey="DEFAULT" Lockid="0" Modifyprogid="SYSTEM"
    Modifyts="2020-02-19T13:26:53+00:00" Modifyuserid="SYSTEM"
    OrgEnterpriseKey="UPSA" OrganizationKey="UPSA"/>
<OrgEnterprise Createprogid="SYSTEM"
    Createts="2020-02-19T13:26:53+00:00" Createuserid="SYSTEM"
    EnterpriseOrganizationKey="DEFAULT" Lockid="0" Modifyprogid="SYSTEM"
    Modifyts="2020-02-19T13:26:53+00:00" Modifyuserid="SYSTEM"
    OrgEnterpriseKey="UPSC" OrganizationKey="UPSC"/>
<OrgEnterprise Createprogid="SYSTEM"
    Createts="2020-02-19T13:26:53+00:00" Createuserid="SYSTEM"
    EnterpriseOrganizationKey="DEFAULT" Lockid="0" Modifyprogid="SYSTEM"
    Modifyts="2020-02-19T13:26:53+00:00" Modifyuserid="SYSTEM"
    OrgEnterpriseKey="UPSE" OrganizationKey="UPSE"/>
<OrgEnterprise Createprogid="SYSTEM"
    Createts="2020-02-19T13:26:53+00:00" Createuserid="SYSTEM"
    EnterpriseOrganizationKey="DEFAULT" Lockid="0" Modifyprogid="SYSTEM"
    Modifyts="2020-02-19T13:26:53+00:00" Modifyuserid="SYSTEM"
    OrgEnterpriseKey="UPSL" OrganizationKey="UPSL"/>
<OrgEnterprise Createprogid="SYSTEM"
    Createts="2020-02-19T13:26:53+00:00" Createuserid="SYSTEM"
    EnterpriseOrganizationKey="DEFAULT" Lockid="0" Modifyprogid="SYSTEM"
    Modifyts="2020-02-19T13:26:53+00:00" Modifyuserid="SYSTEM"
    OrgEnterpriseKey="UPSN" OrganizationKey="UPSN"/>
<OrgEnterprise Createprogid="SYSTEM"
    Createts="2020-02-19T13:26:53+00:00" Createuserid="SYSTEM"
    EnterpriseOrganizationKey="DEFAULT" Lockid="0" Modifyprogid="SYSTEM"
    Modifyts="2020-02-19T13:26:53+00:00" Modifyuserid="SYSTEM"
    OrgEnterpriseKey="USPS" OrganizationKey="USPS"/>
</YFS_ORG_ENTERPRISEList>