<?xml version="1.0" encoding="UTF-8"?>
<YFS_DISTRIBUTION_RULEList TableName="YFS_DISTRIBUTION_RULE" TotalNumberOfRecords="9">
<DistributionRule Createprogid=".YCPDistributionRuleAPI"
    Createts="2020-04-23T10:00:57+00:00"
    Createuserid="adhulipa@in.ibm.com" DefaultFlag="N"
    Description="GRP Store Distribution Group"
    DistributionRuleId="GRP_STO_DG"
    DistributionRuleKey="2020042310005771679" ItemGroupCode="PROD"
    Lockid="1" Modifyprogid=".YEntityServlet"
    Modifyts="2020-04-23T10:01:39+00:00"
    Modifyuserid="adhulipa@in.ibm.com" OwnerKey="GRP_ORG_0001" Purpose="SOURCING"/>
<DistributionRule Createprogid=".YCPDistributionRuleAPI"
    Createts="2020-04-23T10:11:45+00:00"
    Createuserid="adhulipa@in.ibm.com" DefaultFlag="N"
    Description="Business Organization Store Distribution Group"
    DistributionRuleId="BUS_ORG_STO_DG"
    DistributionRuleKey="2020042310114571705" ItemGroupCode="PROD"
    Lockid="0" Modifyprogid=".YCPDistributionRuleAPI"
    Modifyts="2020-04-23T10:11:45+00:00"
    Modifyuserid="adhulipa@in.ibm.com" OwnerKey="BUSINESS_ORG_0001" Purpose="SOURCING"/>
<DistributionRule Createprogid=".YCPDistributionRuleAPI"
    Createts="2020-04-25T15:59:21+00:00"
    Createuserid="ramaalla@in.ibm.com" DefaultFlag="N"
    Description="Store pickup distribution group"
    DistributionRuleId="STORE_PICK_DG"
    DistributionRuleKey="2020042515592174208" ItemGroupCode="PROD"
    Lockid="0" Modifyprogid=".YCPDistributionRuleAPI"
    Modifyts="2020-04-25T15:59:21+00:00"
    Modifyuserid="ramaalla@in.ibm.com" OwnerKey="BUSINESS_ORG_0001" Purpose="SOURCING"/>
<DistributionRule Createprogid=".YCPDistributionRuleAPI"
    Createts="2020-04-25T16:02:29+00:00"
    Createuserid="ramaalla@in.ibm.com" DefaultFlag="N"
    Description="Home delivery distribution group"
    DistributionRuleId="HOME_DELIVERY_DG"
    DistributionRuleKey="2020042516022974250" ItemGroupCode="PROD"
    Lockid="0" Modifyprogid=".YCPDistributionRuleAPI"
    Modifyts="2020-04-25T16:02:29+00:00"
    Modifyuserid="ramaalla@in.ibm.com" OwnerKey="BUSINESS_ORG_0001" Purpose="SOURCING"/>
<DistributionRule Createprogid=".YCPDistributionRuleAPI"
    Createts="2020-04-25T17:18:32+00:00"
    Createuserid="ramaalla@in.ibm.com" DefaultFlag="N"
    Description="Stores distrubution group"
    DistributionRuleId="STORES_DG_SHP"
    DistributionRuleKey="2020042517183274308" ItemGroupCode="PROD"
    Lockid="0" Modifyprogid=".YCPDistributionRuleAPI"
    Modifyts="2020-04-25T17:18:32+00:00"
    Modifyuserid="ramaalla@in.ibm.com" OwnerKey="BUSINESS_ORG_0001" Purpose="SOURCING"/>
<DistributionRule Createprogid=".YCPDistributionRuleAPI"
    Createts="2020-04-25T17:23:30+00:00"
    Createuserid="ramaalla@in.ibm.com" DefaultFlag="N"
    Description="Warehouse distribution group shipping"
    DistributionRuleId="WAREHOUSE_DG_SHP"
    DistributionRuleKey="2020042517233074335" ItemGroupCode="PROD"
    Lockid="0" Modifyprogid=".YCPDistributionRuleAPI"
    Modifyts="2020-04-25T17:23:30+00:00"
    Modifyuserid="ramaalla@in.ibm.com" OwnerKey="BUSINESS_ORG_0001" Purpose="SOURCING"/>
<DistributionRule Createprogid=".YCPDistributionRuleAPI"
    Createts="2020-04-25T17:26:48+00:00"
    Createuserid="ramaalla@in.ibm.com" DefaultFlag="N"
    Description="Warehouse distrubution group delivery"
    DistributionRuleId="WAREHOUSE_DG_DEL"
    DistributionRuleKey="2020042517264874356" ItemGroupCode="DS"
    Lockid="0" Modifyprogid=".YCPDistributionRuleAPI"
    Modifyts="2020-04-25T17:26:48+00:00"
    Modifyuserid="ramaalla@in.ibm.com" OwnerKey="BUSINESS_ORG_0001" Purpose="SOURCING"/>
<DistributionRule Createprogid=".YCPDistributionRuleAPI"
    Createts="2020-04-25T17:36:13+00:00"
    Createuserid="ramaalla@in.ibm.com" DefaultFlag="N"
    Description="Warehouse distribution group provided services"
    DistributionRuleId="WAREHOUSE_DG_PS"
    DistributionRuleKey="2020042517361374378" ItemGroupCode="PS"
    Lockid="0" Modifyprogid=".YCPDistributionRuleAPI"
    Modifyts="2020-04-25T17:36:13+00:00"
    Modifyuserid="ramaalla@in.ibm.com" OwnerKey="BUSINESS_ORG_0001" Purpose="SOURCING"/>
<DistributionRule Createprogid=".YCPDistributionRuleAPI"
    Createts="2020-04-25T17:56:31+00:00"
    Createuserid="ramaalla@in.ibm.com" DefaultFlag="N"
    Description="Distribution group procurement"
    DistributionRuleId="PROCUREMENT_DG"
    DistributionRuleKey="2020042517563174403" ItemGroupCode="PROD"
    Lockid="0" Modifyprogid=".YCPDistributionRuleAPI"
    Modifyts="2020-04-25T17:56:31+00:00"
    Modifyuserid="ramaalla@in.ibm.com" OwnerKey="BUSINESS_ORG_0001" Purpose="PROCUREMENT"/>
</YFS_DISTRIBUTION_RULEList>