<?xml version="1.0" encoding="UTF-8"?>
<YFS_USER_GROUPList TableName="YFS_USER_GROUP" TotalNumberOfRecords="16">
<UserGroup Activateflag="" BusinessKey="" Createprogid="XMLMigrator"
    Createts="2020-04-22T16:54:59+00:00" Createuserid="SYSTEM"
    GroupOwnerId="" GroupType="" Lockid="0" Modifyprogid="XMLMigrator"
    Modifyts="2020-04-22T16:54:59+00:00" Modifyuserid="SYSTEM"
    OwnerKey="WCIntegrationOrg" OwnerType="" TemplateGroup=""
    UsergroupDescription="WCIntegrationGroup"
    UsergroupId="WCIntegrationGroup" UsergroupKey="20120119125225569235" UsergroupName="WCIntegrationGroup"/>
<UserGroup Activateflag="" BusinessKey="" Createprogid="XMLMigrator"
    Createts="2020-02-19T13:34:09+00:00" Createuserid="SYSTEM"
    GroupOwnerId="" GroupType="" Lockid="0" Modifyprogid="XMLMigrator"
    Modifyts="2020-02-19T13:34:09+00:00" Modifyuserid="SYSTEM"
    OwnerKey="DEFAULT" OwnerType="" TemplateGroup=""
    UsergroupDescription="User Group for Item Administrators"
    UsergroupId="ItemAdministratorGroup" UsergroupKey="CATALOG_USERS" UsergroupName="Item Administrator"/>
<UserGroup Activateflag="" BusinessKey="" Createprogid="XMLMigrator"
    Createts="2020-02-19T13:34:09+00:00" Createuserid="SYSTEM"
    GroupOwnerId="" GroupType="" Lockid="0" Modifyprogid="XMLMigrator"
    Modifyts="2020-02-19T13:34:09+00:00" Modifyuserid="SYSTEM"
    OwnerKey="DEFAULT" OwnerType="" TemplateGroup=""
    UsergroupDescription="User Group for Customer Administrators"
    UsergroupId="CustAdministratorGroup" UsergroupKey="CUSTOMER_USERS" UsergroupName="Customer Administrator"/>
<UserGroup Activateflag="" BusinessKey="DEFAULT"
    Createprogid="XMLMigrator" Createts="2020-02-19T13:31:39+00:00"
    Createuserid="SYSTEM" GroupOwnerId="" GroupType="" Lockid="0"
    Modifyprogid="XMLMigrator" Modifyts="2020-02-19T13:31:39+00:00"
    Modifyuserid="SYSTEM" OwnerKey="DEFAULT" OwnerType=""
    TemplateGroup=""
    UsergroupDescription="User Group for Field Sales Representatives"
    UsergroupId="FieldSalesRepGroup"
    UsergroupKey="FIELD_SALES_REP_GROUP" UsergroupName="Field Sales Representative Group"/>
<UserGroup Activateflag="" BusinessKey="" Createprogid="XMLMigrator"
    Createts="2020-02-19T13:28:25+00:00" Createuserid="SYSTEM"
    GroupOwnerId="" GroupType="" Lockid="0" Modifyprogid="XMLMigrator"
    Modifyts="2020-02-19T13:28:25+00:00" Modifyuserid="SYSTEM"
    OwnerKey="DEFAULT" OwnerType="" TemplateGroup="N"
    UsergroupDescription="Guest" UsergroupId="GUEST"
    UsergroupKey="GUEST" UsergroupName="Guest"/>
<UserGroup Activateflag="" BusinessKey="" Createprogid="XMLMigrator"
    Createts="2020-02-19T13:34:09+00:00" Createuserid="SYSTEM"
    GroupOwnerId="" GroupType="" Lockid="0" Modifyprogid="XMLMigrator"
    Modifyts="2020-02-19T13:34:09+00:00" Modifyuserid="SYSTEM"
    OwnerKey="DEFAULT" OwnerType="" TemplateGroup=""
    UsergroupDescription="User Group for Inventory Administrators"
    UsergroupId="InventoryAdminGroup" UsergroupKey="INVENTORY_USERS" UsergroupName="Inventory Administrator"/>
<UserGroup Activateflag="" BusinessKey="DEFAULT"
    Createprogid="XMLMigrator" Createts="2020-02-19T13:31:39+00:00"
    Createuserid="SYSTEM" GroupOwnerId="" GroupType="" Lockid="0"
    Modifyprogid="XMLMigrator" Modifyts="2020-02-19T13:31:39+00:00"
    Modifyuserid="SYSTEM" OwnerKey="DEFAULT" OwnerType=""
    TemplateGroup=""
    UsergroupDescription="User Group for IBM Sterling Call Center Representatives"
    UsergroupId="ISCallCenterGroup" UsergroupKey="IS_CALL_CENTER_GROUP" UsergroupName="IBM Sterling Call Center Representative Group"/>
<UserGroup Activateflag="" BusinessKey="" Createprogid="XMLMigrator"
    Createts="2020-02-19T13:34:49+00:00" Createuserid="SYSTEM"
    GroupOwnerId="" GroupType="" Lockid="0" Modifyprogid="XMLMigrator"
    Modifyts="2020-02-19T13:34:49+00:00" Modifyuserid="SYSTEM"
    OwnerKey="DEFAULT" OwnerType="" TemplateGroup=""
    UsergroupDescription="User Group for IBM Sterling Store Representatives"
    UsergroupId="ISStoreGroup" UsergroupKey="IS_STORE_GROUP" UsergroupName="IBM Sterling Store Representative Group"/>
<UserGroup Activateflag="" BusinessKey="" Createprogid="XMLMigrator"
    Createts="2020-02-19T13:34:09+00:00" Createuserid="SYSTEM"
    GroupOwnerId="" GroupType="" Lockid="0" Modifyprogid="XMLMigrator"
    Modifyts="2020-02-19T13:34:09+00:00" Modifyuserid="SYSTEM"
    OwnerKey="DEFAULT" OwnerType="" TemplateGroup=""
    UsergroupDescription="User Group for Pricing Administrators"
    UsergroupId="PricingAdministratorGroup" UsergroupKey="PRICING_USERS" UsergroupName="Pricing Administrator"/>
<UserGroup Activateflag="" BusinessKey="DEFAULT"
    Createprogid="XMLMigrator" Createts="2020-02-19T13:32:25+00:00"
    Createuserid="SYSTEM" GroupOwnerId="" GroupType="" Lockid="0"
    Modifyprogid="XMLMigrator" Modifyts="2020-02-19T13:32:25+00:00"
    Modifyuserid="SYSTEM" OwnerKey="DEFAULT" OwnerType=""
    TemplateGroup="N" UsergroupDescription="Store CSR"
    UsergroupId="STORE-CSR" UsergroupKey="SOP-CSR-KEY" UsergroupName="Store CSR"/>
<UserGroup Activateflag="" BusinessKey="DEFAULT"
    Createprogid="XMLMigrator" Createts="2020-02-19T13:32:25+00:00"
    Createuserid="SYSTEM" GroupOwnerId="" GroupType="" Lockid="0"
    Modifyprogid="XMLMigrator" Modifyts="2020-02-19T13:32:25+00:00"
    Modifyuserid="SYSTEM" OwnerKey="DEFAULT" OwnerType=""
    TemplateGroup="N" UsergroupDescription="Store Manager"
    UsergroupId="STORE-MANAGER" UsergroupKey="SOP-MANAGER-KEY" UsergroupName="Store Manager"/>
<UserGroup Activateflag="" BusinessKey="SYSCONNVER"
    Createprogid="XMLMigrator" Createts="2020-02-19T13:28:32+00:00"
    Createuserid="SYSTEM" GroupOwnerId="" GroupType="" Lockid="0"
    Modifyprogid="XMLMigrator" Modifyts="2020-02-19T13:28:32+00:00"
    Modifyuserid="SYSTEM" OwnerKey="DEFAULT" OwnerType=""
    TemplateGroup="N" UsergroupDescription="SYSTEM"
    UsergroupId="SYSCONNVER" UsergroupKey="SYSCONNVER" UsergroupName="SystemConnectionVerification"/>
<UserGroup Activateflag="" BusinessKey="DEFAULT"
    Createprogid="XMLMigrator" Createts="2020-02-19T13:27:07+00:00"
    Createuserid="SYSTEM" GroupOwnerId="" GroupType="" Lockid="0"
    Modifyprogid="XMLMigrator" Modifyts="2020-02-19T13:27:07+00:00"
    Modifyuserid="SYSTEM" OwnerKey="DEFAULT" OwnerType=""
    TemplateGroup="N" UsergroupDescription="SYSTEM" UsergroupId="SYSTEM"
    UsergroupKey="SYSTEM" UsergroupName="SYSTEM"/>
<UserGroup Activateflag="" BusinessKey="" Createprogid="XMLMigrator"
    Createts="2020-02-19T13:34:09+00:00" Createuserid="SYSTEM"
    GroupOwnerId="" GroupType="" Lockid="0" Modifyprogid="XMLMigrator"
    Modifyts="2020-02-19T13:34:09+00:00" Modifyuserid="SYSTEM"
    OwnerKey="DEFAULT" OwnerType="" TemplateGroup=""
    UsergroupDescription="User Group for System Setup Administrators"
    UsergroupId="SystemSetupAdminGroup"
    UsergroupKey="SYSTEM_SETUP_USERS" UsergroupName="System Setup Administrator"/>
<UserGroup Activateflag="" BusinessKey="DEFAULT"
    Createprogid="XMLMigrator" Createts="2020-02-19T13:31:39+00:00"
    Createuserid="SYSTEM" GroupOwnerId="" GroupType="" Lockid="0"
    Modifyprogid="XMLMigrator" Modifyts="2020-02-19T13:31:39+00:00"
    Modifyuserid="SYSTEM" OwnerKey="DEFAULT" OwnerType=""
    TemplateGroup="" UsergroupDescription="CSR" UsergroupId="CSR-GROUP"
    UsergroupKey="XYZ-CORP-CSR-KEY" UsergroupName="CSR"/>
<UserGroup Activateflag="" BusinessKey="DEFAULT"
    Createprogid="XMLMigrator" Createts="2020-02-19T13:31:39+00:00"
    Createuserid="SYSTEM" GroupOwnerId="" GroupType="" Lockid="0"
    Modifyprogid="XMLMigrator" Modifyts="2020-02-19T13:31:39+00:00"
    Modifyuserid="SYSTEM" OwnerKey="DEFAULT" OwnerType=""
    TemplateGroup="" UsergroupDescription="CSR Lead"
    UsergroupId="CSR-LEAD-GRP" UsergroupKey="XYZ-CORP-CSRL-KEY" UsergroupName="CSR Lead"/>
</YFS_USER_GROUPList>