<?xml version="1.0" encoding="UTF-8"?>
<YFS_BASE_PACK_DO_NOT_MIXList TableName="YFS_BASE_PACK_DO_NOT_MIX" TotalNumberOfRecords="12">
<BasePackDoNotMix BasePackDoNotMixKey="CaseCustomerPO"
    Createprogid="XMLMigrator" Createts="2020-02-19T13:30:26+00:00"
    Createuserid="SYSTEM" FieldName="CustomerPoNo"
    FieldNameDesc="Customer PO #" Lockid="0" Modifyprogid="XMLMigrator"
    Modifyts="2020-02-19T13:30:26+00:00" Modifyuserid="SYSTEM"
    Purpose="Case" SystemDefined="Y"/>
<BasePackDoNotMix BasePackDoNotMixKey="CaseDepartmentCode"
    Createprogid="XMLMigrator" Createts="2020-02-19T13:30:26+00:00"
    Createuserid="SYSTEM" FieldName="DepartmentCode"
    FieldNameDesc="Department Code" Lockid="0"
    Modifyprogid="XMLMigrator" Modifyts="2020-02-19T13:30:26+00:00"
    Modifyuserid="SYSTEM" Purpose="Case" SystemDefined="Y"/>
<BasePackDoNotMix BasePackDoNotMixKey="CaseItemId"
    Createprogid="XMLMigrator" Createts="2020-02-19T13:30:26+00:00"
    Createuserid="SYSTEM" FieldName="ItemID" FieldNameDesc="Item ID"
    Lockid="0" Modifyprogid="XMLMigrator"
    Modifyts="2020-02-19T13:30:26+00:00" Modifyuserid="SYSTEM"
    Purpose="Case" SystemDefined="Y"/>
<BasePackDoNotMix BasePackDoNotMixKey="CaseMarkFor"
    Createprogid="XMLMigrator" Createts="2020-02-19T13:30:26+00:00"
    Createuserid="SYSTEM" FieldName="MarkForKey"
    FieldNameDesc="Mark For" Lockid="0" Modifyprogid="XMLMigrator"
    Modifyts="2020-02-19T13:30:26+00:00" Modifyuserid="SYSTEM"
    Purpose="Case" SystemDefined="Y"/>
<BasePackDoNotMix BasePackDoNotMixKey="CaseProductClass"
    Createprogid="XMLMigrator" Createts="2020-02-19T13:30:26+00:00"
    Createuserid="SYSTEM" FieldName="ProductClass"
    FieldNameDesc="Product Class" Lockid="0" Modifyprogid="XMLMigrator"
    Modifyts="2020-02-19T13:30:26+00:00" Modifyuserid="SYSTEM"
    Purpose="Case" SystemDefined="Y"/>
<BasePackDoNotMix BasePackDoNotMixKey="CaseUnitOfMeasure"
    Createprogid="XMLMigrator" Createts="2020-02-19T13:30:26+00:00"
    Createuserid="SYSTEM" FieldName="UnitOfMeasure"
    FieldNameDesc="Unit Of Measure" Lockid="0"
    Modifyprogid="XMLMigrator" Modifyts="2020-02-19T13:30:26+00:00"
    Modifyuserid="SYSTEM" Purpose="Case" SystemDefined="Y"/>
<BasePackDoNotMix BasePackDoNotMixKey="PalletCustomerPO"
    Createprogid="XMLMigrator" Createts="2020-02-19T13:30:26+00:00"
    Createuserid="SYSTEM" FieldName="CustomerPoNo"
    FieldNameDesc="Customer PO #" Lockid="0" Modifyprogid="XMLMigrator"
    Modifyts="2020-02-19T13:30:26+00:00" Modifyuserid="SYSTEM"
    Purpose="Pallet" SystemDefined="Y"/>
<BasePackDoNotMix BasePackDoNotMixKey="PalletDepartmentCode"
    Createprogid="XMLMigrator" Createts="2020-02-19T13:30:26+00:00"
    Createuserid="SYSTEM" FieldName="DepartmentCode"
    FieldNameDesc="Department Code" Lockid="0"
    Modifyprogid="XMLMigrator" Modifyts="2020-02-19T13:30:26+00:00"
    Modifyuserid="SYSTEM" Purpose="Pallet" SystemDefined="Y"/>
<BasePackDoNotMix BasePackDoNotMixKey="PalletItemId"
    Createprogid="XMLMigrator" Createts="2020-02-19T13:30:26+00:00"
    Createuserid="SYSTEM" FieldName="ItemID" FieldNameDesc="Item ID"
    Lockid="0" Modifyprogid="XMLMigrator"
    Modifyts="2020-02-19T13:30:26+00:00" Modifyuserid="SYSTEM"
    Purpose="Pallet" SystemDefined="Y"/>
<BasePackDoNotMix BasePackDoNotMixKey="PalletMarkFor"
    Createprogid="XMLMigrator" Createts="2020-02-19T13:30:26+00:00"
    Createuserid="SYSTEM" FieldName="MarkForKey"
    FieldNameDesc="Mark For" Lockid="0" Modifyprogid="XMLMigrator"
    Modifyts="2020-02-19T13:30:26+00:00" Modifyuserid="SYSTEM"
    Purpose="Pallet" SystemDefined="Y"/>
<BasePackDoNotMix BasePackDoNotMixKey="PalletProductClass"
    Createprogid="XMLMigrator" Createts="2020-02-19T13:30:26+00:00"
    Createuserid="SYSTEM" FieldName="ProductClass"
    FieldNameDesc="Product Class" Lockid="0" Modifyprogid="XMLMigrator"
    Modifyts="2020-02-19T13:30:26+00:00" Modifyuserid="SYSTEM"
    Purpose="Pallet" SystemDefined="Y"/>
<BasePackDoNotMix BasePackDoNotMixKey="PalletUnitOfMeasure"
    Createprogid="XMLMigrator" Createts="2020-02-19T13:30:26+00:00"
    Createuserid="SYSTEM" FieldName="UnitOfMeasure"
    FieldNameDesc="Unit Of Measure" Lockid="0"
    Modifyprogid="XMLMigrator" Modifyts="2020-02-19T13:30:26+00:00"
    Modifyuserid="SYSTEM" Purpose="Pallet" SystemDefined="Y"/>
</YFS_BASE_PACK_DO_NOT_MIXList>