<?xml version="1.0" encoding="UTF-8"?>
<YFS_COMMON_CODE_ATTRIBUTEList TableName="YFS_COMMON_CODE_ATTRIBUTE" TotalNumberOfRecords="9">
<CommonCodeAttribute CommonCodeAttributeKey="2020041217375937676"
    CommonCodeKey="2020041217375937673" Createprogid=".YEntityServlet"
    Createts="2020-04-12T17:37:59+00:00"
    Createuserid="bharat_rajagopalan@uk.ibm.com" Lockid="0"
    Modifyprogid=".YEntityServlet" Modifyts="2020-04-12T17:37:59+00:00"
    Modifyuserid="bharat_rajagopalan@uk.ibm.com"
    Name="AllowCashAndCarryLines" Value="Y"/>
<CommonCodeAttribute CommonCodeAttributeKey="2020041217402237694"
    CommonCodeKey="2020041217402237691" Createprogid=".YEntityServlet"
    Createts="2020-04-12T17:40:22+00:00"
    Createuserid="bharat_rajagopalan@uk.ibm.com" Lockid="0"
    Modifyprogid=".YEntityServlet" Modifyts="2020-04-12T17:40:22+00:00"
    Modifyuserid="bharat_rajagopalan@uk.ibm.com"
    Name="AllowCashAndCarryLines" Value="Y"/>
<CommonCodeAttribute CommonCodeAttributeKey="CODE_ATTR_80_01"
    CommonCodeKey="INSTRUCTION_TYPE_80_01" Createprogid="XMLMigrator"
    Createts="2020-02-19T13:26:13+00:00" Createuserid="SYSTEM"
    Lockid="0" Modifyprogid="XMLMigrator"
    Modifyts="2020-02-19T13:26:13+00:00" Modifyuserid="SYSTEM"
    Name="CopyMatchingItemInstruction" Value="Y"/>
<CommonCodeAttribute CommonCodeAttributeKey="CODE_ATTR_85_01"
    CommonCodeKey="COUNTRY1" Createprogid="XMLMigrator"
    Createts="2020-02-19T13:26:13+00:00" Createuserid="SYSTEM"
    Lockid="0" Modifyprogid="XMLMigrator"
    Modifyts="2020-02-19T13:26:13+00:00" Modifyuserid="SYSTEM"
    Name="ZIPCODEREGEX" Value="^(\d{5})-?\s?(?:\d{4})?$"/>
<CommonCodeAttribute CommonCodeAttributeKey="CODE_ATTR_85_02"
    CommonCodeKey="COUNTRY_CA" Createprogid="XMLMigrator"
    Createts="2020-02-19T13:26:13+00:00" Createuserid="SYSTEM"
    Lockid="0" Modifyprogid="XMLMigrator"
    Modifyts="2020-02-19T13:26:13+00:00" Modifyuserid="SYSTEM"
    Name="ZIPCODEREGEX" Value="^([a-zA-Z&amp;&amp;[^dfioquDFIOQU]]\d[a-zA-Z&amp;&amp;[^dfioquDFIOQU]])\s?\d[\w&amp;&amp;\D]\d$"/>
<CommonCodeAttribute CommonCodeAttributeKey="CODE_ATTR_85_03"
    CommonCodeKey="COUNTRY_GB" Createprogid="XMLMigrator"
    Createts="2020-02-19T13:26:13+00:00" Createuserid="SYSTEM"
    Lockid="0" Modifyprogid="XMLMigrator"
    Modifyts="2020-02-19T13:26:13+00:00" Modifyuserid="SYSTEM"
    Name="ZIPCODEREGEX" Value="^([a-zA-Z]{1,2}[0-9Rr]\w?) \d[a-zA-Z&amp;&amp;[^cikmovCIKMOV]]{2}$"/>
<CommonCodeAttribute CommonCodeAttributeKey="CODE_ATTR_85_04"
    CommonCodeKey="COUNTRY_JP" Createprogid="XMLMigrator"
    Createts="2020-02-19T13:26:13+00:00" Createuserid="SYSTEM"
    Lockid="0" Modifyprogid="XMLMigrator"
    Modifyts="2020-02-19T13:26:13+00:00" Modifyuserid="SYSTEM"
    Name="ZIPCODEREGEX" Value="^(\d{3})(?:\s|-)?(?:\d{4})?$"/>
<CommonCodeAttribute CommonCodeAttributeKey="CODE_ATTR_85_05"
    CommonCodeKey="COUNTRY_FR" Createprogid="XMLMigrator"
    Createts="2020-02-19T13:26:13+00:00" Createuserid="SYSTEM"
    Lockid="0" Modifyprogid="XMLMigrator"
    Modifyts="2020-02-19T13:26:13+00:00" Modifyuserid="SYSTEM"
    Name="ZIPCODEREGEX" Value="^\d{5}$"/>
<CommonCodeAttribute CommonCodeAttributeKey="CODE_ATTR_85_06"
    CommonCodeKey="COUNTRY_DE" Createprogid="XMLMigrator"
    Createts="2020-02-19T13:26:13+00:00" Createuserid="SYSTEM"
    Lockid="0" Modifyprogid="XMLMigrator"
    Modifyts="2020-02-19T13:26:13+00:00" Modifyuserid="SYSTEM"
    Name="ZIPCODEREGEX" Value="^\d{5}$"/>
</YFS_COMMON_CODE_ATTRIBUTEList>