<?xml version="1.0" encoding="UTF-8"?>
<YFS_STATUS_MOD_GROUPList TableName="YFS_STATUS_MOD_GROUP" TotalNumberOfRecords="27">
<StatusModGroup Createprogid="XMLMigrator"
    Createts="2020-02-19T13:27:16+00:00" Createuserid="SYSTEM"
    IsOverride="N" Lockid="0" Modifyprogid="XMLMigrator"
    Modifyts="2020-02-19T13:27:16+00:00" Modifyuserid="SYSTEM"
    OrganizationCode="DEFAULT" ProcessTypeKey="20030708142438541"
    StatusModGroupDescription="Default Group"
    StatusModGroupId="Default_Group" StatusModGroupKey="20030708142438541"/>
<StatusModGroup Createprogid="XMLMigrator"
    Createts="2020-02-19T13:27:16+00:00" Createuserid="SYSTEM"
    IsOverride="N" Lockid="0" Modifyprogid="XMLMigrator"
    Modifyts="2020-02-19T13:27:16+00:00" Modifyuserid="SYSTEM"
    OrganizationCode="DEFAULT" ProcessTypeKey="200307081424521056"
    StatusModGroupDescription="Default Group"
    StatusModGroupId="Default_Group" StatusModGroupKey="200307081424521056"/>
<StatusModGroup Createprogid="XMLMigrator"
    Createts="2020-02-19T13:27:16+00:00" Createuserid="SYSTEM"
    IsOverride="N" Lockid="0" Modifyprogid="XMLMigrator"
    Modifyts="2020-02-19T13:27:16+00:00" Modifyuserid="SYSTEM"
    OrganizationCode="DEFAULT" ProcessTypeKey="200307081424551176"
    StatusModGroupDescription="Default Group"
    StatusModGroupId="Default_Group" StatusModGroupKey="200307081424551176"/>
<StatusModGroup Createprogid=".YCPCustomModificationTypeAPI"
    Createts="2020-04-12T18:01:28+00:00"
    Createuserid="bharat_rajagopalan@uk.ibm.com" Lockid="0"
    Modifyprogid=".YCPCustomModificationTypeAPI"
    Modifyts="2020-04-12T18:01:28+00:00"
    Modifyuserid="bharat_rajagopalan@uk.ibm.com"
    OrganizationCode="BUSINESS_ORG_0001"
    ProcessTypeKey="ORDER_FULFILLMENT"
    StatusModGroupDescription="Default Modification Rule"
    StatusModGroupId="DEFAULT" StatusModGroupKey="2020041218012837739"/>
<StatusModGroup Createprogid=".YCPCustomModificationTypeAPI"
    Createts="2020-04-12T20:34:22+00:00"
    Createuserid="bharat_rajagopalan@uk.ibm.com" Lockid="0"
    Modifyprogid=".YCPCustomModificationTypeAPI"
    Modifyts="2020-04-12T20:34:22+00:00"
    Modifyuserid="bharat_rajagopalan@uk.ibm.com"
    OrganizationCode="BUSINESS_ORG_0001" ProcessTypeKey="ORDER_DELIVERY"
    StatusModGroupDescription="Default Group" StatusModGroupId="DEFAULT" StatusModGroupKey="2020041220342250541"/>
<StatusModGroup Createprogid=".YCPCustomModificationTypeAPI"
    Createts="2020-04-12T22:55:45+00:00"
    Createuserid="bharat_rajagopalan@uk.ibm.com" Lockid="0"
    Modifyprogid=".YCPCustomModificationTypeAPI"
    Modifyts="2020-04-12T22:55:45+00:00"
    Modifyuserid="bharat_rajagopalan@uk.ibm.com"
    OrganizationCode="BUSINESS_ORG_0001"
    ProcessTypeKey="RETURN_FULFILLMENT"
    StatusModGroupDescription="Default Group" StatusModGroupId="DEFAULT" StatusModGroupKey="2020041222554551358"/>
<StatusModGroup Createprogid="XMLMigrator"
    Createts="2020-02-19T13:27:16+00:00" Createuserid="SYSTEM"
    IsOverride="N" Lockid="0" Modifyprogid="XMLMigrator"
    Modifyts="2020-02-19T13:27:16+00:00" Modifyuserid="SYSTEM"
    OrganizationCode="DEFAULT" ProcessTypeKey="COUNT_EXECUTION"
    StatusModGroupDescription="Default Group"
    StatusModGroupId="Default_Group" StatusModGroupKey="COUNT_EXECUTION"/>
<StatusModGroup Createprogid="XMLMigrator"
    Createts="2020-02-19T13:27:16+00:00" Createuserid="SYSTEM"
    IsOverride="N" Lockid="0" Modifyprogid="XMLMigrator"
    Modifyts="2020-02-19T13:27:16+00:00" Modifyuserid="SYSTEM"
    OrganizationCode="DEFAULT" ProcessTypeKey="LOAD_DELIVERY"
    StatusModGroupDescription="Default Group"
    StatusModGroupId="Default_Group" StatusModGroupKey="LOAD_DELIVERY"/>
<StatusModGroup Createprogid="XMLMigrator"
    Createts="2020-02-19T13:27:16+00:00" Createuserid="SYSTEM"
    IsOverride="N" Lockid="0" Modifyprogid="XMLMigrator"
    Modifyts="2020-02-19T13:27:16+00:00" Modifyuserid="SYSTEM"
    OrganizationCode="DEFAULT" ProcessTypeKey="MO_FULFILLMENT"
    StatusModGroupDescription="Default Group"
    StatusModGroupId="Default_Group" StatusModGroupKey="MO_FULFILLMENT"/>
<StatusModGroup Createprogid="XMLMigrator"
    Createts="2020-02-19T13:27:16+00:00" Createuserid="SYSTEM"
    IsOverride="N" Lockid="0" Modifyprogid="XMLMigrator"
    Modifyts="2020-02-19T13:27:16+00:00" Modifyuserid="SYSTEM"
    OrganizationCode="DEFAULT" ProcessTypeKey="ORDER_DELIVERY"
    StatusModGroupDescription="Default Group"
    StatusModGroupId="Default_Group" StatusModGroupKey="ORDER_DELIVERY"/>
<StatusModGroup Createprogid="XMLMigrator"
    Createts="2020-02-19T13:27:16+00:00" Createuserid="SYSTEM"
    IsOverride="N" Lockid="0" Modifyprogid="XMLMigrator"
    Modifyts="2020-02-19T13:27:16+00:00" Modifyuserid="SYSTEM"
    OrganizationCode="DEFAULT" ProcessTypeKey="ORDER_FULFILLMENT"
    StatusModGroupDescription="Default Group"
    StatusModGroupId="Default_Group" StatusModGroupKey="ORDER_FULFILLMENT"/>
<StatusModGroup Createprogid="XMLMigrator"
    Createts="2020-02-19T13:27:16+00:00" Createuserid="SYSTEM"
    IsOverride="N" Lockid="0" Modifyprogid="XMLMigrator"
    Modifyts="2020-02-19T13:27:16+00:00" Modifyuserid="SYSTEM"
    OrganizationCode="DEFAULT" ProcessTypeKey="ORDER_NEGOTIATION"
    StatusModGroupDescription="Default Group"
    StatusModGroupId="Default_Group" StatusModGroupKey="ORDER_NEGOTIATION"/>
<StatusModGroup Createprogid="XMLMigrator"
    Createts="2020-02-19T13:27:16+00:00" Createuserid="SYSTEM"
    IsOverride="N" Lockid="0" Modifyprogid="XMLMigrator"
    Modifyts="2020-02-19T13:27:16+00:00" Modifyuserid="SYSTEM"
    OrganizationCode="DEFAULT" ProcessTypeKey="OUTBOUND_PICKING"
    StatusModGroupDescription="Default Group"
    StatusModGroupId="Default_Group" StatusModGroupKey="OUTBOUND_PICKING"/>
<StatusModGroup Createprogid="XMLMigrator"
    Createts="2020-02-19T13:27:16+00:00" Createuserid="SYSTEM"
    IsOverride="N" Lockid="0" Modifyprogid="XMLMigrator"
    Modifyts="2020-02-19T13:27:16+00:00" Modifyuserid="SYSTEM"
    OrganizationCode="DEFAULT" ProcessTypeKey="PACK"
    StatusModGroupDescription="Default Group"
    StatusModGroupId="Default_Group" StatusModGroupKey="PACK"/>
<StatusModGroup Createprogid="XMLMigrator"
    Createts="2020-02-19T13:27:16+00:00" Createuserid="SYSTEM"
    IsOverride="N" Lockid="0" Modifyprogid="XMLMigrator"
    Modifyts="2020-02-19T13:27:16+00:00" Modifyuserid="SYSTEM"
    OrganizationCode="DEFAULT" ProcessTypeKey="PLAN_ORDER_FULFILLMENT"
    StatusModGroupDescription="Default Group"
    StatusModGroupId="Default_Group" StatusModGroupKey="PLAN_ORDER_FULFILLMENT"/>
<StatusModGroup Createprogid="XMLMigrator"
    Createts="2020-02-19T13:27:16+00:00" Createuserid="SYSTEM"
    IsOverride="N" Lockid="0" Modifyprogid="XMLMigrator"
    Modifyts="2020-02-19T13:27:16+00:00" Modifyuserid="SYSTEM"
    OrganizationCode="DEFAULT" ProcessTypeKey="PLAN_ORDER_NEGOTIATION"
    StatusModGroupDescription="Default Group"
    StatusModGroupId="Default_Group" StatusModGroupKey="PLAN_ORDER_NEGOTIATION"/>
<StatusModGroup Createprogid="XMLMigrator"
    Createts="2020-02-19T13:27:16+00:00" Createuserid="SYSTEM"
    IsOverride="N" Lockid="0" Modifyprogid="XMLMigrator"
    Modifyts="2020-02-19T13:27:16+00:00" Modifyuserid="SYSTEM"
    OrganizationCode="DEFAULT" ProcessTypeKey="PO_FULFILLMENT"
    StatusModGroupDescription="Default Group"
    StatusModGroupId="Default_Group" StatusModGroupKey="PO_FULFILLMENT"/>
<StatusModGroup Createprogid="XMLMigrator"
    Createts="2020-02-19T13:27:16+00:00" Createuserid="SYSTEM"
    IsOverride="N" Lockid="0" Modifyprogid="XMLMigrator"
    Modifyts="2020-02-19T13:27:16+00:00" Modifyuserid="SYSTEM"
    OrganizationCode="DEFAULT" ProcessTypeKey="PO_NEGOTIATION"
    StatusModGroupDescription="Default Group"
    StatusModGroupId="Default_Group" StatusModGroupKey="PO_NEGOTIATION"/>
<StatusModGroup Createprogid="XMLMigrator"
    Createts="2020-02-19T13:27:16+00:00" Createuserid="SYSTEM"
    IsOverride="N" Lockid="0" Modifyprogid="XMLMigrator"
    Modifyts="2020-02-19T13:27:16+00:00" Modifyuserid="SYSTEM"
    OrganizationCode="DEFAULT" ProcessTypeKey="PO_RECEIPT"
    StatusModGroupDescription="Default Group"
    StatusModGroupId="Default_Group" StatusModGroupKey="PO_RECEIPT"/>
<StatusModGroup Createprogid="XMLMigrator"
    Createts="2020-02-19T13:27:16+00:00" Createuserid="SYSTEM"
    IsOverride="N" Lockid="0" Modifyprogid="XMLMigrator"
    Modifyts="2020-02-19T13:27:16+00:00" Modifyuserid="SYSTEM"
    OrganizationCode="DEFAULT" ProcessTypeKey="PO_SHIPMENT"
    StatusModGroupDescription="Default Group"
    StatusModGroupId="Default_Group" StatusModGroupKey="PO_SHIPMENT"/>
<StatusModGroup Createprogid="XMLMigrator"
    Createts="2020-02-19T13:27:16+00:00" Createuserid="SYSTEM"
    IsOverride="N" Lockid="0" Modifyprogid="XMLMigrator"
    Modifyts="2020-02-19T13:27:16+00:00" Modifyuserid="SYSTEM"
    OrganizationCode="DEFAULT" ProcessTypeKey="QUOTE_FULFILLMENT"
    StatusModGroupDescription="Default Group"
    StatusModGroupId="Default_Group" StatusModGroupKey="QUOTE_FULFILLMENT"/>
<StatusModGroup Createprogid="XMLMigrator"
    Createts="2020-02-19T13:27:16+00:00" Createuserid="SYSTEM"
    IsOverride="N" Lockid="0" Modifyprogid="XMLMigrator"
    Modifyts="2020-02-19T13:27:16+00:00" Modifyuserid="SYSTEM"
    OrganizationCode="DEFAULT" ProcessTypeKey="RETURN_FULFILLMENT"
    StatusModGroupDescription="Default Group"
    StatusModGroupId="Default_Group" StatusModGroupKey="RETURN_FULFILLMENT"/>
<StatusModGroup Createprogid="XMLMigrator"
    Createts="2020-02-19T13:27:16+00:00" Createuserid="SYSTEM"
    IsOverride="N" Lockid="0" Modifyprogid="XMLMigrator"
    Modifyts="2020-02-19T13:27:16+00:00" Modifyuserid="SYSTEM"
    OrganizationCode="DEFAULT" ProcessTypeKey="RETURN_RECEIPT"
    StatusModGroupDescription="Default Group"
    StatusModGroupId="Default_Group" StatusModGroupKey="RETURN_RECEIPT"/>
<StatusModGroup Createprogid="XMLMigrator"
    Createts="2020-02-19T13:27:16+00:00" Createuserid="SYSTEM"
    IsOverride="N" Lockid="0" Modifyprogid="XMLMigrator"
    Modifyts="2020-02-19T13:27:16+00:00" Modifyuserid="SYSTEM"
    OrganizationCode="DEFAULT" ProcessTypeKey="RETURN_SHIPMENT"
    StatusModGroupDescription="Default Group"
    StatusModGroupId="Default_Group" StatusModGroupKey="RETURN_SHIPMENT"/>
<StatusModGroup Createprogid="XMLMigrator"
    Createts="2020-02-19T13:27:16+00:00" Createuserid="SYSTEM"
    IsOverride="N" Lockid="0" Modifyprogid="XMLMigrator"
    Modifyts="2020-02-19T13:27:16+00:00" Modifyuserid="SYSTEM"
    OrganizationCode="DEFAULT" ProcessTypeKey="SO_RECEIPT"
    StatusModGroupDescription="Default Group"
    StatusModGroupId="Default_Group" StatusModGroupKey="SO_RECEIPT"/>
<StatusModGroup Createprogid="XMLMigrator"
    Createts="2020-02-19T13:27:16+00:00" Createuserid="SYSTEM"
    IsOverride="N" Lockid="0" Modifyprogid="XMLMigrator"
    Modifyts="2020-02-19T13:27:16+00:00" Modifyuserid="SYSTEM"
    OrganizationCode="DEFAULT" ProcessTypeKey="TEMPLATEORDERFULFILLMENT"
    StatusModGroupDescription="Default Group"
    StatusModGroupId="Default_Group" StatusModGroupKey="TEMPLATEORDERFULFILLMENT"/>
<StatusModGroup Createprogid="XMLMigrator"
    Createts="2020-02-19T13:27:16+00:00" Createuserid="SYSTEM"
    IsOverride="N" Lockid="0" Modifyprogid="XMLMigrator"
    Modifyts="2020-02-19T13:27:16+00:00" Modifyuserid="SYSTEM"
    OrganizationCode="DEFAULT" ProcessTypeKey="VAS"
    StatusModGroupDescription="Default Group"
    StatusModGroupId="Default_Group" StatusModGroupKey="VAS"/>
</YFS_STATUS_MOD_GROUPList>