<?xml version="1.0" encoding="UTF-8"?>
<YFS_CARRIER_SERVICEList TableName="YFS_CARRIER_SERVICE" TotalNumberOfRecords="49">
<CarrierService CarrierServiceCode="Priority"
    CarrierServiceDesc="Priority Mail"
    CarrierServiceKey="19991214183409452" CarrierType="PARCEL"
    Createprogid="YFX-Carrier" Createts="2020-02-19T13:26:11+00:00"
    Createuserid="SYSTEM" DistancePerDay="0.00" DistanceUOM=""
    FixedTransitDays="0" Lockid="0" MaximumTransitDays="0"
    Modifyprogid="YFX-Carrier" Modifyts="2020-02-19T13:26:11+00:00"
    Modifyuserid="SYSTEM" OrganizationCode="DEFAULT" UsedForOrdering="N"/>
<CarrierService CarrierServiceCode="Standard Mail"
    CarrierServiceDesc="Standard Mail"
    CarrierServiceKey="199912201058095732" CarrierType="PARCEL"
    Createprogid="YFX-Carrier" Createts="2020-02-19T13:26:11+00:00"
    Createuserid="SYSTEM" DistancePerDay="0.00" DistanceUOM=""
    FixedTransitDays="0" Lockid="0" MaximumTransitDays="0"
    Modifyprogid="YFX-Carrier" Modifyts="2020-02-19T13:26:11+00:00"
    Modifyuserid="SYSTEM" OrganizationCode="DEFAULT" UsedForOrdering="N"/>
<CarrierService CarrierServiceCode="Next Day Air"
    CarrierServiceDesc="Next Day Air"
    CarrierServiceKey="199912201103135734" CarrierType="PARCEL"
    Createprogid="YFX-Carrier" Createts="2020-02-19T13:26:11+00:00"
    Createuserid="SYSTEM" DistancePerDay="0.00" DistanceUOM=""
    FixedTransitDays="0" Lockid="0" MaximumTransitDays="0"
    Modifyprogid="YFX-Carrier" Modifyts="2020-02-19T13:26:11+00:00"
    Modifyuserid="SYSTEM" OrganizationCode="DEFAULT" UsedForOrdering="N"/>
<CarrierService CarrierServiceCode="Next Day Air Saver"
    CarrierServiceDesc="Next Day Air Saver"
    CarrierServiceKey="199912201103515736" CarrierType="PARCEL"
    Createprogid="YFX-Carrier" Createts="2020-02-19T13:26:11+00:00"
    Createuserid="SYSTEM" DistancePerDay="0.00" DistanceUOM=""
    FixedTransitDays="0" Lockid="0" MaximumTransitDays="0"
    Modifyprogid="YFX-Carrier" Modifyts="2020-02-19T13:26:11+00:00"
    Modifyuserid="SYSTEM" OrganizationCode="DEFAULT" UsedForOrdering="N"/>
<CarrierService CarrierServiceCode="2nd Day Air"
    CarrierServiceDesc="2nd Day Air"
    CarrierServiceKey="199912201104595740" CarrierType="PARCEL"
    Createprogid="YFX-Carrier" Createts="2020-02-19T13:26:11+00:00"
    Createuserid="SYSTEM" DistancePerDay="0.00" DistanceUOM=""
    FixedTransitDays="0" Lockid="0" MaximumTransitDays="0"
    Modifyprogid="YFX-Carrier" Modifyts="2020-02-19T13:26:11+00:00"
    Modifyuserid="SYSTEM" OrganizationCode="DEFAULT" UsedForOrdering="N"/>
<CarrierService CarrierServiceCode="2 Day Air AM"
    CarrierServiceDesc="2 Day Air AM"
    CarrierServiceKey="199912201106175741" CarrierType="PARCEL"
    Createprogid="YFX-Carrier" Createts="2020-02-19T13:26:11+00:00"
    Createuserid="SYSTEM" DistancePerDay="0.00" DistanceUOM=""
    FixedTransitDays="0" Lockid="0" MaximumTransitDays="0"
    Modifyprogid="YFX-Carrier" Modifyts="2020-02-19T13:26:11+00:00"
    Modifyuserid="SYSTEM" OrganizationCode="DEFAULT" UsedForOrdering="N"/>
<CarrierService CarrierServiceCode="Ground" CarrierServiceDesc="Ground"
    CarrierServiceKey="199912201106345984" CarrierType="PARCEL"
    Createprogid="YFX-Carrier" Createts="2020-02-19T13:26:11+00:00"
    Createuserid="SYSTEM" DistancePerDay="0.00" DistanceUOM=""
    FixedTransitDays="0" Lockid="0" MaximumTransitDays="0"
    Modifyprogid="YFX-Carrier" Modifyts="2020-02-19T13:26:11+00:00"
    Modifyuserid="SYSTEM" OrganizationCode="DEFAULT" UsedForOrdering="N"/>
<CarrierService CarrierServiceCode="3 Day Select"
    CarrierServiceDesc="3 Day Select"
    CarrierServiceKey="199912201112306486" CarrierType="PARCEL"
    Createprogid="YFX-Carrier" Createts="2020-02-19T13:26:11+00:00"
    Createuserid="SYSTEM" DistancePerDay="0.00" DistanceUOM=""
    FixedTransitDays="0" Lockid="0" MaximumTransitDays="0"
    Modifyprogid="YFX-Carrier" Modifyts="2020-02-19T13:26:11+00:00"
    Modifyuserid="SYSTEM" OrganizationCode="DEFAULT" UsedForOrdering="N"/>
<CarrierService CarrierServiceCode="Priority Overnight"
    CarrierServiceDesc="Priority Overnight"
    CarrierServiceKey="199912201112306487" CarrierType="PARCEL"
    Createprogid="YFX-Carrier" Createts="2020-02-19T13:26:11+00:00"
    Createuserid="SYSTEM" DistancePerDay="0.00" DistanceUOM=""
    FixedTransitDays="0" Lockid="0" MaximumTransitDays="0"
    Modifyprogid="YFX-Carrier" Modifyts="2020-02-19T13:26:11+00:00"
    Modifyuserid="SYSTEM" OrganizationCode="DEFAULT" UsedForOrdering="N"/>
<CarrierService CarrierServiceCode="Second Day"
    CarrierServiceDesc="Second Day"
    CarrierServiceKey="199912201112306503" CarrierType="PARCEL"
    Createprogid="YFX-Carrier" Createts="2020-02-19T13:26:11+00:00"
    Createuserid="SYSTEM" DistancePerDay="0.00" DistanceUOM=""
    FixedTransitDays="0" Lockid="0" MaximumTransitDays="0"
    Modifyprogid="YFX-Carrier" Modifyts="2020-02-19T13:26:11+00:00"
    Modifyuserid="SYSTEM" OrganizationCode="DEFAULT" UsedForOrdering="N"/>
<CarrierService CarrierServiceCode="Express Delivery"
    CarrierServiceDesc="Express Delivery"
    CarrierServiceKey="199912201112306504" CarrierType="PARCEL"
    Createprogid="YFX-Carrier" Createts="2020-02-19T13:26:11+00:00"
    Createuserid="SYSTEM" DistancePerDay="0.00" DistanceUOM=""
    FixedTransitDays="0" Lockid="0" MaximumTransitDays="0"
    Modifyprogid="YFX-Carrier" Modifyts="2020-02-19T13:26:11+00:00"
    Modifyuserid="SYSTEM" OrganizationCode="DEFAULT" UsedForOrdering="N"/>
<CarrierService CarrierServiceCode="Next Afternoon"
    CarrierServiceDesc="Next Afternoon"
    CarrierServiceKey="199912201112306506" CarrierType="PARCEL"
    Createprogid="YFX-Carrier" Createts="2020-02-19T13:26:11+00:00"
    Createuserid="SYSTEM" DistancePerDay="0.00" DistanceUOM=""
    FixedTransitDays="0" Lockid="0" MaximumTransitDays="0"
    Modifyprogid="YFX-Carrier" Modifyts="2020-02-19T13:26:11+00:00"
    Modifyuserid="SYSTEM" OrganizationCode="DEFAULT" UsedForOrdering="N"/>
<CarrierService CarrierServiceCode="Next Day Air Early A.M"
    CarrierServiceDesc="Next Day Air Early A.M"
    CarrierServiceKey="199912201112306509" CarrierType="PARCEL"
    Createprogid="YFX-Carrier" Createts="2020-02-19T13:26:11+00:00"
    Createuserid="SYSTEM" DistancePerDay="0.00" DistanceUOM=""
    FixedTransitDays="0" Lockid="0" MaximumTransitDays="0"
    Modifyprogid="YFX-Carrier" Modifyts="2020-02-19T13:26:11+00:00"
    Modifyuserid="SYSTEM" OrganizationCode="DEFAULT" UsedForOrdering="N"/>
<CarrierService CarrierServiceCode="Worldwide Expedited"
    CarrierServiceDesc="Worldwide Expedited"
    CarrierServiceKey="199912201112306510" CarrierType="PARCEL"
    Createprogid="YFX-Carrier" Createts="2020-02-19T13:26:11+00:00"
    Createuserid="SYSTEM" DistancePerDay="0.00" DistanceUOM=""
    FixedTransitDays="0" Lockid="0" MaximumTransitDays="0"
    Modifyprogid="YFX-Carrier" Modifyts="2020-02-19T13:26:11+00:00"
    Modifyuserid="SYSTEM" OrganizationCode="DEFAULT" UsedForOrdering="N"/>
<CarrierService CarrierServiceCode="Worldwide Express"
    CarrierServiceDesc="Worldwide Express"
    CarrierServiceKey="199912201112306511" CarrierType="PARCEL"
    Createprogid="YFX-Carrier" Createts="2020-02-19T13:26:11+00:00"
    Createuserid="SYSTEM" DistancePerDay="0.00" DistanceUOM=""
    FixedTransitDays="0" Lockid="0" MaximumTransitDays="0"
    Modifyprogid="YFX-Carrier" Modifyts="2020-02-19T13:26:11+00:00"
    Modifyuserid="SYSTEM" OrganizationCode="DEFAULT" UsedForOrdering="N"/>
<CarrierService CarrierServiceCode="Worldwide Express Plus"
    CarrierServiceDesc="Worldwide Express Plus"
    CarrierServiceKey="199912201112306512" CarrierType="PARCEL"
    Createprogid="YFX-Carrier" Createts="2020-02-19T13:26:11+00:00"
    Createuserid="SYSTEM" DistancePerDay="0.00" DistanceUOM=""
    FixedTransitDays="0" Lockid="0" MaximumTransitDays="0"
    Modifyprogid="YFX-Carrier" Modifyts="2020-02-19T13:26:11+00:00"
    Modifyuserid="SYSTEM" OrganizationCode="DEFAULT" UsedForOrdering="N"/>
<CarrierService CarrierServiceCode="LTL Ground"
    CarrierServiceDesc="LTL Ground"
    CarrierServiceKey="2004041915281815940" CarrierType="PARCEL"
    Createprogid="YFX-Carrier" Createts="2020-02-19T13:26:11+00:00"
    Createuserid="SYSTEM" DistancePerDay="0.00" DistanceUOM=""
    FixedTransitDays="0" Lockid="0" MaximumTransitDays="0"
    Modifyprogid="YFX-Carrier" Modifyts="2020-02-19T13:26:11+00:00"
    Modifyuserid="SYSTEM" OrganizationCode="DEFAULT" UsedForOrdering="N"/>
<CarrierService CarrierServiceCode="TL Ground"
    CarrierServiceDesc="TL Ground"
    CarrierServiceKey="2004041915283315941" CarrierType="PARCEL"
    Createprogid="YFX-Carrier" Createts="2020-02-19T13:26:11+00:00"
    Createuserid="SYSTEM" DistancePerDay="0.00" DistanceUOM=""
    FixedTransitDays="0" Lockid="0" MaximumTransitDays="0"
    Modifyprogid="YFX-Carrier" Modifyts="2020-02-19T13:26:11+00:00"
    Modifyuserid="SYSTEM" OrganizationCode="DEFAULT" UsedForOrdering="N"/>
<CarrierService CarrierServiceCode="2 Day" CarrierServiceDesc="2 Day"
    CarrierServiceKey="2004042615373445130" CarrierType="PARCEL"
    Createprogid="XMLMigrator" Createts="2020-02-19T13:26:11+00:00"
    Createuserid="SYSTEM" DistancePerDay="0.00" DistanceUOM=""
    FixedTransitDays="0" Lockid="0" MaximumTransitDays="0"
    Modifyprogid="XMLMigrator" Modifyts="2020-02-19T13:26:11+00:00"
    Modifyuserid="SYSTEM" OrganizationCode="DEFAULT" UsedForOrdering="N"/>
<CarrierService CarrierServiceCode="Standard Overnight"
    CarrierServiceDesc="Standard Overnight"
    CarrierServiceKey="2004042615384945131" CarrierType="PARCEL"
    Createprogid="XMLMigrator" Createts="2020-02-19T13:26:11+00:00"
    Createuserid="SYSTEM" DistancePerDay="0.00" DistanceUOM=""
    FixedTransitDays="0" Lockid="0" MaximumTransitDays="0"
    Modifyprogid="XMLMigrator" Modifyts="2020-02-19T13:26:11+00:00"
    Modifyuserid="SYSTEM" OrganizationCode="DEFAULT" UsedForOrdering="N"/>
<CarrierService CarrierServiceCode="First Overnight"
    CarrierServiceDesc="First Overnight"
    CarrierServiceKey="2004042615412445132" CarrierType="PARCEL"
    Createprogid="XMLMigrator" Createts="2020-02-19T13:26:11+00:00"
    Createuserid="SYSTEM" DistancePerDay="0.00" DistanceUOM=""
    FixedTransitDays="0" Lockid="0" MaximumTransitDays="0"
    Modifyprogid="XMLMigrator" Modifyts="2020-02-19T13:26:11+00:00"
    Modifyuserid="SYSTEM" OrganizationCode="DEFAULT" UsedForOrdering="N"/>
<CarrierService CarrierServiceCode="Express Saver"
    CarrierServiceDesc="Express Saver"
    CarrierServiceKey="2004042615414645133" CarrierType="PARCEL"
    Createprogid="XMLMigrator" Createts="2020-02-19T13:26:11+00:00"
    Createuserid="SYSTEM" DistancePerDay="0.00" DistanceUOM=""
    FixedTransitDays="0" Lockid="0" MaximumTransitDays="0"
    Modifyprogid="XMLMigrator" Modifyts="2020-02-19T13:26:11+00:00"
    Modifyuserid="SYSTEM" OrganizationCode="DEFAULT" UsedForOrdering="N"/>
<CarrierService CarrierServiceCode="1 Day Freight"
    CarrierServiceDesc="1 Day Freight"
    CarrierServiceKey="2004042615420545134" CarrierType="PARCEL"
    Createprogid="XMLMigrator" Createts="2020-02-19T13:26:11+00:00"
    Createuserid="SYSTEM" DistancePerDay="0.00" DistanceUOM=""
    FixedTransitDays="0" Lockid="0" MaximumTransitDays="0"
    Modifyprogid="XMLMigrator" Modifyts="2020-02-19T13:26:11+00:00"
    Modifyuserid="SYSTEM" OrganizationCode="DEFAULT" UsedForOrdering="N"/>
<CarrierService CarrierServiceCode="2 Day Freight"
    CarrierServiceDesc="2 Day Freight"
    CarrierServiceKey="2004042615422245135" CarrierType="PARCEL"
    Createprogid="XMLMigrator" Createts="2020-02-19T13:26:11+00:00"
    Createuserid="SYSTEM" DistancePerDay="0.00" DistanceUOM=""
    FixedTransitDays="0" Lockid="0" MaximumTransitDays="0"
    Modifyprogid="XMLMigrator" Modifyts="2020-02-19T13:26:11+00:00"
    Modifyuserid="SYSTEM" OrganizationCode="DEFAULT" UsedForOrdering="N"/>
<CarrierService CarrierServiceCode="3 Day Freight"
    CarrierServiceDesc="3 Day Freight"
    CarrierServiceKey="2004042615423345136" CarrierType="PARCEL"
    Createprogid="XMLMigrator" Createts="2020-02-19T13:26:11+00:00"
    Createuserid="SYSTEM" DistancePerDay="0.00" DistanceUOM=""
    FixedTransitDays="0" Lockid="0" MaximumTransitDays="0"
    Modifyprogid="XMLMigrator" Modifyts="2020-02-19T13:26:11+00:00"
    Modifyuserid="SYSTEM" OrganizationCode="DEFAULT" UsedForOrdering="N"/>
<CarrierService CarrierServiceCode="Extra Hours"
    CarrierServiceDesc="Extra Hours"
    CarrierServiceKey="2004121615423345134" CarrierType="PARCEL"
    Createprogid="XMLMigrator" Createts="2020-02-19T13:26:11+00:00"
    Createuserid="SYSTEM" DistancePerDay="0.00" DistanceUOM=""
    FixedTransitDays="0" Lockid="0" MaximumTransitDays="0"
    Modifyprogid="XMLMigrator" Modifyts="2020-02-19T13:26:11+00:00"
    Modifyuserid="SYSTEM" OrganizationCode="DEFAULT" UsedForOrdering="N"/>
<CarrierService CarrierServiceCode="Home Delivery"
    CarrierServiceDesc="Home Delivery"
    CarrierServiceKey="2004121615423345135" CarrierType="PARCEL"
    Createprogid="XMLMigrator" Createts="2020-02-19T13:26:11+00:00"
    Createuserid="SYSTEM" DistancePerDay="0.00" DistanceUOM=""
    FixedTransitDays="0" Lockid="0" MaximumTransitDays="0"
    Modifyprogid="XMLMigrator" Modifyts="2020-02-19T13:26:11+00:00"
    Modifyuserid="SYSTEM" OrganizationCode="DEFAULT" UsedForOrdering="N"/>
<CarrierService CarrierServiceCode="International Priority"
    CarrierServiceDesc="International Priority"
    CarrierServiceKey="2005083015423345135" CarrierType="PARCEL"
    Createprogid="XMLMigrator" Createts="2020-02-19T13:26:11+00:00"
    Createuserid="SYSTEM" DistancePerDay="0.00" DistanceUOM=""
    FixedTransitDays="0" Lockid="0" MaximumTransitDays="0"
    Modifyprogid="XMLMigrator" Modifyts="2020-02-19T13:26:11+00:00"
    Modifyuserid="SYSTEM" OrganizationCode="DEFAULT" UsedForOrdering="N"/>
<CarrierService CarrierServiceCode="International Economy"
    CarrierServiceDesc="International Economy"
    CarrierServiceKey="2005083015423345140" CarrierType="PARCEL"
    Createprogid="XMLMigrator" Createts="2020-02-19T13:26:11+00:00"
    Createuserid="SYSTEM" DistancePerDay="0.00" DistanceUOM=""
    FixedTransitDays="0" Lockid="0" MaximumTransitDays="0"
    Modifyprogid="XMLMigrator" Modifyts="2020-02-19T13:26:11+00:00"
    Modifyuserid="SYSTEM" OrganizationCode="DEFAULT" UsedForOrdering="N"/>
<CarrierService CarrierServiceCode="International First"
    CarrierServiceDesc="International First"
    CarrierServiceKey="2005083015423345146" CarrierType="PARCEL"
    Createprogid="XMLMigrator" Createts="2020-02-19T13:26:11+00:00"
    Createuserid="SYSTEM" DistancePerDay="0.00" DistanceUOM=""
    FixedTransitDays="0" Lockid="0" MaximumTransitDays="0"
    Modifyprogid="XMLMigrator" Modifyts="2020-02-19T13:26:11+00:00"
    Modifyuserid="SYSTEM" OrganizationCode="DEFAULT" UsedForOrdering="N"/>
<CarrierService CarrierServiceCode="International Priority Freight"
    CarrierServiceDesc="International Priority Freight"
    CarrierServiceKey="2005083015423345152" CarrierType="PARCEL"
    Createprogid="XMLMigrator" Createts="2020-02-19T13:26:11+00:00"
    Createuserid="SYSTEM" DistancePerDay="0.00" DistanceUOM=""
    FixedTransitDays="0" Lockid="0" MaximumTransitDays="0"
    Modifyprogid="XMLMigrator" Modifyts="2020-02-19T13:26:11+00:00"
    Modifyuserid="SYSTEM" OrganizationCode="DEFAULT" UsedForOrdering="N"/>
<CarrierService CarrierServiceCode="International Economy Freight"
    CarrierServiceDesc="International Economy Freight"
    CarrierServiceKey="2005083015423345158" CarrierType="PARCEL"
    Createprogid="XMLMigrator" Createts="2020-02-19T13:26:11+00:00"
    Createuserid="SYSTEM" DistancePerDay="0.00" DistanceUOM=""
    FixedTransitDays="0" Lockid="0" MaximumTransitDays="0"
    Modifyprogid="XMLMigrator" Modifyts="2020-02-19T13:26:11+00:00"
    Modifyuserid="SYSTEM" OrganizationCode="DEFAULT" UsedForOrdering="N"/>
<CarrierService CarrierServiceCode="Air 9:00 AM"
    CarrierServiceDesc="Air 9:00 AM"
    CarrierServiceKey="2009010915423340000" CarrierType="PARCEL"
    Createprogid="XMLMigrator" Createts="2020-02-19T13:26:11+00:00"
    Createuserid="SYSTEM" DistancePerDay="0.00" DistanceUOM=""
    FixedTransitDays="0" Lockid="0" MaximumTransitDays="0"
    Modifyprogid="XMLMigrator" Modifyts="2020-02-19T13:26:11+00:00"
    Modifyuserid="SYSTEM" OrganizationCode="DEFAULT" UsedForOrdering="N"/>
<CarrierService CarrierServiceCode="Air 10:30 AM"
    CarrierServiceDesc="Air 10:30 AM"
    CarrierServiceKey="2009010915423340001" CarrierType="PARCEL"
    Createprogid="XMLMigrator" Createts="2020-02-19T13:26:11+00:00"
    Createuserid="SYSTEM" DistancePerDay="0.00" DistanceUOM=""
    FixedTransitDays="0" Lockid="0" MaximumTransitDays="0"
    Modifyprogid="XMLMigrator" Modifyts="2020-02-19T13:26:11+00:00"
    Modifyuserid="SYSTEM" OrganizationCode="DEFAULT" UsedForOrdering="N"/>
<CarrierService CarrierServiceCode="Air" CarrierServiceDesc="Air"
    CarrierServiceKey="2009010915423340002" CarrierType="PARCEL"
    Createprogid="XMLMigrator" Createts="2020-02-19T13:26:11+00:00"
    Createuserid="SYSTEM" DistancePerDay="0.00" DistanceUOM=""
    FixedTransitDays="0" Lockid="0" MaximumTransitDays="0"
    Modifyprogid="XMLMigrator" Modifyts="2020-02-19T13:26:11+00:00"
    Modifyuserid="SYSTEM" OrganizationCode="DEFAULT" UsedForOrdering="N"/>
<CarrierService CarrierServiceCode="Next Day 10:30 am"
    CarrierServiceDesc="Next Day 10:30 am"
    CarrierServiceKey="2009010915423340004" CarrierType="PARCEL"
    Createprogid="XMLMigrator" Createts="2020-02-19T13:26:11+00:00"
    Createuserid="SYSTEM" DistancePerDay="0.00" DistanceUOM=""
    FixedTransitDays="0" Lockid="0" MaximumTransitDays="0"
    Modifyprogid="XMLMigrator" Modifyts="2020-02-19T13:26:11+00:00"
    Modifyuserid="SYSTEM" OrganizationCode="DEFAULT" UsedForOrdering="N"/>
<CarrierService CarrierServiceCode="Next Day 12:00 pm"
    CarrierServiceDesc="Next Day 12:00 pm"
    CarrierServiceKey="2009010915423340005" CarrierType="PARCEL"
    Createprogid="XMLMigrator" Createts="2020-02-19T13:26:11+00:00"
    Createuserid="SYSTEM" DistancePerDay="0.00" DistanceUOM=""
    FixedTransitDays="0" Lockid="0" MaximumTransitDays="0"
    Modifyprogid="XMLMigrator" Modifyts="2020-02-19T13:26:11+00:00"
    Modifyuserid="SYSTEM" OrganizationCode="DEFAULT" UsedForOrdering="N"/>
<CarrierService CarrierServiceCode="Next Day 3:00 pm"
    CarrierServiceDesc="Next Day 3:00 pm"
    CarrierServiceKey="2009010915423340006" CarrierType="PARCEL"
    Createprogid="XMLMigrator" Createts="2020-02-19T13:26:11+00:00"
    Createuserid="SYSTEM" DistancePerDay="0.00" DistanceUOM=""
    FixedTransitDays="0" Lockid="0" MaximumTransitDays="0"
    Modifyprogid="XMLMigrator" Modifyts="2020-02-19T13:26:11+00:00"
    Modifyuserid="SYSTEM" OrganizationCode="DEFAULT" UsedForOrdering="N"/>
<CarrierService CarrierServiceCode="@Home 2nd Day"
    CarrierServiceDesc="@Home 2nd Day"
    CarrierServiceKey="2009010915423340007" CarrierType="PARCEL"
    Createprogid="XMLMigrator" Createts="2020-02-19T13:26:11+00:00"
    Createuserid="SYSTEM" DistancePerDay="0.00" DistanceUOM=""
    FixedTransitDays="0" Lockid="0" MaximumTransitDays="0"
    Modifyprogid="XMLMigrator" Modifyts="2020-02-19T13:26:11+00:00"
    Modifyuserid="SYSTEM" OrganizationCode="DEFAULT" UsedForOrdering="N"/>
<CarrierService CarrierServiceCode="@Home Ground"
    CarrierServiceDesc="@Home Ground"
    CarrierServiceKey="2009010915423340008" CarrierType="PARCEL"
    Createprogid="XMLMigrator" Createts="2020-02-19T13:26:11+00:00"
    Createuserid="SYSTEM" DistancePerDay="0.00" DistanceUOM=""
    FixedTransitDays="0" Lockid="0" MaximumTransitDays="0"
    Modifyprogid="XMLMigrator" Modifyts="2020-02-19T13:26:11+00:00"
    Modifyuserid="SYSTEM" OrganizationCode="DEFAULT" UsedForOrdering="N"/>
<CarrierService CarrierServiceCode="Media Mail @Home 2nd Day"
    CarrierServiceDesc="Media Mail @Home 2nd Day"
    CarrierServiceKey="2009010915423340009" CarrierType="PARCEL"
    Createprogid="XMLMigrator" Createts="2020-02-19T13:26:11+00:00"
    Createuserid="SYSTEM" DistancePerDay="0.00" DistanceUOM=""
    FixedTransitDays="0" Lockid="0" MaximumTransitDays="0"
    Modifyprogid="XMLMigrator" Modifyts="2020-02-19T13:26:11+00:00"
    Modifyuserid="SYSTEM" OrganizationCode="DEFAULT" UsedForOrdering="N"/>
<CarrierService CarrierServiceCode="Media Mail @Home Ground"
    CarrierServiceDesc="Media Mail @Home Ground"
    CarrierServiceKey="2009010915423340010" CarrierType="PARCEL"
    Createprogid="XMLMigrator" Createts="2020-02-19T13:26:11+00:00"
    Createuserid="SYSTEM" DistancePerDay="0.00" DistanceUOM=""
    FixedTransitDays="0" Lockid="0" MaximumTransitDays="0"
    Modifyprogid="XMLMigrator" Modifyts="2020-02-19T13:26:11+00:00"
    Modifyuserid="SYSTEM" OrganizationCode="DEFAULT" UsedForOrdering="N"/>
<CarrierService CarrierServiceCode="Bound Printed Matter @Home 2nd Day"
    CarrierServiceDesc="Bound Printed Matter @Home 2nd Day"
    CarrierServiceKey="2009010915423340011" CarrierType="PARCEL"
    Createprogid="XMLMigrator" Createts="2020-02-19T13:26:11+00:00"
    Createuserid="SYSTEM" DistancePerDay="0.00" DistanceUOM=""
    FixedTransitDays="0" Lockid="0" MaximumTransitDays="0"
    Modifyprogid="XMLMigrator" Modifyts="2020-02-19T13:26:11+00:00"
    Modifyuserid="SYSTEM" OrganizationCode="DEFAULT" UsedForOrdering="N"/>
<CarrierService CarrierServiceCode="Bound Printed Matter @Home Ground"
    CarrierServiceDesc="Bound Printed Matter @Home Ground"
    CarrierServiceKey="2009010915423340012" CarrierType="PARCEL"
    Createprogid="XMLMigrator" Createts="2020-02-19T13:26:11+00:00"
    Createuserid="SYSTEM" DistancePerDay="0.00" DistanceUOM=""
    FixedTransitDays="0" Lockid="0" MaximumTransitDays="0"
    Modifyprogid="XMLMigrator" Modifyts="2020-02-19T13:26:11+00:00"
    Modifyuserid="SYSTEM" OrganizationCode="DEFAULT" UsedForOrdering="N"/>
<CarrierService CarrierServiceCode="International Document Service"
    CarrierServiceDesc="International Document Service"
    CarrierServiceKey="2009010915423340013" CarrierType="PARCEL"
    Createprogid="XMLMigrator" Createts="2020-02-19T13:26:11+00:00"
    Createuserid="SYSTEM" DistancePerDay="0.00" DistanceUOM=""
    FixedTransitDays="0" Lockid="0" MaximumTransitDays="0"
    Modifyprogid="XMLMigrator" Modifyts="2020-02-19T13:26:11+00:00"
    Modifyuserid="SYSTEM" OrganizationCode="DEFAULT" UsedForOrdering="N"/>
<CarrierService
    CarrierServiceCode="International Document Letter Service"
    CarrierServiceDesc="International Document Letter Service"
    CarrierServiceKey="2009010915423340014" CarrierType="PARCEL"
    Createprogid="XMLMigrator" Createts="2020-02-19T13:26:11+00:00"
    Createuserid="SYSTEM" DistancePerDay="0.00" DistanceUOM=""
    FixedTransitDays="0" Lockid="0" MaximumTransitDays="0"
    Modifyprogid="XMLMigrator" Modifyts="2020-02-19T13:26:11+00:00"
    Modifyuserid="SYSTEM" OrganizationCode="DEFAULT" UsedForOrdering="N"/>
<CarrierService CarrierServiceCode="Worldwide Priority Express"
    CarrierServiceDesc="Worldwide Priority Express"
    CarrierServiceKey="2009010915423340015" CarrierType="PARCEL"
    Createprogid="XMLMigrator" Createts="2020-02-19T13:26:11+00:00"
    Createuserid="SYSTEM" DistancePerDay="0.00" DistanceUOM=""
    FixedTransitDays="0" Lockid="0" MaximumTransitDays="0"
    Modifyprogid="XMLMigrator" Modifyts="2020-02-19T13:26:11+00:00"
    Modifyuserid="SYSTEM" OrganizationCode="DEFAULT" UsedForOrdering="N"/>
<CarrierService CarrierServiceCode="Global Mail Priority Service"
    CarrierServiceDesc="Global Mail Priority Service"
    CarrierServiceKey="2009010915423340016" CarrierType="PARCEL"
    Createprogid="XMLMigrator" Createts="2020-02-19T13:26:11+00:00"
    Createuserid="SYSTEM" DistancePerDay="0.00" DistanceUOM=""
    FixedTransitDays="0" Lockid="0" MaximumTransitDays="0"
    Modifyprogid="XMLMigrator" Modifyts="2020-02-19T13:26:11+00:00"
    Modifyuserid="SYSTEM" OrganizationCode="DEFAULT" UsedForOrdering="N"/>
<CarrierService CarrierServiceCode="Global Mail Standard Service"
    CarrierServiceDesc="Global Mail Standard Service"
    CarrierServiceKey="2009010915423340017" CarrierType="PARCEL"
    Createprogid="XMLMigrator" Createts="2020-02-19T13:26:11+00:00"
    Createuserid="SYSTEM" DistancePerDay="0.00" DistanceUOM=""
    FixedTransitDays="0" Lockid="0" MaximumTransitDays="0"
    Modifyprogid="XMLMigrator" Modifyts="2020-02-19T13:26:11+00:00"
    Modifyuserid="SYSTEM" OrganizationCode="DEFAULT" UsedForOrdering="N"/>
</YFS_CARRIER_SERVICEList>