<?xml version="1.0" encoding="UTF-8"?>
<YFS_BASE_COMMON_CODEList TableName="YFS_BASE_COMMON_CODE" TotalNumberOfRecords="203">
<BaseCommonCode BaseCommonCodeKey="2011112917305424706" CodeLength="100"
    CodeLongDescription="Attributes for WC Integration"
    CodeShortDescription="Attributes for WC Integration"
    CodeType="WC_INTG_ATTR" Createprogid="XMLMigrator"
    Createts="2020-04-22T16:55:00+00:00" Createuserid="SYSTEM"
    GroupName="CustomCommonCode" Lockid="0" Modifyprogid="XMLMigrator"
    Modifyts="2020-04-22T16:55:00+00:00" Modifyuserid="SYSTEM" SystemDefinedCode="N"/>
<BaseCommonCode BaseCommonCodeKey="2012012917305424706" CodeLength="100"
    CodeLongDescription="Award Type For Adding/Removing Missing/Extra Order Lines After Pricing"
    CodeShortDescription="AwardType For Extra Lines"
    CodeType="EXTRALINE_AWARD_TYPE" Createprogid="XMLMigrator"
    Createts="2020-02-19T13:27:27+00:00" Createuserid="SYSTEM"
    GroupName="DocSpecific" Lockid="0" Modifyprogid="XMLMigrator"
    Modifyts="2020-02-19T13:27:27+00:00" Modifyuserid="SYSTEM" SystemDefinedCode="Y"/>
<BaseCommonCode BaseCommonCodeKey="ACROSS_ITEM_XML_ATTR" CodeLength="24"
    CodeLongDescription="Across_Item_Xml_Attr"
    CodeShortDescription="Across_Item_Xml_Attr"
    CodeType="ACROSS_ITEM_XML_ATTR" Createprogid="XMLMigrator"
    Createts="2020-02-19T13:26:08+00:00" Createuserid="SYSTEM"
    GroupName="HubData" Lockid="0" Modifyprogid="XMLMigrator"
    Modifyts="2020-02-19T13:26:08+00:00" Modifyuserid="SYSTEM" SystemDefinedCode="Y"/>
<BaseCommonCode BaseCommonCodeKey="ALERT_STATUS" CodeLength="40"
    CodeLongDescription="Alert Status"
    CodeShortDescription="Alert_Status" CodeType="ALERT_STATUS"
    Createprogid="XMLMigrator" Createts="2020-02-19T13:31:25+00:00"
    Createuserid="SYSTEM" GroupName="HubData" Lockid="0"
    Modifyprogid="XMLMigrator" Modifyts="2020-02-19T13:31:25+00:00"
    Modifyuserid="SYSTEM" SystemDefinedCode="Y"/>
<BaseCommonCode BaseCommonCodeKey="APPOINTMENT_STATUS" CodeLength="40"
    CodeLongDescription="Appointment Status"
    CodeShortDescription="Appointment_Status"
    CodeType="APPOINTMENT_STATUS" Createprogid="XMLMigrator"
    Createts="2020-02-19T13:28:10+00:00" Createuserid="SYSTEM"
    GroupName="HubData" Lockid="0" Modifyprogid="XMLMigrator"
    Modifyts="2020-02-19T13:28:10+00:00" Modifyuserid="SYSTEM" SystemDefinedCode="Y"/>
<BaseCommonCode BaseCommonCodeKey="APPROVAL_STATUS" CodeLength="40"
    CodeLongDescription="Approval Status"
    CodeShortDescription="Approval Status" CodeType="APPROVAL_STATUS"
    Createprogid="XMLMigrator" Createts="2020-02-19T13:26:08+00:00"
    Createuserid="SYSTEM" GroupName="DocSpecific" Lockid="0"
    Modifyprogid="XMLMigrator" Modifyts="2020-02-19T13:26:08+00:00"
    Modifyuserid="SYSTEM" SystemDefinedCode="Y"/>
<BaseCommonCode BaseCommonCodeKey="APPROVAL_VIOLATION" CodeLength="20"
    CodeLongDescription="Approval_Rule_Violation_Reason"
    CodeShortDescription="Approval_Rule_Violation_Reason"
    CodeType="APPROVAL_VIOLATION" Createprogid="XMLMigrator"
    Createts="2020-02-19T13:26:08+00:00" Createuserid="SYSTEM"
    GroupName="DocSpecific" Lockid="0" Modifyprogid="XMLMigrator"
    Modifyts="2020-02-19T13:26:08+00:00" Modifyuserid="SYSTEM" SystemDefinedCode="Y"/>
<BaseCommonCode BaseCommonCodeKey="ATTRIBUTE_POST_FIX" CodeLength="40"
    CodeLongDescription="Attribute_Post_Fix"
    CodeShortDescription="Attribute_Post_Fix"
    CodeType="ATTRIBUTE_POST_FIX" Createprogid="XMLMigrator"
    Createts="2020-02-19T13:26:08+00:00" Createuserid="SYSTEM"
    GroupName="AttributeDomain" Lockid="0" Modifyprogid="XMLMigrator"
    Modifyts="2020-02-19T13:26:08+00:00" Modifyuserid="SYSTEM" SystemDefinedCode="Y"/>
<BaseCommonCode BaseCommonCodeKey="CARRIER_ADAPTER_KEY" CodeLength="40"
    CodeLongDescription="Carrier_Adapter"
    CodeShortDescription="Carrier Adapter" CodeType="Carrier_Adapter"
    Createprogid="XMLMigrator" Createts="2020-02-19T13:31:25+00:00"
    Createuserid="SYSTEM" GroupName="HubData" Lockid="0"
    Modifyprogid="XMLMigrator" Modifyts="2020-02-19T13:31:25+00:00"
    Modifyuserid="SYSTEM" SystemDefinedCode="Y"/>
<BaseCommonCode BaseCommonCodeKey="CDE_VALID_TABLE" CodeLength="40"
    CodeLongDescription="Data Extract Valid Table"
    CodeShortDescription="Data Extract Valid Table"
    CodeType="CDE_VALID_TABLE" Createprogid="XMLMigrator"
    Createts="2020-02-19T13:28:31+00:00" Createuserid="SYSTEM"
    GroupName="HubData" Lockid="0" Modifyprogid="XMLMigrator"
    Modifyts="2020-02-19T13:28:31+00:00" Modifyuserid="SYSTEM" SystemDefinedCode="Y"/>
<BaseCommonCode BaseCommonCodeKey="CNT_PGM_STATUS" CodeLength="40"
    CodeLongDescription="One_Time_Count_Program_Status"
    CodeShortDescription="One_Time_Count_Program_Status"
    CodeType="CNT_PGM_STATUS" Createprogid="XMLMigrator"
    Createts="2020-02-19T13:30:25+00:00" Createuserid="SYSTEM"
    GroupName="WMS_CommonCodes" Lockid="0" Modifyprogid="XMLMigrator"
    Modifyts="2020-02-19T13:30:25+00:00" Modifyuserid="SYSTEM" SystemDefinedCode="Y"/>
<BaseCommonCode BaseCommonCodeKey="CODE_TYPE_920_01" CodeLength="40"
    CodeLongDescription="User_Group_Purpose"
    CodeShortDescription="User_Group_Purpose"
    CodeType="USER_GROUP_PURPOSE" Createprogid="XMLMigrator"
    Createts="2020-02-19T13:26:08+00:00" Createuserid="SYSTEM"
    GroupName="HubData" Lockid="0" Modifyprogid="XMLMigrator"
    Modifyts="2020-02-19T13:26:08+00:00" Modifyuserid="SYSTEM" SystemDefinedCode="Y"/>
<BaseCommonCode BaseCommonCodeKey="CODE_TYPE_920_02" CodeLength="24"
    CodeLongDescription="Group for Group Level Monitoring"
    CodeShortDescription="Group for Group Level Monitoring"
    CodeType="DIST_GRP_LVL_MTR" Createprogid="XMLMigrator"
    Createts="2020-02-19T13:26:08+00:00" Createuserid="SYSTEM"
    GroupName="Inventory" Lockid="0" Modifyprogid="XMLMigrator"
    Modifyts="2020-02-19T13:26:08+00:00" Modifyuserid="SYSTEM" SystemDefinedCode="Y"/>
<BaseCommonCode BaseCommonCodeKey="CODE_TYPE_920_03" CodeLength="24"
    CodeLongDescription="Group for Node Level Monitoring"
    CodeShortDescription="Group for Node Level Monitoring"
    CodeType="NODE_LVL_MTR" Createprogid="XMLMigrator"
    Createts="2020-02-19T13:26:08+00:00" Createuserid="SYSTEM"
    GroupName="Inventory" Lockid="0" Modifyprogid="XMLMigrator"
    Modifyts="2020-02-19T13:26:08+00:00" Modifyuserid="SYSTEM" SystemDefinedCode="Y"/>
<BaseCommonCode BaseCommonCodeKey="CODE_TYPE_920_04" CodeLength="0"
    CodeLongDescription="Inbox Status" CodeShortDescription="Inbox"
    CodeType="INBOX_STATUS" Createprogid="XMLMigrator"
    Createts="2020-02-19T13:26:08+00:00" Createuserid="SYSTEM"
    GroupName="BaseSetup" Lockid="0" Modifyprogid="XMLMigrator"
    Modifyts="2020-02-19T13:26:08+00:00" Modifyuserid="SYSTEM" SystemDefinedCode="Y"/>
<BaseCommonCode BaseCommonCodeKey="CODE_TYPE_950_01" CodeLength="10"
    CodeLongDescription="Segment Type for Inventory Allocation"
    CodeShortDescription="Inventory Allocation Segment Type"
    CodeType="ALLOC_SEG_TYPE" Createprogid="XMLMigrator"
    Createts="2020-02-19T13:26:08+00:00" Createuserid="SYSTEM"
    GroupName="Inventory" Lockid="0" Modifyprogid="XMLMigrator"
    Modifyts="2020-02-19T13:26:08+00:00" Modifyuserid="SYSTEM" SystemDefinedCode="Y"/>
<BaseCommonCode BaseCommonCodeKey="CODE_TYPE_LIST" CodeLength="20"
    CodeLongDescription="Custom_Common_Code_Type"
    CodeShortDescription="Custom_Common_Code_Type"
    CodeType="CODE_TYPE_LIST" Createprogid="XMLMigrator"
    Createts="2020-02-19T13:26:08+00:00" Createuserid="SYSTEM"
    GroupName="HubData" Lockid="0" Modifyprogid="XMLMigrator"
    Modifyts="2020-02-19T13:26:08+00:00" Modifyuserid="SYSTEM" SystemDefinedCode="Y"/>
<BaseCommonCode BaseCommonCodeKey="CODE_TYPE_LIST1" CodeLength="20"
    CodeLongDescription="Backorder_Reason"
    CodeShortDescription="Backorder_Reason" CodeType="BACKORDER_REASON"
    Createprogid="XMLMigrator" Createts="2020-02-19T13:26:07+00:00"
    Createuserid="SYSTEM" GroupName="DocSpecific" Lockid="0"
    Modifyprogid="XMLMigrator" Modifyts="2020-02-19T13:26:07+00:00"
    Modifyuserid="SYSTEM" SystemDefinedCode="Y"/>
<BaseCommonCode BaseCommonCodeKey="CODE_TYPE_LIST100" CodeLength="0"
    CodeLongDescription="Monitor_Type"
    CodeShortDescription="Monitor_Type" CodeType="MONITOR_TYPE"
    Createprogid="XMLMigrator" Createts="2020-02-19T13:26:08+00:00"
    Createuserid="SYSTEM" GroupName="HubData" Lockid="0"
    Modifyprogid="XMLMigrator" Modifyts="2020-02-19T13:26:08+00:00"
    Modifyuserid="SYSTEM" SystemDefinedCode="Y"/>
<BaseCommonCode BaseCommonCodeKey="CODE_TYPE_LIST101" CodeLength="40"
    CodeLongDescription="Customer_Level"
    CodeShortDescription="Customer_Level" CodeType="CUSTOMER_LEVEL"
    Createprogid="XMLMigrator" Createts="2020-02-19T13:26:08+00:00"
    Createuserid="SYSTEM" GroupName="Customer" Lockid="0"
    Modifyprogid="XMLMigrator" Modifyts="2020-02-19T13:26:08+00:00"
    Modifyuserid="SYSTEM" SystemDefinedCode="Y"/>
<BaseCommonCode BaseCommonCodeKey="CODE_TYPE_LIST102" CodeLength="40"
    CodeLongDescription="Relationship_Type"
    CodeShortDescription="Relationship_Type"
    CodeType="RELATIONSHIP_TYPE" Createprogid="XMLMigrator"
    Createts="2020-02-19T13:26:08+00:00" Createuserid="SYSTEM"
    GroupName="Customer" Lockid="0" Modifyprogid="XMLMigrator"
    Modifyts="2020-02-19T13:26:08+00:00" Modifyuserid="SYSTEM" SystemDefinedCode="Y"/>
<BaseCommonCode BaseCommonCodeKey="CODE_TYPE_LIST103" CodeLength="40"
    CodeLongDescription="Vertical" CodeShortDescription="Vertical"
    CodeType="VERTICAL" Createprogid="XMLMigrator"
    Createts="2020-02-19T13:26:08+00:00" Createuserid="SYSTEM"
    GroupName="Customer" Lockid="0" Modifyprogid="XMLMigrator"
    Modifyts="2020-02-19T13:26:08+00:00" Modifyuserid="SYSTEM" SystemDefinedCode="Y"/>
<BaseCommonCode BaseCommonCodeKey="CODE_TYPE_LIST104" CodeLength="40"
    CodeLongDescription="Customer_Status"
    CodeShortDescription="Customer_Status" CodeType="CUSTOMER_STATUS"
    Createprogid="XMLMigrator" Createts="2020-02-19T13:26:08+00:00"
    Createuserid="SYSTEM" GroupName="HubData" Lockid="0"
    Modifyprogid="XMLMigrator" Modifyts="2020-02-19T13:26:08+00:00"
    Modifyuserid="SYSTEM" SystemDefinedCode="Y"/>
<BaseCommonCode BaseCommonCodeKey="CODE_TYPE_LIST11" CodeLength="100"
    CodeLongDescription="Search_Criteria"
    CodeShortDescription="Search_Criteria" CodeType="SEARCH_CRITERIA"
    Createprogid="XMLMigrator" Createts="2020-02-19T13:26:07+00:00"
    Createuserid="SYSTEM" GroupName="HubData" Lockid="0"
    Modifyprogid="XMLMigrator" Modifyts="2020-02-19T13:26:07+00:00"
    Modifyuserid="SYSTEM" SystemDefinedCode="Y"/>
<BaseCommonCode BaseCommonCodeKey="CODE_TYPE_LIST14" CodeLength="6"
    CodeLongDescription="Shipment_Mode"
    CodeShortDescription="Shipment_Mode" CodeType="SHIPMENT_MODE"
    Createprogid="XMLMigrator" Createts="2020-02-19T13:26:07+00:00"
    Createuserid="SYSTEM" GroupName="HubData" Lockid="0"
    Modifyprogid="XMLMigrator" Modifyts="2020-02-19T13:26:07+00:00"
    Modifyuserid="SYSTEM" SystemDefinedCode="Y"/>
<BaseCommonCode BaseCommonCodeKey="CODE_TYPE_LIST152" CodeLength="40"
    CodeLongDescription="UploadJob" CodeShortDescription="UploadJob"
    CodeType="UPLOADJOB" Createprogid="XMLMigrator"
    Createts="2020-02-19T13:26:08+00:00" Createuserid="SYSTEM"
    GroupName="BaseSetup" Lockid="0" Modifyprogid="XMLMigrator"
    Modifyts="2020-02-19T13:26:08+00:00" Modifyuserid="SYSTEM" SystemDefinedCode="Y"/>
<BaseCommonCode BaseCommonCodeKey="CODE_TYPE_LIST16" CodeLength="40"
    CodeLongDescription="Freight_Terms"
    CodeShortDescription="Freight_Terms" CodeType="FREIGHT_TERMS"
    Createprogid="XMLMigrator" Createts="2020-02-19T13:26:07+00:00"
    Createuserid="SYSTEM" GroupName="Logistics" Lockid="0"
    Modifyprogid="XMLMigrator" Modifyts="2020-02-19T13:26:07+00:00"
    Modifyuserid="SYSTEM" SystemDefinedCode="Y"/>
<BaseCommonCode BaseCommonCodeKey="CODE_TYPE_LIST17" CodeLength="20"
    CodeLongDescription="Payment_Terms"
    CodeShortDescription="Payment_Terms" CodeType="PAYMENT_TERMS"
    Createprogid="XMLMigrator" Createts="2020-02-19T13:26:07+00:00"
    Createuserid="SYSTEM" GroupName="DocSpecific" Lockid="0"
    Modifyprogid="XMLMigrator" Modifyts="2020-02-19T13:26:07+00:00"
    Modifyuserid="SYSTEM" SystemDefinedCode="Y"/>
<BaseCommonCode BaseCommonCodeKey="CODE_TYPE_LIST18" CodeLength="100"
    CodeLongDescription="Order_Source"
    CodeShortDescription="Order_Source" CodeType="ORDER_SOURCE"
    Createprogid="XMLMigrator" Createts="2020-02-19T13:26:07+00:00"
    Createuserid="SYSTEM" GroupName="DocSpecific" Lockid="0"
    Modifyprogid="XMLMigrator" Modifyts="2020-02-19T13:26:07+00:00"
    Modifyuserid="SYSTEM" SystemDefinedCode="Y"/>
<BaseCommonCode BaseCommonCodeKey="CODE_TYPE_LIST19" CodeLength="20"
    CodeLongDescription="Order_Type" CodeShortDescription="Order_Type"
    CodeType="ORDER_TYPE" Createprogid="XMLMigrator"
    Createts="2020-02-19T13:26:07+00:00" Createuserid="SYSTEM"
    GroupName="DocSpecific" Lockid="0" Modifyprogid="XMLMigrator"
    Modifyts="2020-02-19T13:26:07+00:00" Modifyuserid="SYSTEM" SystemDefinedCode="Y"/>
<BaseCommonCode BaseCommonCodeKey="CODE_TYPE_LIST2" CodeLength="20"
    CodeLongDescription="Delivery_Code"
    CodeShortDescription="Delivery_Code" CodeType="DELIVERY_CODE"
    Createprogid="XMLMigrator" Createts="2020-02-19T13:26:07+00:00"
    Createuserid="SYSTEM" GroupName="HubData" Lockid="0"
    Modifyprogid="XMLMigrator" Modifyts="2020-02-19T13:26:07+00:00"
    Modifyuserid="SYSTEM" SystemDefinedCode="Y"/>
<BaseCommonCode BaseCommonCodeKey="CODE_TYPE_LIST20" CodeLength="40"
    CodeLongDescription="External_Reference"
    CodeShortDescription="External_Reference" CodeType="OH_EXTERNAL_REF"
    Createprogid="XMLMigrator" Createts="2020-02-19T13:26:07+00:00"
    Createuserid="SYSTEM" GroupName="DocSpecific" Lockid="0"
    Modifyprogid="XMLMigrator" Modifyts="2020-02-19T13:26:07+00:00"
    Modifyuserid="SYSTEM" SystemDefinedCode="Y"/>
<BaseCommonCode BaseCommonCodeKey="CODE_TYPE_LIST21" CodeLength="40"
    CodeLongDescription="External_Reference"
    CodeShortDescription="External_Reference" CodeType="OL_EXTERNAL_REF"
    Createprogid="XMLMigrator" Createts="2020-02-19T13:26:07+00:00"
    Createuserid="SYSTEM" GroupName="DocSpecific" Lockid="0"
    Modifyprogid="XMLMigrator" Modifyts="2020-02-19T13:26:07+00:00"
    Modifyuserid="SYSTEM" SystemDefinedCode="Y"/>
<BaseCommonCode BaseCommonCodeKey="CODE_TYPE_LIST22" CodeLength="20"
    CodeLongDescription="Reject_Reason"
    CodeShortDescription="Reject_Reason" CodeType="REJECT_REASON"
    Createprogid="XMLMigrator" Createts="2020-02-19T13:26:08+00:00"
    Createuserid="SYSTEM" GroupName="Negotiation" Lockid="0"
    Modifyprogid="XMLMigrator" Modifyts="2020-02-19T13:26:08+00:00"
    Modifyuserid="SYSTEM" SystemDefinedCode="Y"/>
<BaseCommonCode BaseCommonCodeKey="CODE_TYPE_LIST23" CodeLength="10"
    CodeLongDescription="Product_Class"
    CodeShortDescription="Product_Class" CodeType="PRODUCT_CLASS"
    Createprogid="XMLMigrator" Createts="2020-02-19T13:26:08+00:00"
    Createuserid="SYSTEM" GroupName="Inventory" Lockid="0"
    Modifyprogid="XMLMigrator" Modifyts="2020-02-19T13:26:08+00:00"
    Modifyuserid="SYSTEM" SystemDefinedCode="Y"/>
<BaseCommonCode BaseCommonCodeKey="CODE_TYPE_LIST24" CodeLength="40"
    CodeLongDescription="Unit_of_Measure"
    CodeShortDescription="Unit_of_Measure" CodeType="UNIT_OF_MEASURE"
    Createprogid="XMLMigrator" Createts="2020-02-19T13:26:08+00:00"
    Createuserid="SYSTEM" GroupName="ItemMaster" Lockid="0"
    Modifyprogid="XMLMigrator" Modifyts="2020-02-19T13:26:08+00:00"
    Modifyuserid="SYSTEM" SystemDefinedCode="Y"/>
<BaseCommonCode BaseCommonCodeKey="CODE_TYPE_LIST25" CodeLength="40"
    CodeLongDescription="UOM_Type" CodeShortDescription="UOM_Type"
    CodeType="UOM_TYPE" Createprogid="XMLMigrator"
    Createts="2020-02-19T13:26:08+00:00" Createuserid="SYSTEM"
    GroupName="HubData" Lockid="0" Modifyprogid="XMLMigrator"
    Modifyts="2020-02-19T13:26:08+00:00" Modifyuserid="SYSTEM" SystemDefinedCode="Y"/>
<BaseCommonCode BaseCommonCodeKey="CODE_TYPE_LIST26" CodeLength="2"
    CodeLongDescription="Country" CodeShortDescription="Country"
    CodeType="COUNTRY" Createprogid="XMLMigrator"
    Createts="2020-02-19T13:26:08+00:00" Createuserid="SYSTEM"
    GroupName="HubData" Lockid="0" Modifyprogid="XMLMigrator"
    Modifyts="2020-02-19T13:26:08+00:00" Modifyuserid="SYSTEM" SystemDefinedCode="Y"/>
<BaseCommonCode BaseCommonCodeKey="CODE_TYPE_LIST27" CodeLength="2"
    CodeLongDescription="Language" CodeShortDescription="Language"
    CodeType="LANGUAGE" Createprogid="XMLMigrator"
    Createts="2020-02-19T13:26:08+00:00" Createuserid="SYSTEM"
    GroupName="HubData" Lockid="0" Modifyprogid="XMLMigrator"
    Modifyts="2020-02-19T13:26:08+00:00" Modifyuserid="SYSTEM" SystemDefinedCode="Y"/>
<BaseCommonCode BaseCommonCodeKey="CODE_TYPE_LIST28" CodeLength="40"
    CodeLongDescription="Tax_Name" CodeShortDescription="Tax_Name"
    CodeType="TAX_NAME" Createprogid="XMLMigrator"
    Createts="2020-02-19T13:26:07+00:00" Createuserid="SYSTEM"
    GroupName="DocSpecific" Lockid="0" Modifyprogid="XMLMigrator"
    Modifyts="2020-02-19T13:26:07+00:00" Modifyuserid="SYSTEM" SystemDefinedCode="Y"/>
<BaseCommonCode BaseCommonCodeKey="CODE_TYPE_LIST29" CodeLength="40"
    CodeLongDescription="Date_Format" CodeShortDescription="Date_Format"
    CodeType="DATE_FORMAT" Createprogid="XMLMigrator"
    Createts="2020-02-19T13:26:08+00:00" Createuserid="SYSTEM"
    GroupName="HubData" Lockid="0" Modifyprogid="XMLMigrator"
    Modifyts="2020-02-19T13:26:08+00:00" Modifyuserid="SYSTEM" SystemDefinedCode="Y"/>
<BaseCommonCode BaseCommonCodeKey="CODE_TYPE_LIST30" CodeLength="40"
    CodeLongDescription="Date_Time_Format"
    CodeShortDescription="Date_Time_Format" CodeType="DATE_TIME_FORMAT"
    Createprogid="XMLMigrator" Createts="2020-02-19T13:26:08+00:00"
    Createuserid="SYSTEM" GroupName="HubData" Lockid="0"
    Modifyprogid="XMLMigrator" Modifyts="2020-02-19T13:26:08+00:00"
    Modifyuserid="SYSTEM" SystemDefinedCode="Y"/>
<BaseCommonCode BaseCommonCodeKey="CODE_TYPE_LIST31" CodeLength="40"
    CodeLongDescription="Item_Association_Type"
    CodeShortDescription="Item_Association_Type"
    CodeType="ITEM_ASSOCN_TYPE" Createprogid="XMLMigrator"
    Createts="2020-02-19T13:26:08+00:00" Createuserid="SYSTEM"
    GroupName="HubData" Lockid="0" Modifyprogid="XMLMigrator"
    Modifyts="2020-02-19T13:26:08+00:00" Modifyuserid="SYSTEM" SystemDefinedCode="Y"/>
<BaseCommonCode BaseCommonCodeKey="CODE_TYPE_LIST32" CodeLength="40"
    CodeLongDescription="Item_Type" CodeShortDescription="Item_Type"
    CodeType="ITEM_TYPE" Createprogid="XMLMigrator"
    Createts="2020-02-19T13:26:08+00:00" Createuserid="SYSTEM"
    GroupName="ItemMaster" Lockid="0" Modifyprogid="XMLMigrator"
    Modifyts="2020-02-19T13:26:08+00:00" Modifyuserid="SYSTEM" SystemDefinedCode="Y"/>
<BaseCommonCode BaseCommonCodeKey="CODE_TYPE_LIST33" CodeLength="40"
    CodeLongDescription="Item_Status" CodeShortDescription="Item_Status"
    CodeType="ITEM_STATUS" Createprogid="XMLMigrator"
    Createts="2020-02-19T13:26:08+00:00" Createuserid="SYSTEM"
    GroupName="HubData" Lockid="0" Modifyprogid="XMLMigrator"
    Modifyts="2020-02-19T13:26:08+00:00" Modifyuserid="SYSTEM" SystemDefinedCode="Y"/>
<BaseCommonCode BaseCommonCodeKey="CODE_TYPE_LIST34" CodeLength="40"
    CodeLongDescription="Item_Alias_Type"
    CodeShortDescription="Item_Alias_Type" CodeType="ITEM_ALIAS_TYPE"
    Createprogid="XMLMigrator" Createts="2020-02-19T13:26:08+00:00"
    Createuserid="SYSTEM" GroupName="ItemMaster" Lockid="0"
    Modifyprogid="XMLMigrator" Modifyts="2020-02-19T13:26:08+00:00"
    Modifyuserid="SYSTEM" SystemDefinedCode="Y"/>
<BaseCommonCode BaseCommonCodeKey="CODE_TYPE_LIST35" CodeLength="40"
    CodeLongDescription="Additional_Attribute"
    CodeShortDescription="Additional_Attribute"
    CodeType="ITEM_ADDNL_ATTR" Createprogid="XMLMigrator"
    Createts="2020-02-19T13:26:08+00:00" Createuserid="SYSTEM"
    GroupName="ItemMaster" Lockid="0" Modifyprogid="XMLMigrator"
    Modifyts="2020-02-19T13:26:08+00:00" Modifyuserid="SYSTEM" SystemDefinedCode="Y"/>
<BaseCommonCode BaseCommonCodeKey="CODE_TYPE_LIST36" CodeLength="40"
    CodeLongDescription="Category_Status"
    CodeShortDescription="Category_Status" CodeType="CATEGORY_STATUS"
    Createprogid="XMLMigrator" Createts="2020-02-19T13:26:08+00:00"
    Createuserid="SYSTEM" GroupName="ItemMaster" Lockid="0"
    Modifyprogid="XMLMigrator" Modifyts="2020-02-19T13:26:08+00:00"
    Modifyuserid="SYSTEM" SystemDefinedCode="Y"/>
<BaseCommonCode BaseCommonCodeKey="CODE_TYPE_LIST37" CodeLength="40"
    CodeLongDescription="Additional_Attribute"
    CodeShortDescription="Additional_Attribute"
    CodeType="CATEGORY_ADDNL_ATTR" Createprogid="XMLMigrator"
    Createts="2020-02-19T13:26:08+00:00" Createuserid="SYSTEM"
    GroupName="ItemMaster" Lockid="0" Modifyprogid="XMLMigrator"
    Modifyts="2020-02-19T13:26:08+00:00" Modifyuserid="SYSTEM" SystemDefinedCode="Y"/>
<BaseCommonCode BaseCommonCodeKey="CODE_TYPE_LIST39" CodeLength="0"
    CodeLongDescription="App_Name" CodeShortDescription="App_Name"
    CodeType="APP_NAME" Createprogid="XMLMigrator"
    Createts="2020-02-19T13:26:08+00:00" Createuserid="SYSTEM"
    GroupName="HubData" Lockid="0" Modifyprogid="XMLMigrator"
    Modifyts="2020-02-19T13:26:08+00:00" Modifyuserid="SYSTEM" SystemDefinedCode="Y"/>
<BaseCommonCode BaseCommonCodeKey="CODE_TYPE_LIST4" CodeLength="10"
    CodeLongDescription="Instruction_Type"
    CodeShortDescription="Instruction_Type" CodeType="INSTRUCTION_TYPE"
    Createprogid="XMLMigrator" Createts="2020-02-19T13:26:08+00:00"
    Createuserid="SYSTEM" GroupName="DocSpecific" Lockid="0"
    Modifyprogid="XMLMigrator" Modifyts="2020-02-19T13:26:08+00:00"
    Modifyuserid="SYSTEM" SystemDefinedCode="Y"/>
<BaseCommonCode BaseCommonCodeKey="CODE_TYPE_LIST40" CodeLength="0"
    CodeLongDescription="Email_Protocol"
    CodeShortDescription="Email_Protocol" CodeType="EMAIL_PROTOCOL"
    Createprogid="XMLMigrator" Createts="2020-02-19T13:26:08+00:00"
    Createuserid="SYSTEM" GroupName="HubData" Lockid="0"
    Modifyprogid="XMLMigrator" Modifyts="2020-02-19T13:26:08+00:00"
    Modifyuserid="SYSTEM" SystemDefinedCode="Y"/>
<BaseCommonCode BaseCommonCodeKey="CODE_TYPE_LIST41" CodeLength="40"
    CodeLongDescription="Item_Exclusion_Code"
    CodeShortDescription="Item_Exclusion_Code" CodeType="ITEM_EXCL_CODE"
    Createprogid="XMLMigrator" Createts="2020-02-19T13:26:08+00:00"
    Createuserid="SYSTEM" GroupName="ItemMaster" Lockid="0"
    Modifyprogid="XMLMigrator" Modifyts="2020-02-19T13:26:08+00:00"
    Modifyuserid="SYSTEM" SystemDefinedCode="Y"/>
<BaseCommonCode BaseCommonCodeKey="CODE_TYPE_LIST42" CodeLength="0"
    CodeLongDescription="Response_Action"
    CodeShortDescription="Response_Action" CodeType="RESPONSE_ACTION"
    Createprogid="XMLMigrator" Createts="2020-02-19T13:26:08+00:00"
    Createuserid="SYSTEM" GroupName="HubData" Lockid="0"
    Modifyprogid="XMLMigrator" Modifyts="2020-02-19T13:26:08+00:00"
    Modifyuserid="SYSTEM" SystemDefinedCode="Y"/>
<BaseCommonCode BaseCommonCodeKey="CODE_TYPE_LIST43" CodeLength="40"
    CodeLongDescription="Address_Type"
    CodeShortDescription="Address_Type" CodeType="ADDRESS_TYPE"
    Createprogid="XMLMigrator" Createts="2020-02-19T13:26:08+00:00"
    Createuserid="SYSTEM" GroupName="DocSpecific" Lockid="0"
    Modifyprogid="XMLMigrator" Modifyts="2020-02-19T13:26:08+00:00"
    Modifyuserid="SYSTEM" SystemDefinedCode="Y"/>
<BaseCommonCode BaseCommonCodeKey="CODE_TYPE_LIST44" CodeLength="40"
    CodeLongDescription="Theme" CodeShortDescription="Theme"
    CodeType="THEME" Createprogid="XMLMigrator"
    Createts="2020-02-19T13:26:08+00:00" Createuserid="SYSTEM"
    GroupName="HubData" Lockid="0" Modifyprogid="XMLMigrator"
    Modifyts="2020-02-19T13:26:08+00:00" Modifyuserid="SYSTEM" SystemDefinedCode="Y"/>
<BaseCommonCode BaseCommonCodeKey="CODE_TYPE_LIST45" CodeLength="2"
    CodeLongDescription="Kit_Code(s)" CodeShortDescription="Kit_Code(s)"
    CodeType="KIT_CODE" Createprogid="XMLMigrator"
    Createts="2020-02-19T13:26:08+00:00" Createuserid="SYSTEM"
    GroupName="HubData" Lockid="0" Modifyprogid="XMLMigrator"
    Modifyts="2020-02-19T13:26:08+00:00" Modifyuserid="SYSTEM" SystemDefinedCode="Y"/>
<BaseCommonCode BaseCommonCodeKey="CODE_TYPE_LIST46" CodeLength="20"
    CodeLongDescription="Inventory_Reason"
    CodeShortDescription="Inventory_Reason" CodeType="INVENTORY_REASON"
    Createprogid="XMLMigrator" Createts="2020-02-19T13:26:08+00:00"
    Createuserid="SYSTEM" GroupName="Inventory" Lockid="0"
    Modifyprogid="XMLMigrator" Modifyts="2020-02-19T13:26:08+00:00"
    Modifyuserid="SYSTEM" SystemDefinedCode="Y"/>
<BaseCommonCode BaseCommonCodeKey="CODE_TYPE_LIST47" CodeLength="40"
    CodeLongDescription="Nomenclature_Code"
    CodeShortDescription="Nomenclature_Code" CodeType="XREF_CODE"
    Createprogid="XMLMigrator" Createts="2020-02-19T13:26:08+00:00"
    Createuserid="SYSTEM" GroupName="HubData" Lockid="0"
    Modifyprogid="XMLMigrator" Modifyts="2020-02-19T13:26:08+00:00"
    Modifyuserid="SYSTEM" SystemDefinedCode="Y"/>
<BaseCommonCode BaseCommonCodeKey="CODE_TYPE_LIST48" CodeLength="100"
    CodeLongDescription="Initial_Context_Factory"
    CodeShortDescription="Initial_Context_Factory"
    CodeType="INITIAL_CTX_FACTORY" Createprogid="XMLMigrator"
    Createts="2020-02-19T13:26:08+00:00" Createuserid="SYSTEM"
    GroupName="HubData" Lockid="0" Modifyprogid="XMLMigrator"
    Modifyts="2020-02-19T13:26:08+00:00" Modifyuserid="SYSTEM" SystemDefinedCode="Y"/>
<BaseCommonCode BaseCommonCodeKey="CODE_TYPE_LIST49" CodeLength="0"
    CodeLongDescription="Menu_Identifier"
    CodeShortDescription="Menu_Identifier" CodeType="MENU_IDENTIFIER"
    Createprogid="XMLMigrator" Createts="2020-02-19T13:26:08+00:00"
    Createuserid="SYSTEM" GroupName="HubData" Lockid="0"
    Modifyprogid="XMLMigrator" Modifyts="2020-02-19T13:26:08+00:00"
    Modifyuserid="SYSTEM" SystemDefinedCode="Y"/>
<BaseCommonCode BaseCommonCodeKey="CODE_TYPE_LIST5" CodeLength="20"
    CodeLongDescription="Modification_Reason"
    CodeShortDescription="Modification_Reason"
    CodeType="MODIFICATION_REASON" Createprogid="XMLMigrator"
    Createts="2020-02-19T13:26:08+00:00" Createuserid="SYSTEM"
    GroupName="DocSpecific" Lockid="0" Modifyprogid="XMLMigrator"
    Modifyts="2020-02-19T13:26:08+00:00" Modifyuserid="SYSTEM" SystemDefinedCode="Y"/>
<BaseCommonCode BaseCommonCodeKey="CODE_TYPE_LIST50" CodeLength="0"
    CodeLongDescription="Comparison_Type"
    CodeShortDescription="Comparison_Type" CodeType="COMPARISON_TYPE"
    Createprogid="XMLMigrator" Createts="2020-02-19T13:26:08+00:00"
    Createuserid="SYSTEM" GroupName="HubData" Lockid="0"
    Modifyprogid="XMLMigrator" Modifyts="2020-02-19T13:26:08+00:00"
    Modifyuserid="SYSTEM" SystemDefinedCode="Y"/>
<BaseCommonCode BaseCommonCodeKey="CODE_TYPE_LIST51" CodeLength="40"
    CodeLongDescription="Time Format" CodeShortDescription="Time_Format"
    CodeType="TIME_FORMAT" Createprogid="XMLMigrator"
    Createts="2020-02-19T13:26:08+00:00" Createuserid="SYSTEM"
    GroupName="HubData" Lockid="0" Modifyprogid="XMLMigrator"
    Modifyts="2020-02-19T13:26:08+00:00" Modifyuserid="SYSTEM" SystemDefinedCode="Y"/>
<BaseCommonCode BaseCommonCodeKey="CODE_TYPE_LIST52" CodeLength="40"
    CodeLongDescription="Load Type" CodeShortDescription="Load_Type"
    CodeType="LOAD_TYPE" Createprogid="XMLMigrator"
    Createts="2020-02-19T13:26:08+00:00" Createuserid="SYSTEM"
    GroupName="DocSpecific" Lockid="0" Modifyprogid="XMLMigrator"
    Modifyts="2020-02-19T13:26:08+00:00" Modifyuserid="SYSTEM" SystemDefinedCode="Y"/>
<BaseCommonCode BaseCommonCodeKey="CODE_TYPE_LIST53" CodeLength="40"
    CodeLongDescription="Stop Type" CodeShortDescription="Stop_Type"
    CodeType="STOP_TYPE" Createprogid="XMLMigrator"
    Createts="2020-02-19T13:26:08+00:00" Createuserid="SYSTEM"
    GroupName="HubDocDefn" Lockid="0" Modifyprogid="XMLMigrator"
    Modifyts="2020-02-19T13:26:08+00:00" Modifyuserid="SYSTEM" SystemDefinedCode="Y"/>
<BaseCommonCode BaseCommonCodeKey="CODE_TYPE_LIST54" CodeLength="0"
    CodeLongDescription="Task_Status" CodeShortDescription="Task_Status"
    CodeType="TASK_STATUS" Createprogid="XMLMigrator"
    Createts="2020-02-19T13:26:08+00:00" Createuserid="SYSTEM"
    GroupName="BaseSetup" Lockid="0" Modifyprogid="XMLMigrator"
    Modifyts="2020-02-19T13:26:08+00:00" Modifyuserid="SYSTEM" SystemDefinedCode="Y"/>
<BaseCommonCode BaseCommonCodeKey="CODE_TYPE_LIST55" CodeLength="0"
    CodeLongDescription="Batch_Status"
    CodeShortDescription="Batch_Status" CodeType="BATCH_STATUS"
    Createprogid="XMLMigrator" Createts="2020-02-19T13:26:08+00:00"
    Createuserid="SYSTEM" GroupName="BaseSetup" Lockid="0"
    Modifyprogid="XMLMigrator" Modifyts="2020-02-19T13:26:08+00:00"
    Modifyuserid="SYSTEM" SystemDefinedCode="Y"/>
<BaseCommonCode BaseCommonCodeKey="CODE_TYPE_LIST56" CodeLength="20"
    CodeLongDescription="Payment_Type_Group"
    CodeShortDescription="Payment_Type_Group"
    CodeType="PAYMENT_TYPE_GROUP" Createprogid="XMLMigrator"
    Createts="2020-02-19T13:26:08+00:00" Createuserid="SYSTEM"
    GroupName="BaseSetup" Lockid="0" Modifyprogid="XMLMigrator"
    Modifyts="2020-02-19T13:26:08+00:00" Modifyuserid="SYSTEM" SystemDefinedCode="Y"/>
<BaseCommonCode BaseCommonCodeKey="CODE_TYPE_LIST57" CodeLength="20"
    CodeLongDescription="Exchange_Type"
    CodeShortDescription="Exchange_Type" CodeType="EXCHANGE_TYPE"
    Createprogid="XMLMigrator" Createts="2020-02-19T13:26:08+00:00"
    Createuserid="SYSTEM" GroupName="BaseSetup" Lockid="0"
    Modifyprogid="XMLMigrator" Modifyts="2020-02-19T13:26:08+00:00"
    Modifyuserid="SYSTEM" SystemDefinedCode="Y"/>
<BaseCommonCode BaseCommonCodeKey="CODE_TYPE_LIST6" CodeLength="20"
    CodeLongDescription="Modify_Carrier_Reason"
    CodeShortDescription="Modify_Carrier_Reason"
    CodeType="MODIFY_SCAC_REASON" Createprogid="XMLMigrator"
    Createts="2020-02-19T13:26:07+00:00" Createuserid="SYSTEM"
    GroupName="Logistics" Lockid="0" Modifyprogid="XMLMigrator"
    Modifyts="2020-02-19T13:26:07+00:00" Modifyuserid="SYSTEM" SystemDefinedCode="Y"/>
<BaseCommonCode BaseCommonCodeKey="CODE_TYPE_LIST65" CodeLength="40"
    CodeLongDescription="LPN_Type" CodeShortDescription="LPN_Type"
    CodeType="LPN_TYPE" Createprogid="XMLMigrator"
    Createts="2020-02-19T13:26:08+00:00" Createuserid="SYSTEM"
    GroupName="HubData" Lockid="0" Modifyprogid="XMLMigrator"
    Modifyts="2020-02-19T13:26:08+00:00" Modifyuserid="SYSTEM" SystemDefinedCode="Y"/>
<BaseCommonCode BaseCommonCodeKey="CODE_TYPE_LIST67" CodeLength="40"
    CodeLongDescription="Catalog_Purpose"
    CodeShortDescription="Catalog_Purpose" CodeType="CATALOG_PURPOSE"
    Createprogid="XMLMigrator" Createts="2020-02-19T13:26:08+00:00"
    Createuserid="SYSTEM" GroupName="HubData" Lockid="0"
    Modifyprogid="XMLMigrator" Modifyts="2020-02-19T13:26:08+00:00"
    Modifyuserid="SYSTEM" SystemDefinedCode="Y"/>
<BaseCommonCode BaseCommonCodeKey="CODE_TYPE_LIST69" CodeLength="10"
    CodeLongDescription="Segment_Type"
    CodeShortDescription="Segment_Type" CodeType="SEGMENT_TYPE"
    Createprogid="XMLMigrator" Createts="2020-02-19T13:26:08+00:00"
    Createuserid="SYSTEM" GroupName="HubData" Lockid="0"
    Modifyprogid="XMLMigrator" Modifyts="2020-02-19T13:26:08+00:00"
    Modifyuserid="SYSTEM" SystemDefinedCode="Y"/>
<BaseCommonCode BaseCommonCodeKey="CODE_TYPE_LIST70" CodeLength="40"
    CodeLongDescription="Customer_Classification_Code"
    CodeShortDescription="Customer_Classification_Code"
    CodeType="CUSTOMER_CLASS" Createprogid="XMLMigrator"
    Createts="2020-02-19T13:26:08+00:00" Createuserid="SYSTEM"
    GroupName="Customer" Lockid="0" Modifyprogid="XMLMigrator"
    Modifyts="2020-02-19T13:26:08+00:00" Modifyuserid="SYSTEM" SystemDefinedCode="Y"/>
<BaseCommonCode BaseCommonCodeKey="CODE_TYPE_LIST71" CodeLength="40"
    CodeLongDescription="Vendor_Classification_Code"
    CodeShortDescription="Vendor_Classification_Code"
    CodeType="VENDOR_CLASS" Createprogid="XMLMigrator"
    Createts="2020-02-19T13:26:08+00:00" Createuserid="SYSTEM"
    GroupName="Vendor" Lockid="0" Modifyprogid="XMLMigrator"
    Modifyts="2020-02-19T13:26:08+00:00" Modifyuserid="SYSTEM" SystemDefinedCode="Y"/>
<BaseCommonCode BaseCommonCodeKey="CODE_TYPE_LIST711" CodeLength="40"
    CodeLongDescription="Order_Sourcing_Classification"
    CodeShortDescription="Order_Sourcing_Classification"
    CodeType="ORDR_SRCNG_CLASSN" Createprogid="XMLMigrator"
    Createts="2020-02-19T13:26:08+00:00" Createuserid="SYSTEM"
    GroupName="Sourcing" Lockid="0" Modifyprogid="XMLMigrator"
    Modifyts="2020-02-19T13:26:08+00:00" Modifyuserid="SYSTEM" SystemDefinedCode="Y"/>
<BaseCommonCode BaseCommonCodeKey="CODE_TYPE_LIST72" CodeLength="10"
    CodeLongDescription="Item_Instruction_Type"
    CodeShortDescription="Item_Instruction_Type"
    CodeType="ITEM_INSTR_TYPE" Createprogid="XMLMigrator"
    Createts="2020-02-19T13:26:08+00:00" Createuserid="SYSTEM"
    GroupName="HubData" Lockid="0" Modifyprogid="XMLMigrator"
    Modifyts="2020-02-19T13:26:08+00:00" Modifyuserid="SYSTEM" SystemDefinedCode="Y"/>
<BaseCommonCode BaseCommonCodeKey="CODE_TYPE_LIST73" CodeLength="20"
    CodeLongDescription="Delivery_Method"
    CodeShortDescription="Delivery_Method" CodeType="DELIVERY_METHOD"
    Createprogid="XMLMigrator" Createts="2020-02-19T13:26:08+00:00"
    Createuserid="SYSTEM" GroupName="HubData" Lockid="0"
    Modifyprogid="XMLMigrator" Modifyts="2020-02-19T13:26:08+00:00"
    Modifyuserid="SYSTEM" SystemDefinedCode="Y"/>
<BaseCommonCode BaseCommonCodeKey="CODE_TYPE_LIST74" CodeLength="20"
    CodeLongDescription="Custom_Common_Code"
    CodeShortDescription="Custom_Common_Code"
    CodeType="CUSTOM_COMMON_CODE" Createprogid="XMLMigrator"
    Createts="2020-02-19T13:26:08+00:00" Createuserid="SYSTEM"
    GroupName="CustomCommonCode" Lockid="0" Modifyprogid="XMLMigrator"
    Modifyts="2020-02-19T13:26:08+00:00" Modifyuserid="SYSTEM" SystemDefinedCode="Y"/>
<BaseCommonCode BaseCommonCodeKey="CODE_TYPE_LIST75" CodeLength="20"
    CodeLongDescription="Allocation_Type"
    CodeShortDescription="Allocation_Type" CodeType="ALLOC_TYPE"
    Createprogid="XMLMigrator" Createts="2020-02-19T13:26:08+00:00"
    Createuserid="SYSTEM" GroupName="HubData" Lockid="0"
    Modifyprogid="XMLMigrator" Modifyts="2020-02-19T13:26:08+00:00"
    Modifyuserid="SYSTEM" SystemDefinedCode="Y"/>
<BaseCommonCode BaseCommonCodeKey="CODE_TYPE_LIST76" CodeLength="40"
    CodeLongDescription="Velocity_Code"
    CodeShortDescription="Velocity_Code" CodeType="VELOCITY_CODE"
    Createprogid="XMLMigrator" Createts="2020-02-19T13:26:08+00:00"
    Createuserid="SYSTEM" GroupName="VelocityCommonCode" Lockid="0"
    Modifyprogid="XMLMigrator" Modifyts="2020-02-19T13:26:08+00:00"
    Modifyuserid="SYSTEM" SystemDefinedCode="Y"/>
<BaseCommonCode BaseCommonCodeKey="CODE_TYPE_LIST77" CodeLength="40"
    CodeLongDescription="Barcode Type"
    CodeShortDescription="Barcode_Type" CodeType="BARCODE_TYPE"
    Createprogid="XMLMigrator" Createts="2020-02-19T13:26:08+00:00"
    Createuserid="SYSTEM" GroupName="HubData" Lockid="0"
    Modifyprogid="XMLMigrator" Modifyts="2020-02-19T13:26:08+00:00"
    Modifyuserid="SYSTEM" SystemDefinedCode="Y"/>
<BaseCommonCode BaseCommonCodeKey="CODE_TYPE_LIST78" CodeLength="40"
    CodeLongDescription="Barcode Validation Source"
    CodeShortDescription="Barcode_Validation_Source"
    CodeType="BARCODE_SOURCE" Createprogid="XMLMigrator"
    Createts="2020-02-19T13:26:08+00:00" Createuserid="SYSTEM"
    GroupName="HubData" Lockid="0" Modifyprogid="XMLMigrator"
    Modifyts="2020-02-19T13:26:08+00:00" Modifyuserid="SYSTEM" SystemDefinedCode="Y"/>
<BaseCommonCode BaseCommonCodeKey="CODE_TYPE_LIST79" CodeLength="40"
    CodeLongDescription="Container Group"
    CodeShortDescription="Container_Group" CodeType="CONTAINER_GROUP"
    Createprogid="XMLMigrator" Createts="2020-02-19T13:26:08+00:00"
    Createuserid="SYSTEM" GroupName="HubData" Lockid="0"
    Modifyprogid="XMLMigrator" Modifyts="2020-02-19T13:26:08+00:00"
    Modifyuserid="SYSTEM" SystemDefinedCode="Y"/>
<BaseCommonCode BaseCommonCodeKey="CODE_TYPE_LIST8" CodeLength="20"
    CodeLongDescription="Return_Reason"
    CodeShortDescription="Return_Reason" CodeType="RETURN_REASON"
    Createprogid="XMLMigrator" Createts="2020-02-19T13:26:07+00:00"
    Createuserid="SYSTEM" GroupName="DocSpecific" Lockid="0"
    Modifyprogid="XMLMigrator" Modifyts="2020-02-19T13:26:07+00:00"
    Modifyuserid="SYSTEM" SystemDefinedCode="Y"/>
<BaseCommonCode BaseCommonCodeKey="CODE_TYPE_LIST80" CodeLength="40"
    CodeLongDescription="Fulfillment_Type"
    CodeShortDescription="Fulfillment_Type" CodeType="FULFILLMENT_TYPE"
    Createprogid="XMLMigrator" Createts="2020-02-19T13:26:08+00:00"
    Createuserid="SYSTEM" GroupName="Sourcing" Lockid="0"
    Modifyprogid="XMLMigrator" Modifyts="2020-02-19T13:26:08+00:00"
    Modifyuserid="SYSTEM" SystemDefinedCode="Y"/>
<BaseCommonCode BaseCommonCodeKey="CODE_TYPE_LIST81" CodeLength="40"
    CodeLongDescription="Agent_Criteria_Group"
    CodeShortDescription="Agent_Criteria_Group"
    CodeType="AGENT_CRITERIA_GROUP" Createprogid="XMLMigrator"
    Createts="2020-02-19T13:26:08+00:00" Createuserid="SYSTEM"
    GroupName="HubData" Lockid="0" Modifyprogid="XMLMigrator"
    Modifyts="2020-02-19T13:26:08+00:00" Modifyuserid="SYSTEM" SystemDefinedCode="Y"/>
<BaseCommonCode BaseCommonCodeKey="CODE_TYPE_LIST82" CodeLength="0"
    CodeLongDescription="Manifest_Status"
    CodeShortDescription="Manifest_Status" CodeType="MANIFEST_STATUS"
    Createprogid="XMLMigrator" Createts="2020-02-19T13:26:08+00:00"
    Createuserid="SYSTEM" GroupName="BaseSetup" Lockid="0"
    Modifyprogid="XMLMigrator" Modifyts="2020-02-19T13:26:08+00:00"
    Modifyuserid="SYSTEM" SystemDefinedCode="Y"/>
<BaseCommonCode BaseCommonCodeKey="CODE_TYPE_LIST82_001" CodeLength="0"
    CodeLongDescription="Asset_Type" CodeShortDescription="Asset_Type"
    CodeType="ASSET_TYPE" Createprogid="XMLMigrator"
    Createts="2020-02-19T13:26:08+00:00" Createuserid="SYSTEM"
    GroupName="AssetData" Lockid="0" Modifyprogid="XMLMigrator"
    Modifyts="2020-02-19T13:26:08+00:00" Modifyuserid="SYSTEM" SystemDefinedCode="Y"/>
<BaseCommonCode BaseCommonCodeKey="CODE_TYPE_LIST82_002" CodeLength="0"
    CodeLongDescription="Content_Location"
    CodeShortDescription="Content_Location" CodeType="CONTENT_LOCATION"
    Createprogid="XMLMigrator" Createts="2020-02-19T13:26:08+00:00"
    Createuserid="SYSTEM" GroupName="AssetData" Lockid="0"
    Modifyprogid="XMLMigrator" Modifyts="2020-02-19T13:26:08+00:00"
    Modifyuserid="SYSTEM" SystemDefinedCode="Y"/>
<BaseCommonCode BaseCommonCodeKey="CODE_TYPE_LIST83" CodeLength="20"
    CodeLongDescription="Check_Digit_Logic"
    CodeShortDescription="Check_Digit_Logic"
    CodeType="CHECK_DIGIT_LOGIC" Createprogid="XMLMigrator"
    Createts="2020-02-19T13:26:08+00:00" Createuserid="SYSTEM"
    GroupName="HubData" Lockid="0" Modifyprogid="XMLMigrator"
    Modifyts="2020-02-19T13:26:08+00:00" Modifyuserid="SYSTEM" SystemDefinedCode="Y"/>
<BaseCommonCode BaseCommonCodeKey="CODE_TYPE_LIST84" CodeLength="10"
    CodeLongDescription="WO_Instruction_Type"
    CodeShortDescription="WO_Instruction_Type"
    CodeType="WO_INSTRUCTION_TYPE" Createprogid="XMLMigrator"
    Createts="2020-02-19T13:26:08+00:00" Createuserid="SYSTEM"
    GroupName="HubData" Lockid="0" Modifyprogid="XMLMigrator"
    Modifyts="2020-02-19T13:26:08+00:00" Modifyuserid="SYSTEM" SystemDefinedCode="Y"/>
<BaseCommonCode BaseCommonCodeKey="CODE_TYPE_LIST85" CodeLength="30"
    CodeLongDescription="WO_Alert_Type"
    CodeShortDescription="WO_Alert_Type" CodeType="WO_ALERT_TYPE"
    Createprogid="XMLMigrator" Createts="2020-02-19T13:26:08+00:00"
    Createuserid="SYSTEM" GroupName="HubData" Lockid="0"
    Modifyprogid="XMLMigrator" Modifyts="2020-02-19T13:26:08+00:00"
    Modifyuserid="SYSTEM" SystemDefinedCode="Y"/>
<BaseCommonCode BaseCommonCodeKey="CODE_TYPE_LIST86" CodeLength="5"
    CodeLongDescription="Service_Complexity_Level"
    CodeShortDescription="Service_Complexity_Level"
    CodeType="SERV_COMPLEXITY_LVL" Createprogid="XMLMigrator"
    Createts="2020-02-19T13:26:08+00:00" Createuserid="SYSTEM"
    GroupName="ItemMaster" Lockid="0" Modifyprogid="XMLMigrator"
    Modifyts="2020-02-19T13:26:08+00:00" Modifyuserid="SYSTEM" SystemDefinedCode="Y"/>
<BaseCommonCode BaseCommonCodeKey="CODE_TYPE_LIST87" CodeLength="0"
    CodeLongDescription="Hold_Type_Status"
    CodeShortDescription="Hold_Type_Status" CodeType="HOLD_TYPE_STATUS"
    Createprogid="XMLMigrator" Createts="2020-02-19T13:26:08+00:00"
    Createuserid="SYSTEM" GroupName="BaseSetup" Lockid="0"
    Modifyprogid="XMLMigrator" Modifyts="2020-02-19T13:26:08+00:00"
    Modifyuserid="SYSTEM" SystemDefinedCode="Y"/>
<BaseCommonCode BaseCommonCodeKey="CODE_TYPE_LIST88" CodeLength="40"
    CodeLongDescription="Notes_Reason"
    CodeShortDescription="Notes_Reason" CodeType="NOTES_REASON"
    Createprogid="XMLMigrator" Createts="2020-02-19T13:26:08+00:00"
    Createuserid="SYSTEM" GroupName="DocSpecific" Lockid="0"
    Modifyprogid="XMLMigrator" Modifyts="2020-02-19T13:26:08+00:00"
    Modifyuserid="SYSTEM" SystemDefinedCode="Y"/>
<BaseCommonCode BaseCommonCodeKey="CODE_TYPE_LIST89" CodeLength="20"
    CodeLongDescription="Contact_Type"
    CodeShortDescription="Contact_Type" CodeType="CONTACT_TYPE"
    Createprogid="XMLMigrator" Createts="2020-02-19T13:26:08+00:00"
    Createuserid="SYSTEM" GroupName="HubData" Lockid="0"
    Modifyprogid="XMLMigrator" Modifyts="2020-02-19T13:26:08+00:00"
    Modifyuserid="SYSTEM" SystemDefinedCode="Y"/>
<BaseCommonCode BaseCommonCodeKey="CODE_TYPE_LIST90" CodeLength="40"
    CodeLongDescription="COD_Pay_Method"
    CodeShortDescription="COD_Pay_Method" CodeType="COD_PAY_METHOD"
    Createprogid="XMLMigrator" Createts="2020-02-19T13:26:08+00:00"
    Createuserid="SYSTEM" GroupName="Logistics" Lockid="0"
    Modifyprogid="XMLMigrator" Modifyts="2020-02-19T13:26:08+00:00"
    Modifyuserid="SYSTEM" SystemDefinedCode="Y"/>
<BaseCommonCode BaseCommonCodeKey="CODE_TYPE_LIST91" CodeLength="0"
    CodeLongDescription="Background_Wave_Status"
    CodeShortDescription="Background_Wave_Status"
    CodeType="BG_WAVE_STATUS" Createprogid="XMLMigrator"
    Createts="2020-02-19T13:26:08+00:00" Createuserid="SYSTEM"
    GroupName="BaseSetup" Lockid="0" Modifyprogid="XMLMigrator"
    Modifyts="2020-02-19T13:26:08+00:00" Modifyuserid="SYSTEM" SystemDefinedCode="Y"/>
<BaseCommonCode BaseCommonCodeKey="CODE_TYPE_LIST92" CodeLength="10"
    CodeLongDescription="Buyer_Instruction_Type"
    CodeShortDescription="Buyer_Instruction_Type"
    CodeType="BUYER_INSTR_TYPE" Createprogid="XMLMigrator"
    Createts="2020-02-19T13:26:08+00:00" Createuserid="SYSTEM"
    GroupName="OrganizationModel" Lockid="0" Modifyprogid="XMLMigrator"
    Modifyts="2020-02-19T13:26:08+00:00" Modifyuserid="SYSTEM" SystemDefinedCode="Y"/>
<BaseCommonCode BaseCommonCodeKey="CODE_TYPE_LIST93" CodeLength="10"
    CodeLongDescription="Address_Delivery_Type"
    CodeShortDescription="Address_Delivery_Type"
    CodeType="ADDR_DELIVERY_TYPE" Createprogid="XMLMigrator"
    Createts="2020-02-19T13:26:08+00:00" Createuserid="SYSTEM"
    GroupName="Logistics" Lockid="0" Modifyprogid="XMLMigrator"
    Modifyts="2020-02-19T13:26:08+00:00" Modifyuserid="SYSTEM" SystemDefinedCode="Y"/>
<BaseCommonCode BaseCommonCodeKey="CODE_TYPE_LIST95" CodeLength="40"
    CodeLongDescription="Planning_Date_Type"
    CodeShortDescription="Planning_Date_Type"
    CodeType="PLANNING_DATE_TYPE" Createprogid="XMLMigrator"
    Createts="2020-02-19T13:26:08+00:00" Createuserid="SYSTEM"
    GroupName="HubData" Lockid="0" Modifyprogid="XMLMigrator"
    Modifyts="2020-02-19T13:26:08+00:00" Modifyuserid="SYSTEM" SystemDefinedCode="Y"/>
<BaseCommonCode BaseCommonCodeKey="CODE_TYPE_LIST96" CodeLength="40"
    CodeLongDescription="Order_Available_On_System"
    CodeShortDescription="Order_Available_On_System"
    CodeType="ORDER_ON_SYSTEM" Createprogid="XMLMigrator"
    Createts="2020-02-19T13:26:08+00:00" Createuserid="SYSTEM"
    GroupName="DocSpecific" Lockid="0" Modifyprogid="XMLMigrator"
    Modifyts="2020-02-19T13:26:08+00:00" Modifyuserid="SYSTEM" SystemDefinedCode="Y"/>
<BaseCommonCode BaseCommonCodeKey="CODE_TYPE_LIST99" CodeLength="20"
    CodeLongDescription="Payment_Type"
    CodeShortDescription="Payment_Type" CodeType="PAYMENT_TYPE"
    Createprogid="XMLMigrator" Createts="2020-02-19T13:26:08+00:00"
    Createuserid="SYSTEM" GroupName="HubData" Lockid="0"
    Modifyprogid="XMLMigrator" Modifyts="2020-02-19T13:26:08+00:00"
    Modifyuserid="SYSTEM" SystemDefinedCode="Y"/>
<BaseCommonCode BaseCommonCodeKey="COST_APPL_METHOD" CodeLength="100"
    CodeLongDescription="Application_Method"
    CodeShortDescription="Application_Method"
    CodeType="COST_APPL_METHOD" Createprogid="XMLMigrator"
    Createts="2020-02-19T13:26:08+00:00" Createuserid="SYSTEM"
    GroupName="HubData" Lockid="0" Modifyprogid="XMLMigrator"
    Modifyts="2020-02-19T13:26:08+00:00" Modifyuserid="SYSTEM" SystemDefinedCode="Y"/>
<BaseCommonCode BaseCommonCodeKey="COST_CALC_METHOD" CodeLength="100"
    CodeLongDescription="Calculation_Method"
    CodeShortDescription="Calculation_Method"
    CodeType="COST_CALC_METHOD" Createprogid="XMLMigrator"
    Createts="2020-02-19T13:26:08+00:00" Createuserid="SYSTEM"
    GroupName="HubData" Lockid="0" Modifyprogid="XMLMigrator"
    Modifyts="2020-02-19T13:26:08+00:00" Modifyuserid="SYSTEM" SystemDefinedCode="Y"/>
<BaseCommonCode BaseCommonCodeKey="COST_POSTING_CLASS" CodeLength="100"
    CodeLongDescription="Posting_Classification"
    CodeShortDescription="Posting_Classification"
    CodeType="COST_POSTING_CLASS" Createprogid="XMLMigrator"
    Createts="2020-02-19T13:26:08+00:00" Createuserid="SYSTEM"
    GroupName="ItemMaster" Lockid="0" Modifyprogid="XMLMigrator"
    Modifyts="2020-02-19T13:26:08+00:00" Modifyuserid="SYSTEM" SystemDefinedCode="Y"/>
<BaseCommonCode BaseCommonCodeKey="COUNT_ENTITY_NAME" CodeLength="40"
    CodeLongDescription="Count_Program_Type"
    CodeShortDescription="Count_Program_Type"
    CodeType="COUNT_ENTITY_NAME" Createprogid="XMLMigrator"
    Createts="2020-02-19T13:30:25+00:00" Createuserid="SYSTEM"
    GroupName="WMS_CommonCodes" Lockid="0" Modifyprogid="XMLMigrator"
    Modifyts="2020-02-19T13:30:25+00:00" Modifyuserid="SYSTEM" SystemDefinedCode="Y"/>
<BaseCommonCode BaseCommonCodeKey="COUNT_TASK_GRANULARITY1"
    CodeLength="40" CodeLongDescription="Count_Task_Granularity"
    CodeShortDescription="Count_Task_Granularity"
    CodeType="TASK_GRANULARITY" Createprogid="XMLMigrator"
    Createts="2020-02-19T13:30:25+00:00" Createuserid="SYSTEM"
    GroupName="WMS_CommonCodes" Lockid="0" Modifyprogid="XMLMigrator"
    Modifyts="2020-02-19T13:30:25+00:00" Modifyuserid="SYSTEM" SystemDefinedCode="Y"/>
<BaseCommonCode BaseCommonCodeKey="ENTRY_TYPE" CodeLength="24"
    CodeLongDescription="Entry Type for Order"
    CodeShortDescription="Entry Type" CodeType="ENTRY_TYPE"
    Createprogid="XMLMigrator" Createts="2020-02-19T13:27:27+00:00"
    Createuserid="SYSTEM" GroupName="DocSpecific" Lockid="0"
    Modifyprogid="XMLMigrator" Modifyts="2020-02-19T13:27:27+00:00"
    Modifyuserid="SYSTEM" SystemDefinedCode="Y"/>
<BaseCommonCode BaseCommonCodeKey="EXCEPTION_TYPE" CodeLength="40"
    CodeLongDescription="Exception_Type_For_Shipment_Alerts"
    CodeShortDescription="Exception_Type_For_Shipment_Alerts"
    CodeType="EXCEPTION_TYPE" Createprogid="XMLMigrator"
    Createts="2020-02-19T13:30:25+00:00" Createuserid="SYSTEM"
    GroupName="HubData" Lockid="0" Modifyprogid="XMLMigrator"
    Modifyts="2020-02-19T13:30:25+00:00" Modifyuserid="SYSTEM" SystemDefinedCode="Y"/>
<BaseCommonCode BaseCommonCodeKey="EXTN_ENTITY_CODE" CodeLength="40"
    CodeLongDescription="Extension Entity Supported"
    CodeShortDescription="Extension Entity" CodeType="EXTN_ENTITY"
    Createprogid="XMLMigrator" Createts="2020-02-19T13:26:08+00:00"
    Createuserid="SYSTEM" GroupName="HubData" Lockid="0"
    Modifyprogid="XMLMigrator" Modifyts="2020-02-19T13:26:08+00:00"
    Modifyuserid="SYSTEM" SystemDefinedCode="Y"/>
<BaseCommonCode BaseCommonCodeKey="EXT_SOURCING_REASON_CODE"
    CodeLength="40"
    CodeLongDescription="Externally_Defined_Sourcing_Reason_Code"
    CodeShortDescription="Externally_Defined_Sourcing_Reason_Code"
    CodeType="EXT_SRC_REASON_CODE" Createprogid="XMLMigrator"
    Createts="2020-02-19T13:26:08+00:00" Createuserid="SYSTEM"
    GroupName="Sourcing" Lockid="0" Modifyprogid="XMLMigrator"
    Modifyts="2020-02-19T13:26:08+00:00" Modifyuserid="SYSTEM" SystemDefinedCode="Y"/>
<BaseCommonCode BaseCommonCodeKey="INVOICE_TYPE" CodeLength="40"
    CodeLongDescription="Invoice Type"
    CodeShortDescription="Invoice Type" CodeType="INVOICE_TYPE"
    Createprogid="XMLMigrator" Createts="2020-02-19T13:27:27+00:00"
    Createuserid="SYSTEM" GroupName="HubData" Lockid="0"
    Modifyprogid="XMLMigrator" Modifyts="2020-02-19T13:27:27+00:00"
    Modifyuserid="SYSTEM" SystemDefinedCode="Y"/>
<BaseCommonCode BaseCommonCodeKey="LANE_TYPE" CodeLength="40"
    CodeLongDescription="Lane Type" CodeShortDescription="Lane Type"
    CodeType="LANE_TYPE" Createprogid="XMLMigrator"
    Createts="2020-02-19T13:27:27+00:00" Createuserid="SYSTEM"
    GroupName="HubData" Lockid="0" Modifyprogid="XMLMigrator"
    Modifyts="2020-02-19T13:27:27+00:00" Modifyuserid="SYSTEM" SystemDefinedCode="Y"/>
<BaseCommonCode BaseCommonCodeKey="LEAD_ORIGIN" CodeLength="40"
    CodeLongDescription="Lead_Origin" CodeShortDescription="Lead_Origin"
    CodeType="LEAD_ORIGIN" Createprogid="XMLMigrator"
    Createts="2020-02-19T13:26:08+00:00" Createuserid="SYSTEM"
    GroupName="DocSpecific" Lockid="0" Modifyprogid="XMLMigrator"
    Modifyts="2020-02-19T13:26:08+00:00" Modifyuserid="SYSTEM" SystemDefinedCode="Y"/>
<BaseCommonCode BaseCommonCodeKey="LEVEL_OF_SERVICE" CodeLength="40"
    CodeLongDescription="Level_Of_Service"
    CodeShortDescription="Level_Of_Service" CodeType="LEVEL_OF_SERVICE"
    Createprogid="XMLMigrator" Createts="2020-02-19T13:26:08+00:00"
    Createuserid="SYSTEM" GroupName="HubData" Lockid="0"
    Modifyprogid="XMLMigrator" Modifyts="2020-02-19T13:26:08+00:00"
    Modifyuserid="SYSTEM" SystemDefinedCode="Y"/>
<BaseCommonCode BaseCommonCodeKey="LOCN_MONITOR_EVENT" CodeLength="40"
    CodeLongDescription="Location_Monitor_Event"
    CodeShortDescription="Location_Monitor_Event"
    CodeType="LOCN_MONITOR_EVENT" Createprogid="XMLMigrator"
    Createts="2020-02-19T13:26:08+00:00" Createuserid="SYSTEM"
    GroupName="HubData" Lockid="0" Modifyprogid="XMLMigrator"
    Modifyts="2020-02-19T13:26:08+00:00" Modifyuserid="SYSTEM" SystemDefinedCode="Y"/>
<BaseCommonCode BaseCommonCodeKey="LOST_REASON_CODE" CodeLength="40"
    CodeLongDescription="Lost_Reason" CodeShortDescription="Lost_Reason"
    CodeType="LOST_REASON_CODE" Createprogid="XMLMigrator"
    Createts="2020-02-19T13:26:08+00:00" Createuserid="SYSTEM"
    GroupName="DocSpecific" Lockid="0" Modifyprogid="XMLMigrator"
    Modifyts="2020-02-19T13:26:08+00:00" Modifyuserid="SYSTEM" SystemDefinedCode="Y"/>
<BaseCommonCode BaseCommonCodeKey="OPERATION_LEVEL" CodeLength="20"
    CodeLongDescription="Transaction Operation Level"
    CodeShortDescription="Transaction Operation Level"
    CodeType="OPERATION_LEVEL" Createprogid="XMLMigrator"
    Createts="2020-02-19T13:26:08+00:00" Createuserid="SYSTEM"
    GroupName="HubData" Lockid="0" Modifyprogid="XMLMigrator"
    Modifyts="2020-02-19T13:26:08+00:00" Modifyuserid="SYSTEM" SystemDefinedCode="Y"/>
<BaseCommonCode BaseCommonCodeKey="ORD_PROMO_CATGRY" CodeLength="20"
    CodeLongDescription="Order_Promotion_Category"
    CodeShortDescription="Order_Promotion_Category"
    CodeType="ORDER_PROMO_CATGRY" Createprogid="XMLMigrator"
    Createts="2020-02-19T13:28:23+00:00" Createuserid="SYSTEM"
    GroupName="HubData" Lockid="0" Modifyprogid="XMLMigrator"
    Modifyts="2020-02-19T13:28:23+00:00" Modifyuserid="SYSTEM" SystemDefinedCode="Y"/>
<BaseCommonCode BaseCommonCodeKey="PAYMENT_TEMPLATE_TYPE"
    CodeLength="100" CodeLongDescription="Payment Template Type for UI"
    CodeShortDescription="Payment Template Type"
    CodeType="PAYMNT_TEMPLATE_TYPE" Createprogid="XMLMigrator"
    Createts="2020-02-19T13:27:27+00:00" Createuserid="SYSTEM"
    GroupName="PriceAndPayment" Lockid="0" Modifyprogid="XMLMigrator"
    Modifyts="2020-02-19T13:27:27+00:00" Modifyuserid="SYSTEM" SystemDefinedCode="Y"/>
<BaseCommonCode BaseCommonCodeKey="PCPLAN_STATUS" CodeLength="10"
    CodeLongDescription="Physical_Count_Plan_Status"
    CodeShortDescription="Physical_count_Plan_Status"
    CodeType="PCPLAN_STATUS" Createprogid="XMLMigrator"
    Createts="2020-02-19T13:30:25+00:00" Createuserid="SYSTEM"
    GroupName="WMS_PC_CommonCodes" Lockid="0" Modifyprogid="XMLMigrator"
    Modifyts="2020-02-19T13:30:25+00:00" Modifyuserid="SYSTEM" SystemDefinedCode="Y"/>
<BaseCommonCode BaseCommonCodeKey="PCPLAN_UOM_TYPE" CodeLength="40"
    CodeLongDescription="Physical_Count_Plan_UOM"
    CodeShortDescription="Physical_count_Plan_UOM"
    CodeType="PCPLAN_UOM_TYPE" Createprogid="XMLMigrator"
    Createts="2020-02-19T13:30:25+00:00" Createuserid="SYSTEM"
    GroupName="WMS_PC_CommonCodes" Lockid="0" Modifyprogid="XMLMigrator"
    Modifyts="2020-02-19T13:30:25+00:00" Modifyuserid="SYSTEM" SystemDefinedCode="Y"/>
<BaseCommonCode BaseCommonCodeKey="PRC_ASSGN_PR" CodeLength="20"
    CodeLongDescription="Pricing_Assignment_Priority"
    CodeShortDescription="Pricing_Assignment_Priority"
    CodeType="PRC_ASSGN_PR" Createprogid="XMLMigrator"
    Createts="2020-02-19T13:28:23+00:00" Createuserid="SYSTEM"
    GroupName="HubData" Lockid="0" Modifyprogid="XMLMigrator"
    Modifyts="2020-02-19T13:28:23+00:00" Modifyuserid="SYSTEM" SystemDefinedCode="Y"/>
<BaseCommonCode BaseCommonCodeKey="PRC_EXCLUS_ID" CodeLength="20"
    CodeLongDescription="Pricing_Exclusivity_Id"
    CodeShortDescription="Pricing_Exclusivity_Id"
    CodeType="PRC_EXCLUS_ID" Createprogid="XMLMigrator"
    Createts="2020-02-19T13:28:23+00:00" Createuserid="SYSTEM"
    GroupName="PrcngEntrprseInherit" Lockid="0"
    Modifyprogid="XMLMigrator" Modifyts="2020-02-19T13:28:23+00:00"
    Modifyuserid="SYSTEM" SystemDefinedCode="Y"/>
<BaseCommonCode BaseCommonCodeKey="PRC_EXCLUS_TYPE" CodeLength="20"
    CodeLongDescription="Pricing_Exclusivity_Type"
    CodeShortDescription="Pricing_Exclusivity_Type"
    CodeType="PRC_EXCLUS_TYPE" Createprogid="XMLMigrator"
    Createts="2020-02-19T13:28:23+00:00" Createuserid="SYSTEM"
    GroupName="HubData" Lockid="0" Modifyprogid="XMLMigrator"
    Modifyts="2020-02-19T13:28:23+00:00" Modifyuserid="SYSTEM" SystemDefinedCode="Y"/>
<BaseCommonCode BaseCommonCodeKey="PRC_RECUR_TYPE" CodeLength="20"
    CodeLongDescription="Recurring_Type"
    CodeShortDescription="Recurring_Type" CodeType="RECURRING_TYPE"
    Createprogid="XMLMigrator" Createts="2020-02-19T13:28:23+00:00"
    Createuserid="SYSTEM" GroupName="PricingInherit" Lockid="0"
    Modifyprogid="XMLMigrator" Modifyts="2020-02-19T13:28:23+00:00"
    Modifyuserid="SYSTEM" SystemDefinedCode="Y"/>
<BaseCommonCode BaseCommonCodeKey="PRE_CALL_STATUS" CodeLength="40"
    CodeLongDescription="Work Order Pre Call Status"
    CodeShortDescription="Work_Order_Status" CodeType="PRE_CALL_STATUS"
    Createprogid="XMLMigrator" Createts="2020-02-19T13:28:10+00:00"
    Createuserid="SYSTEM" GroupName="HubData" Lockid="0"
    Modifyprogid="XMLMigrator" Modifyts="2020-02-19T13:28:10+00:00"
    Modifyuserid="SYSTEM" SystemDefinedCode="Y"/>
<BaseCommonCode BaseCommonCodeKey="PRIORITY" CodeLength="40"
    CodeLongDescription="PRIORITY" CodeShortDescription="Priority"
    CodeType="PRIORITY" Createprogid="XMLMigrator"
    Createts="2020-02-19T13:28:10+00:00" Createuserid="SYSTEM"
    GroupName="HubData" Lockid="0" Modifyprogid="XMLMigrator"
    Modifyts="2020-02-19T13:28:10+00:00" Modifyuserid="SYSTEM" SystemDefinedCode="Y"/>
<BaseCommonCode BaseCommonCodeKey="PWD_POL_STATUS_KEY" CodeLength="10"
    CodeLongDescription="Password Policy Status"
    CodeShortDescription="Password Policy Status"
    CodeType="PWD_POL_STATUS" Createprogid="XMLMigrator"
    Createts="2020-02-19T13:26:08+00:00" Createuserid="SYSTEM"
    GroupName="HubData" Lockid="0" Modifyprogid="XMLMigrator"
    Modifyts="2020-02-19T13:26:08+00:00" Modifyuserid="SYSTEM" SystemDefinedCode="Y"/>
<BaseCommonCode BaseCommonCodeKey="PWD_RULE_TYPE_KEY" CodeLength="20"
    CodeLongDescription="Password Policy Rule Type"
    CodeShortDescription="Password Policy Rule Type"
    CodeType="PWD_RULE_TYPE" Createprogid="XMLMigrator"
    Createts="2020-02-19T13:26:08+00:00" Createuserid="SYSTEM"
    GroupName="HubData" Lockid="0" Modifyprogid="XMLMigrator"
    Modifyts="2020-02-19T13:26:08+00:00" Modifyuserid="SYSTEM" SystemDefinedCode="Y"/>
<BaseCommonCode BaseCommonCodeKey="Pricing_Status" CodeLength="20"
    CodeLongDescription="Pricing_Status"
    CodeShortDescription="Pricing_Status" CodeType="PRICING_STATUS"
    Createprogid="XMLMigrator" Createts="2020-02-19T13:28:23+00:00"
    Createuserid="SYSTEM" GroupName="HubData" Lockid="0"
    Modifyprogid="XMLMigrator" Modifyts="2020-02-19T13:28:23+00:00"
    Modifyuserid="SYSTEM" SystemDefinedCode="Y"/>
<BaseCommonCode BaseCommonCodeKey="REQUEST_TYPE" CodeLength="40"
    CodeLongDescription="Request_Type"
    CodeShortDescription="Request_Type" CodeType="REQUEST_TYPE"
    Createprogid="XMLMigrator" Createts="2020-02-19T13:30:25+00:00"
    Createuserid="SYSTEM" GroupName="HubData" Lockid="0"
    Modifyprogid="XMLMigrator" Modifyts="2020-02-19T13:30:25+00:00"
    Modifyuserid="SYSTEM" SystemDefinedCode="Y"/>
<BaseCommonCode BaseCommonCodeKey="RULE_APPLCN_TYPE" CodeLength="20"
    CodeLongDescription="Rule_Application_Type"
    CodeShortDescription="Rule_Application_Type"
    CodeType="RULE_APPLCN_TYPE" Createprogid="XMLMigrator"
    Createts="2020-02-19T13:28:23+00:00" Createuserid="SYSTEM"
    GroupName="HubData" Lockid="0" Modifyprogid="XMLMigrator"
    Modifyts="2020-02-19T13:28:23+00:00" Modifyuserid="SYSTEM" SystemDefinedCode="Y"/>
<BaseCommonCode BaseCommonCodeKey="RULE_CATEGORY" CodeLength="20"
    CodeLongDescription="Rule_Category"
    CodeShortDescription="Rule_Category" CodeType="RULE_CATEGORY"
    Createprogid="XMLMigrator" Createts="2020-02-19T13:28:23+00:00"
    Createuserid="SYSTEM" GroupName="HubData" Lockid="0"
    Modifyprogid="XMLMigrator" Modifyts="2020-02-19T13:28:23+00:00"
    Modifyuserid="SYSTEM" SystemDefinedCode="Y"/>
<BaseCommonCode BaseCommonCodeKey="RULE_OPERATOR_TYPE" CodeLength="20"
    CodeLongDescription="Rule_Operator_Type"
    CodeShortDescription="Rule_Operator_Type"
    CodeType="RULE_OPERATOR_TYPE" Createprogid="XMLMigrator"
    Createts="2020-02-19T13:28:23+00:00" Createuserid="SYSTEM"
    GroupName="HubData" Lockid="0" Modifyprogid="XMLMigrator"
    Modifyts="2020-02-19T13:28:23+00:00" Modifyuserid="SYSTEM" SystemDefinedCode="Y"/>
<BaseCommonCode BaseCommonCodeKey="Rule_Type" CodeLength="20"
    CodeLongDescription="Rule_Type" CodeShortDescription="Rule_Type"
    CodeType="RULE_TYPE" Createprogid="XMLMigrator"
    Createts="2020-02-19T13:28:23+00:00" Createuserid="SYSTEM"
    GroupName="HubData" Lockid="0" Modifyprogid="XMLMigrator"
    Modifyts="2020-02-19T13:28:23+00:00" Modifyuserid="SYSTEM" SystemDefinedCode="Y"/>
<BaseCommonCode BaseCommonCodeKey="SAA_CMPTR_BY_CRIT" CodeLength="40"
    CodeLongDescription="Order By Criteria"
    CodeShortDescription="Order By Criteria For Competitor"
    CodeType="SAA_CMPTR_BY_CRIT" Createprogid="XMLMigrator"
    Createts="2020-02-19T13:31:25+00:00" Createuserid="SYSTEM"
    GroupName="HubData" Lockid="0" Modifyprogid="XMLMigrator"
    Modifyts="2020-02-19T13:31:25+00:00" Modifyuserid="SYSTEM" SystemDefinedCode="Y"/>
<BaseCommonCode BaseCommonCodeKey="SAA_CUST_SAT" CodeLength="40"
    CodeLongDescription="Customer Satisfaction Level"
    CodeShortDescription="Customer Satisfaction Level"
    CodeType="SAA_CUST_SAT" Createprogid="XMLMigrator"
    Createts="2020-02-19T13:31:25+00:00" Createuserid="SYSTEM"
    GroupName="YCDEnterpriseConfig" Lockid="0"
    Modifyprogid="XMLMigrator" Modifyts="2020-02-19T13:31:25+00:00"
    Modifyuserid="SYSTEM" SystemDefinedCode="Y"/>
<BaseCommonCode BaseCommonCodeKey="SAA_FILE_TYPE_DESC" CodeLength="40"
    CodeLongDescription="File attachment file type description."
    CodeShortDescription="File Type Description"
    CodeType="SAA_FILE_TYPE_DESC" Createprogid="XMLMigrator"
    Createts="2020-02-19T13:31:25+00:00" Createuserid="SYSTEM"
    GroupName="HubData" Lockid="0" Modifyprogid="XMLMigrator"
    Modifyts="2020-02-19T13:31:25+00:00" Modifyuserid="SYSTEM" SystemDefinedCode="Y"/>
<BaseCommonCode BaseCommonCodeKey="SAA_HOMEPAGE_PERSONA" CodeLength="40"
    CodeLongDescription="Common code for store personas"
    CodeShortDescription="Common code for store personas"
    CodeType="WSC_HOMEPAGE_PERSONA" Createprogid="XMLMigrator"
    Createts="2020-02-19T13:31:25+00:00" Createuserid="SYSTEM"
    GroupName="HubData" Lockid="0" Modifyprogid="XMLMigrator"
    Modifyts="2020-02-19T13:31:25+00:00" Modifyuserid="SYSTEM" SystemDefinedCode="Y"/>
<BaseCommonCode BaseCommonCodeKey="SAA_INBOX_BY_CRIT" CodeLength="40"
    CodeLongDescription="Order By Criteria"
    CodeShortDescription="Order By Criteria For Inbox"
    CodeType="SAA_INBOX_BY_CRIT" Createprogid="XMLMigrator"
    Createts="2020-02-19T13:31:25+00:00" Createuserid="SYSTEM"
    GroupName="HubData" Lockid="0" Modifyprogid="XMLMigrator"
    Modifyts="2020-02-19T13:31:25+00:00" Modifyuserid="SYSTEM" SystemDefinedCode="Y"/>
<BaseCommonCode BaseCommonCodeKey="SAA_ORDER_BY_CRIT" CodeLength="40"
    CodeLongDescription="Order By Criteria"
    CodeShortDescription="Order By Criteria"
    CodeType="SAA_ORDER_BY_CRIT" Createprogid="XMLMigrator"
    Createts="2020-02-19T13:31:25+00:00" Createuserid="SYSTEM"
    GroupName="HubData" Lockid="0" Modifyprogid="XMLMigrator"
    Modifyts="2020-02-19T13:31:25+00:00" Modifyuserid="SYSTEM" SystemDefinedCode="Y"/>
<BaseCommonCode BaseCommonCodeKey="SAA_PRCMTCH_BY_CRIT" CodeLength="40"
    CodeLongDescription="Order By Criteria"
    CodeShortDescription="Order By Criteria For Price Match"
    CodeType="SAA_PRCMTCH_BY_CRIT" Createprogid="XMLMigrator"
    Createts="2020-02-19T13:31:25+00:00" Createuserid="SYSTEM"
    GroupName="HubData" Lockid="0" Modifyprogid="XMLMigrator"
    Modifyts="2020-02-19T13:31:25+00:00" Modifyuserid="SYSTEM" SystemDefinedCode="Y"/>
<BaseCommonCode BaseCommonCodeKey="SAA_PROD_BY_CRIT" CodeLength="40"
    CodeLongDescription="Order By Criteria"
    CodeShortDescription="Order By Criteria For Products"
    CodeType="SAA_PROD_BY_CRIT" Createprogid="XMLMigrator"
    Createts="2020-02-19T13:31:25+00:00" Createuserid="SYSTEM"
    GroupName="HubData" Lockid="0" Modifyprogid="XMLMigrator"
    Modifyts="2020-02-19T13:31:25+00:00" Modifyuserid="SYSTEM" SystemDefinedCode="Y"/>
<BaseCommonCode BaseCommonCodeKey="SAA_QUOTE_PRNT_FRMT" CodeLength="40"
    CodeLongDescription="Quote Proposal Output Format"
    CodeShortDescription="Print_Format_Type"
    CodeType="SAA_QUOTE_PRNT_FRMT" Createprogid="XMLMigrator"
    Createts="2020-02-19T13:31:25+00:00" Createuserid="SYSTEM"
    GroupName="YCDEnterpriseConfig" Lockid="0"
    Modifyprogid="XMLMigrator" Modifyts="2020-02-19T13:31:25+00:00"
    Modifyuserid="SYSTEM" SystemDefinedCode="Y"/>
<BaseCommonCode BaseCommonCodeKey="SAA_QUOTE_PRNT_TMPLT" CodeLength="40"
    CodeLongDescription="Quote Proposal Templates"
    CodeShortDescription="Proposal_Template"
    CodeType="SAA_QUOTE_PRNT_TMPLT" Createprogid="XMLMigrator"
    Createts="2020-02-19T13:31:25+00:00" Createuserid="SYSTEM"
    GroupName="DocSpecific" Lockid="0" Modifyprogid="XMLMigrator"
    Modifyts="2020-02-19T13:31:25+00:00" Modifyuserid="SYSTEM" SystemDefinedCode="Y"/>
<BaseCommonCode BaseCommonCodeKey="SAA_RETURN_BY_CRIT" CodeLength="40"
    CodeLongDescription="Order By Criteria"
    CodeShortDescription="Order By Criteria For Return"
    CodeType="SAA_RETURN_BY_CRIT" Createprogid="XMLMigrator"
    Createts="2020-02-19T13:31:25+00:00" Createuserid="SYSTEM"
    GroupName="HubData" Lockid="0" Modifyprogid="XMLMigrator"
    Modifyts="2020-02-19T13:31:25+00:00" Modifyuserid="SYSTEM" SystemDefinedCode="Y"/>
<BaseCommonCode BaseCommonCodeKey="SAA_SHIPMENT_94" CodeLength="40"
    CodeLongDescription="Order By Criteria"
    CodeShortDescription="Order By Criteria For Shipment Search 94"
    CodeType="SAA_SHIPMENT_94" Createprogid="XMLMigrator"
    Createts="2020-02-19T13:31:25+00:00" Createuserid="SYSTEM"
    GroupName="HubData" Lockid="0" Modifyprogid="XMLMigrator"
    Modifyts="2020-02-19T13:31:25+00:00" Modifyuserid="SYSTEM" SystemDefinedCode="Y"/>
<BaseCommonCode BaseCommonCodeKey="SAA_SHIPMENT_STORE" CodeLength="40"
    CodeLongDescription="Order By Criteria"
    CodeShortDescription="Order By Criteria For Shipment Search"
    CodeType="SAA_SHIPMENT_STORE" Createprogid="XMLMigrator"
    Createts="2020-02-19T13:31:25+00:00" Createuserid="SYSTEM"
    GroupName="HubData" Lockid="0" Modifyprogid="XMLMigrator"
    Modifyts="2020-02-19T13:31:25+00:00" Modifyuserid="SYSTEM" SystemDefinedCode="Y"/>
<BaseCommonCode BaseCommonCodeKey="SAA_SHIPMENT_WEB" CodeLength="40"
    CodeLongDescription="Order By Criteria"
    CodeShortDescription="Order By Criteria For Shipment Search"
    CodeType="SAA_SHIPMENT_WEB" Createprogid="XMLMigrator"
    Createts="2020-02-19T13:31:25+00:00" Createuserid="SYSTEM"
    GroupName="HubData" Lockid="0" Modifyprogid="XMLMigrator"
    Modifyts="2020-02-19T13:31:25+00:00" Modifyuserid="SYSTEM" SystemDefinedCode="Y"/>
<BaseCommonCode BaseCommonCodeKey="SAA_SHPMNT_BY_CRIT" CodeLength="40"
    CodeLongDescription="Order By Criteria"
    CodeShortDescription="Order By Criteria For Shipment"
    CodeType="SAA_SHPMNT_BY_CRIT" Createprogid="XMLMigrator"
    Createts="2020-02-19T13:31:25+00:00" Createuserid="SYSTEM"
    GroupName="HubData" Lockid="0" Modifyprogid="XMLMigrator"
    Modifyts="2020-02-19T13:31:25+00:00" Modifyuserid="SYSTEM" SystemDefinedCode="Y"/>
<BaseCommonCode BaseCommonCodeKey="SAA_SHPSTR_BY_CRIT" CodeLength="40"
    CodeLongDescription="Order By Criteria"
    CodeShortDescription="Order By Criteria For Ship From Store"
    CodeType="SAA_SHPSTR_BY_CRIT" Createprogid="XMLMigrator"
    Createts="2020-02-19T13:31:25+00:00" Createuserid="SYSTEM"
    GroupName="HubData" Lockid="0" Modifyprogid="XMLMigrator"
    Modifyts="2020-02-19T13:31:25+00:00" Modifyuserid="SYSTEM" SystemDefinedCode="Y"/>
<BaseCommonCode BaseCommonCodeKey="SAA_USER_BY_CRIT" CodeLength="40"
    CodeLongDescription="Order By Criteria"
    CodeShortDescription="Order By Criteria For User"
    CodeType="SAA_USER_BY_CRIT" Createprogid="XMLMigrator"
    Createts="2020-02-19T13:31:25+00:00" Createuserid="SYSTEM"
    GroupName="HubData" Lockid="0" Modifyprogid="XMLMigrator"
    Modifyts="2020-02-19T13:31:25+00:00" Modifyuserid="SYSTEM" SystemDefinedCode="Y"/>
<BaseCommonCode BaseCommonCodeKey="SAA_WIZARD_ID" CodeLength="40"
    CodeLongDescription="Wizard Identifier"
    CodeShortDescription="Wizard Identifier" CodeType="SAA_WIZARD_ID"
    Createprogid="XMLMigrator" Createts="2020-02-19T13:31:25+00:00"
    Createuserid="SYSTEM" GroupName="HubData" Lockid="0"
    Modifyprogid="XMLMigrator" Modifyts="2020-02-19T13:31:25+00:00"
    Modifyuserid="SYSTEM" SystemDefinedCode="Y"/>
<BaseCommonCode BaseCommonCodeKey="SERVICE_ITEM_GROUP" CodeLength="40"
    CodeLongDescription="Service Item Group"
    CodeShortDescription="Service_Item_Group"
    CodeType="SERVICE_ITEM_GROUP" Createprogid="XMLMigrator"
    Createts="2020-02-19T13:28:10+00:00" Createuserid="SYSTEM"
    GroupName="HubData" Lockid="0" Modifyprogid="XMLMigrator"
    Modifyts="2020-02-19T13:28:10+00:00" Modifyuserid="SYSTEM" SystemDefinedCode="Y"/>
<BaseCommonCode BaseCommonCodeKey="STORE_TYPE" CodeLength="40"
    CodeLongDescription="Store Type" CodeShortDescription="Store Type"
    CodeType="STORE_TYPE" Createprogid="XMLMigrator"
    Createts="2020-02-19T13:27:27+00:00" Createuserid="SYSTEM"
    GroupName="HubData" Lockid="0" Modifyprogid="XMLMigrator"
    Modifyts="2020-02-19T13:27:27+00:00" Modifyuserid="SYSTEM" SystemDefinedCode="Y"/>
<BaseCommonCode BaseCommonCodeKey="SUPPORT_LEVEL_KEY" CodeLength="20"
    CodeLongDescription="Support Level"
    CodeShortDescription="Support Level" CodeType="SUPPORT_LEVEL"
    Createprogid="XMLMigrator" Createts="2020-02-19T13:26:08+00:00"
    Createuserid="SYSTEM" GroupName="HubData" Lockid="0"
    Modifyprogid="XMLMigrator" Modifyts="2020-02-19T13:26:08+00:00"
    Modifyuserid="SYSTEM" SystemDefinedCode="Y"/>
<BaseCommonCode BaseCommonCodeKey="SYNC_TABLEGROUP" CodeLength="20"
    CodeLongDescription="CommonCode for defining Tablegroups to define in Sync Profiles"
    CodeShortDescription="DataSync Tablegroups"
    CodeType="SYNC_TABLEGROUP" Createprogid="XMLMigrator"
    Createts="2020-02-19T13:26:08+00:00" Createuserid="SYSTEM"
    GroupName="BaseSetup" Lockid="0" Modifyprogid="XMLMigrator"
    Modifyts="2020-02-19T13:26:08+00:00" Modifyuserid="SYSTEM" SystemDefinedCode="Y"/>
<BaseCommonCode BaseCommonCodeKey="SYNC_TYPE" CodeLength="20"
    CodeLongDescription="SyncType for SyncDBImport and SyncDBExport"
    CodeShortDescription="SyncType is FULL or DELTA" CodeType="SYNCTYPE"
    Createprogid="XMLMigrator" Createts="2020-02-19T13:26:08+00:00"
    Createuserid="SYSTEM" GroupName="BaseSetup" Lockid="0"
    Modifyprogid="XMLMigrator" Modifyts="2020-02-19T13:26:08+00:00"
    Modifyuserid="SYSTEM" SystemDefinedCode="Y"/>
<BaseCommonCode BaseCommonCodeKey="VALIDATION_DOMAIN" CodeLength="40"
    CodeLongDescription="Validation Domain"
    CodeShortDescription="Validation Domain"
    CodeType="VALIDATION_DOMAIN" Createprogid="XMLMigrator"
    Createts="2020-02-19T13:26:08+00:00" Createuserid="SYSTEM"
    GroupName="HubData" Lockid="0" Modifyprogid="XMLMigrator"
    Modifyts="2020-02-19T13:26:08+00:00" Modifyuserid="SYSTEM" SystemDefinedCode="Y"/>
<BaseCommonCode BaseCommonCodeKey="WAVE_CANCEL_REASON01" CodeLength="40"
    CodeLongDescription="Wave_Cancel_Reason"
    CodeShortDescription="Wave_Cancel_Reason"
    CodeType="WAVE_CANCEL_REASON" Createprogid="XMLMigrator"
    Createts="2020-02-19T13:30:25+00:00" Createuserid="SYSTEM"
    GroupName="WMS_Picking" Lockid="0" Modifyprogid="XMLMigrator"
    Modifyts="2020-02-19T13:30:25+00:00" Modifyuserid="SYSTEM" SystemDefinedCode="Y"/>
<BaseCommonCode BaseCommonCodeKey="WEB_STORE_THEME_KEY" CodeLength="40"
    CodeLongDescription="Web Store Theme"
    CodeShortDescription="Web Store Theme" CodeType="WEB_STORE_THEME"
    Createprogid="XMLMigrator" Createts="2020-02-19T13:31:25+00:00"
    Createuserid="SYSTEM" GroupName="YCDEnterpriseConfig" Lockid="0"
    Modifyprogid="XMLMigrator" Modifyts="2020-02-19T13:31:25+00:00"
    Modifyuserid="SYSTEM" SystemDefinedCode="Y"/>
<BaseCommonCode BaseCommonCodeKey="WMS_CODE_TYPE_LIST1" CodeLength="40"
    CodeLongDescription="Count_Cancellation_Reason_Code"
    CodeShortDescription="Count_Cancellation_Reason_Code"
    CodeType="COUNT_REQ_CANCEL_RSN" Createprogid="XMLMigrator"
    Createts="2020-02-19T13:30:24+00:00" Createuserid="SYSTEM"
    GroupName="NodeSetup" Lockid="0" Modifyprogid="XMLMigrator"
    Modifyts="2020-02-19T13:30:24+00:00" Modifyuserid="SYSTEM" SystemDefinedCode="Y"/>
<BaseCommonCode BaseCommonCodeKey="WMS_CODE_TYPE_LIST10" CodeLength="40"
    CodeLongDescription="Move_Request_Status"
    CodeShortDescription="Move_Request_Status"
    CodeType="MOVE_REQUEST_STATUS" Createprogid="XMLMigrator"
    Createts="2020-02-19T13:30:25+00:00" Createuserid="SYSTEM"
    GroupName="WMS_CommonCodes" Lockid="0" Modifyprogid="XMLMigrator"
    Modifyts="2020-02-19T13:30:25+00:00" Modifyuserid="SYSTEM" SystemDefinedCode="Y"/>
<BaseCommonCode BaseCommonCodeKey="WMS_CODE_TYPE_LIST11" CodeLength="40"
    CodeLongDescription="Task Status Change Reason"
    CodeShortDescription="Task_Status_Change_Reason"
    CodeType="TASK_STS_CHANGE_RSN" Createprogid="XMLMigrator"
    Createts="2020-02-19T13:30:25+00:00" Createuserid="SYSTEM"
    GroupName="NodeSetup" Lockid="0" Modifyprogid="XMLMigrator"
    Modifyts="2020-02-19T13:30:25+00:00" Modifyuserid="SYSTEM" SystemDefinedCode="Y"/>
<BaseCommonCode BaseCommonCodeKey="WMS_CODE_TYPE_LIST12" CodeLength="40"
    CodeLongDescription="Task_Hold_Reason"
    CodeShortDescription="Task_Hold_Reason" CodeType="TASK_HOLD_REASON"
    Createprogid="XMLMigrator" Createts="2020-02-19T13:30:25+00:00"
    Createuserid="SYSTEM" GroupName="NodeSetup" Lockid="0"
    Modifyprogid="XMLMigrator" Modifyts="2020-02-19T13:30:25+00:00"
    Modifyuserid="SYSTEM" SystemDefinedCode="Y"/>
<BaseCommonCode BaseCommonCodeKey="WMS_CODE_TYPE_LIST13" CodeLength="40"
    CodeLongDescription="Move_Request_Cancel_Reason"
    CodeShortDescription="Move_Request_Cancel_Reason"
    CodeType="MOVE_REQ_CANCEL_RSN" Createprogid="XMLMigrator"
    Createts="2020-02-19T13:30:25+00:00" Createuserid="SYSTEM"
    GroupName="NodeSetup" Lockid="0" Modifyprogid="XMLMigrator"
    Modifyts="2020-02-19T13:30:25+00:00" Modifyuserid="SYSTEM" SystemDefinedCode="Y"/>
<BaseCommonCode BaseCommonCodeKey="WMS_CODE_TYPE_LIST2" CodeLength="40"
    CodeLongDescription="Location_Type"
    CodeShortDescription="Location_Type" CodeType="LOCATION_TYPE"
    Createprogid="XMLMigrator" Createts="2020-02-19T13:30:24+00:00"
    Createuserid="SYSTEM" GroupName="WMS_CommonCodes" Lockid="0"
    Modifyprogid="XMLMigrator" Modifyts="2020-02-19T13:30:24+00:00"
    Modifyuserid="SYSTEM" SystemDefinedCode="Y"/>
<BaseCommonCode BaseCommonCodeKey="WMS_CODE_TYPE_LIST5" CodeLength="40"
    CodeLongDescription="Module_Code" CodeShortDescription="Module_Code"
    CodeType="MODULE_CODE" Createprogid="XMLMigrator"
    Createts="2020-02-19T13:30:25+00:00" Createuserid="SYSTEM"
    GroupName="WMS_CommonCodes" Lockid="0" Modifyprogid="XMLMigrator"
    Modifyts="2020-02-19T13:30:25+00:00" Modifyuserid="SYSTEM" SystemDefinedCode="Y"/>
<BaseCommonCode BaseCommonCodeKey="WORKORDER_CANCEL_RSN" CodeLength="40"
    CodeLongDescription="Cancellation Reason"
    CodeShortDescription="Cancellation_Reason"
    CodeType="WORK_ORD_CANCEL_RSN" Createprogid="XMLMigrator"
    Createts="2020-02-19T13:28:10+00:00" Createuserid="SYSTEM"
    GroupName="HubData" Lockid="0" Modifyprogid="XMLMigrator"
    Modifyts="2020-02-19T13:28:10+00:00" Modifyuserid="SYSTEM" SystemDefinedCode="Y"/>
<BaseCommonCode BaseCommonCodeKey="WORK_ORDER_MOD_RSN" CodeLength="40"
    CodeLongDescription="Modification Reason"
    CodeShortDescription="Modification_Reason"
    CodeType="WORK_ORDER_MOD_RSN" Createprogid="XMLMigrator"
    Createts="2020-02-19T13:28:10+00:00" Createuserid="SYSTEM"
    GroupName="DocSpecific" Lockid="0" Modifyprogid="XMLMigrator"
    Modifyts="2020-02-19T13:28:10+00:00" Modifyuserid="SYSTEM" SystemDefinedCode="Y"/>
<BaseCommonCode BaseCommonCodeKey="WORK_ORDER_PURPOSE" CodeLength="40"
    CodeLongDescription="Work Order Purpose"
    CodeShortDescription="Work_Order_Purpose"
    CodeType="WORK_ORDER_PURPOSE" Createprogid="XMLMigrator"
    Createts="2020-02-19T13:28:10+00:00" Createuserid="SYSTEM"
    GroupName="HubData" Lockid="0" Modifyprogid="XMLMigrator"
    Modifyts="2020-02-19T13:28:10+00:00" Modifyuserid="SYSTEM" SystemDefinedCode="Y"/>
<BaseCommonCode BaseCommonCodeKey="WORK_ORDER_SEG_TYPE" CodeLength="40"
    CodeLongDescription="Work Order Segment Type"
    CodeShortDescription="Work_Order_Segment_Type"
    CodeType="WORK_ORDER_SEG_TYPE" Createprogid="XMLMigrator"
    Createts="2020-02-19T13:28:10+00:00" Createuserid="SYSTEM"
    GroupName="HubData" Lockid="0" Modifyprogid="XMLMigrator"
    Modifyts="2020-02-19T13:28:10+00:00" Modifyuserid="SYSTEM" SystemDefinedCode="Y"/>
<BaseCommonCode BaseCommonCodeKey="WORK_ORDER_STATUS" CodeLength="40"
    CodeLongDescription="Work Order Status"
    CodeShortDescription="Work_Order_Status"
    CodeType="WORK_ORDER_STATUS" Createprogid="XMLMigrator"
    Createts="2020-02-19T13:28:10+00:00" Createuserid="SYSTEM"
    GroupName="HubData" Lockid="0" Modifyprogid="XMLMigrator"
    Modifyts="2020-02-19T13:28:10+00:00" Modifyuserid="SYSTEM" SystemDefinedCode="Y"/>
<BaseCommonCode BaseCommonCodeKey="WO_APPT_FAIL_RSN" CodeLength="40"
    CodeLongDescription="Appointment_Failure_Reason"
    CodeShortDescription="Appointment_Failure_Reason"
    CodeType="WO_APPT_FAIL_RSN" Createprogid="XMLMigrator"
    Createts="2020-02-19T13:28:10+00:00" Createuserid="SYSTEM"
    GroupName="HubData" Lockid="0" Modifyprogid="XMLMigrator"
    Modifyts="2020-02-19T13:28:10+00:00" Modifyuserid="SYSTEM" SystemDefinedCode="Y"/>
<BaseCommonCode BaseCommonCodeKey="WSC_DEPART_GROUP" CodeLength="40"
    CodeLongDescription="WSC_DEPART_GROUP"
    CodeShortDescription="WSC Department Group"
    CodeType="WSC_DEPART_GROUP" Createprogid="XMLMigrator"
    Createts="2020-02-19T13:31:25+00:00" Createuserid="SYSTEM"
    GroupName="YCDStoreConfig" Lockid="0" Modifyprogid="XMLMigrator"
    Modifyts="2020-02-19T13:31:25+00:00" Modifyuserid="SYSTEM" SystemDefinedCode="Y"/>
<BaseCommonCode BaseCommonCodeKey="WSC_RECEIVE_REASON" CodeLength="40"
    CodeLongDescription="WSC Receive Reason"
    CodeShortDescription="WSC Receive Reason"
    CodeType="WSC_RECEIVE_REASON" Createprogid="XMLMigrator"
    Createts="2020-02-19T13:31:25+00:00" Createuserid="SYSTEM"
    GroupName="YCDEnterpriseConfig" Lockid="0"
    Modifyprogid="XMLMigrator" Modifyts="2020-02-19T13:31:25+00:00"
    Modifyuserid="SYSTEM" SystemDefinedCode="Y"/>
<BaseCommonCode BaseCommonCodeKey="WSC_RETURN_OVERRIDE" CodeLength="40"
    CodeLongDescription="WSC Return Override Reason"
    CodeShortDescription="WSC Return Override"
    CodeType="WSC_RETURN_OVERRIDE" Createprogid="XMLMigrator"
    Createts="2020-02-19T13:31:25+00:00" Createuserid="SYSTEM"
    GroupName="YCDEnterpriseConfig" Lockid="0"
    Modifyprogid="XMLMigrator" Modifyts="2020-02-19T13:31:25+00:00"
    Modifyuserid="SYSTEM" SystemDefinedCode="Y"/>
<BaseCommonCode BaseCommonCodeKey="YCD_ASSC_FUNCTION" CodeLength="40"
    CodeLongDescription="Association_Function"
    CodeShortDescription="Association_Function"
    CodeType="YCD_ASSC_FUNCTION" Createprogid="XMLMigrator"
    Createts="2020-02-19T13:31:25+00:00" Createuserid="SYSTEM"
    GroupName="HubData" Lockid="0" Modifyprogid="XMLMigrator"
    Modifyts="2020-02-19T13:31:25+00:00" Modifyuserid="SYSTEM" SystemDefinedCode="Y"/>
<BaseCommonCode BaseCommonCodeKey="YCD_CHANNEL" CodeLength="40"
    CodeLongDescription="Channel_Type"
    CodeShortDescription="Channel_Type" CodeType="YCD_CHANNEL"
    Createprogid="XMLMigrator" Createts="2020-02-19T13:31:25+00:00"
    Createuserid="SYSTEM" GroupName="HubData" Lockid="0"
    Modifyprogid="XMLMigrator" Modifyts="2020-02-19T13:31:25+00:00"
    Modifyuserid="SYSTEM" SystemDefinedCode="Y"/>
<BaseCommonCode BaseCommonCodeKey="YCD_CHARGEOVERRIDE" CodeLength="40"
    CodeLongDescription="ChargeOverride_Rsn"
    CodeShortDescription="ChargeOverride_Rsn"
    CodeType="YCD_CHARGEOVERRIDE" Createprogid="XMLMigrator"
    Createts="2020-02-19T13:31:25+00:00" Createuserid="SYSTEM"
    GroupName="DocSpecific" Lockid="0" Modifyprogid="XMLMigrator"
    Modifyts="2020-02-19T13:31:25+00:00" Modifyuserid="SYSTEM" SystemDefinedCode="Y"/>
<BaseCommonCode BaseCommonCodeKey="YCD_CODE_APPEASE_RSN" CodeLength="40"
    CodeLongDescription="Appeasement_Reasons"
    CodeShortDescription="Appeasement_Reason"
    CodeType="YCD_APPEASEMENT_RSN" Createprogid="XMLMigrator"
    Createts="2020-02-19T13:31:25+00:00" Createuserid="SYSTEM"
    GroupName="DocSpecific" Lockid="0" Modifyprogid="XMLMigrator"
    Modifyts="2020-02-19T13:31:25+00:00" Modifyuserid="SYSTEM" SystemDefinedCode="Y"/>
<BaseCommonCode BaseCommonCodeKey="YCD_CODE_RESHIP_REASON"
    CodeLength="40" CodeLongDescription="Reship_Reasons"
    CodeShortDescription="Reship_Reason" CodeType="YCD_RESHIP_REASON"
    Createprogid="XMLMigrator" Createts="2020-02-19T13:31:25+00:00"
    Createuserid="SYSTEM" GroupName="DocSpecific" Lockid="0"
    Modifyprogid="XMLMigrator" Modifyts="2020-02-19T13:31:25+00:00"
    Modifyuserid="SYSTEM" SystemDefinedCode="Y"/>
<BaseCommonCode BaseCommonCodeKey="YCD_CODE_TYPE001" CodeLength="40"
    CodeLongDescription="Credit_Card_Type"
    CodeShortDescription="Credit_Card_Type"
    CodeType="YCD_CREDIT_CARD_TYPE" Createprogid="XMLMigrator"
    Createts="2020-02-19T13:26:08+00:00" Createuserid="SYSTEM"
    GroupName="DocSpecific" Lockid="0" Modifyprogid="XMLMigrator"
    Modifyts="2020-02-19T13:26:08+00:00" Modifyuserid="SYSTEM" SystemDefinedCode="Y"/>
<BaseCommonCode BaseCommonCodeKey="YCD_CODE_TYPE002" CodeLength="40"
    CodeLongDescription="Cancel_Reason_Codes"
    CodeShortDescription="Cancel_Reason" CodeType="YCD_CANCEL_REASON"
    Createprogid="XMLMigrator" Createts="2020-02-19T13:31:25+00:00"
    Createuserid="SYSTEM" GroupName="DocSpecific" HasQualifiedTag="Y"
    Lockid="0" Modifyprogid="XMLMigrator"
    Modifyts="2020-02-19T13:31:25+00:00" Modifyuserid="SYSTEM" SystemDefinedCode="Y"/>
<BaseCommonCode BaseCommonCodeKey="YCD_CODE_TYPE_MONTHS" CodeLength="40"
    CodeLongDescription="Month_Display"
    CodeShortDescription="Month_Display" CodeType="YCD_MONTHS"
    Createprogid="XMLMigrator" Createts="2020-02-19T13:31:25+00:00"
    Createuserid="SYSTEM" GroupName="HubData" Lockid="0"
    Modifyprogid="XMLMigrator" Modifyts="2020-02-19T13:31:25+00:00"
    Modifyuserid="SYSTEM" SystemDefinedCode="Y"/>
<BaseCommonCode BaseCommonCodeKey="YCD_COMPETITOR_STS" CodeLength="40"
    CodeLongDescription="Competitor_Statuses"
    CodeShortDescription="Competitor_Statuses"
    CodeType="YCD_COMPETITOR_STS" Createprogid="XMLMigrator"
    Createts="2020-02-19T13:31:25+00:00" Createuserid="SYSTEM"
    GroupName="HubData" Lockid="0" Modifyprogid="XMLMigrator"
    Modifyts="2020-02-19T13:31:25+00:00" Modifyuserid="SYSTEM" SystemDefinedCode="Y"/>
<BaseCommonCode BaseCommonCodeKey="YCD_CUST_VERFN_TYP" CodeLength="40"
    CodeLongDescription="Customer_Verification_Type"
    CodeShortDescription="Customer_Verification_Type"
    CodeType="YCD_CUST_VERFN_TYP" Createprogid="XMLMigrator"
    Createts="2020-02-19T13:32:24+00:00" Createuserid="SYSTEM"
    GroupName="DocSpecific" Lockid="0" Modifyprogid="XMLMigrator"
    Modifyts="2020-02-19T13:32:24+00:00" Modifyuserid="SYSTEM" SystemDefinedCode="Y"/>
<BaseCommonCode BaseCommonCodeKey="YCD_PACK_SHORT_RES_KEY"
    CodeLength="40" CodeLongDescription="Pack_Shortage_Reason_Codes"
    CodeShortDescription="Pack Shortage Reason"
    CodeType="YCD_PACK_SHORT_RESOL" Createprogid="XMLMigrator"
    Createts="2020-02-19T13:31:25+00:00" Createuserid="SYSTEM"
    GroupName="YCDEnterpriseConfig" HasQualifiedTag="Y" Lockid="0"
    Modifyprogid="XMLMigrator" Modifyts="2020-02-19T13:31:25+00:00"
    Modifyuserid="SYSTEM" SystemDefinedCode="Y"/>
<BaseCommonCode BaseCommonCodeKey="YCD_PICK_SHORT_RES_KEY"
    CodeLength="40" CodeLongDescription="BP Short Resolution"
    CodeShortDescription="BP Short Resolution"
    CodeType="YCD_PICK_SHORT_RESOL" Createprogid="XMLMigrator"
    Createts="2020-02-19T13:31:25+00:00" Createuserid="SYSTEM"
    GroupName="YCDEnterpriseConfig" Lockid="0"
    Modifyprogid="XMLMigrator" Modifyts="2020-02-19T13:31:25+00:00"
    Modifyuserid="SYSTEM" SystemDefinedCode="Y"/>
<BaseCommonCode BaseCommonCodeKey="YCD_PRICEOVRRIDE_REASON"
    CodeLength="40" CodeLongDescription="Reasons For Overriding Price"
    CodeShortDescription="Price_Override_Reasons"
    CodeType="YCD_PRICEOVERRIDE" Createprogid="XMLMigrator"
    Createts="2020-02-19T13:31:25+00:00" Createuserid="SYSTEM"
    GroupName="DocSpecific" Lockid="0" Modifyprogid="XMLMigrator"
    Modifyts="2020-02-19T13:31:25+00:00" Modifyuserid="SYSTEM" SystemDefinedCode="Y"/>
<BaseCommonCode BaseCommonCodeKey="YCD_PRICE_MATCH_STS" CodeLength="40"
    CodeLongDescription="Price_Match_Statuses"
    CodeShortDescription="Price_Match_Statuses"
    CodeType="YCD_PRICE_MATCH_STS" Createprogid="XMLMigrator"
    Createts="2020-02-19T13:31:25+00:00" Createuserid="SYSTEM"
    GroupName="HubData" Lockid="0" Modifyprogid="XMLMigrator"
    Modifyts="2020-02-19T13:31:25+00:00" Modifyuserid="SYSTEM" SystemDefinedCode="Y"/>
<BaseCommonCode BaseCommonCodeKey="YCD_SCH_FAILURE_RSN" CodeLength="40"
    CodeLongDescription="Schedule_Failure"
    CodeShortDescription="Schedule_Failure"
    CodeType="YCD_SCH_FAILURE_RSN" Createprogid="XMLMigrator"
    Createts="2020-02-19T13:31:25+00:00" Createuserid="SYSTEM"
    GroupName="HubData" Lockid="0" Modifyprogid="XMLMigrator"
    Modifyts="2020-02-19T13:31:25+00:00" Modifyuserid="SYSTEM" SystemDefinedCode="Y"/>
<BaseCommonCode BaseCommonCodeKey="YCD_SHORT_RESOLU_KEY" CodeLength="40"
    CodeLongDescription="CP Short Resolution"
    CodeShortDescription="CP Short Resolution"
    CodeType="YCD_SHORT_RESOLU" Createprogid="XMLMigrator"
    Createts="2020-02-19T13:31:25+00:00" Createuserid="SYSTEM"
    GroupName="YCDEnterpriseConfig" Lockid="0"
    Modifyprogid="XMLMigrator" Modifyts="2020-02-19T13:31:25+00:00"
    Modifyuserid="SYSTEM" SystemDefinedCode="Y"/>
<BaseCommonCode BaseCommonCodeKey="YCD_TIME_RMN_SFS" CodeLength="40"
    CodeLongDescription="SFS_Pick_Remaining_Thresholds"
    CodeShortDescription="SFS_Pick_Remaining_Thresholds"
    CodeType="YCD_TIME_RMN_SFS" Createprogid="XMLMigrator"
    Createts="2020-02-19T13:31:25+00:00" Createuserid="SYSTEM"
    GroupName="YCDEnterpriseConfig" Lockid="0"
    Modifyprogid="XMLMigrator" Modifyts="2020-02-19T13:31:25+00:00"
    Modifyuserid="SYSTEM" SystemDefinedCode="Y"/>
<BaseCommonCode BaseCommonCodeKey="YCD_TIME_RMN_THRSH" CodeLength="40"
    CodeLongDescription="Time_Remaining_Thresholds"
    CodeShortDescription="Time_Remaining_Thresholds"
    CodeType="YCD_TIME_RMN_THRSH" Createprogid="XMLMigrator"
    Createts="2020-02-19T13:31:25+00:00" Createuserid="SYSTEM"
    GroupName="YCDEnterpriseConfig" Lockid="0"
    Modifyprogid="XMLMigrator" Modifyts="2020-02-19T13:31:25+00:00"
    Modifyuserid="SYSTEM" SystemDefinedCode="Y"/>
<BaseCommonCode BaseCommonCodeKey="YCD_TITLE" CodeLength="40"
    CodeLongDescription="Customer_Title" CodeShortDescription="Title"
    CodeType="YCD_TITLE" Createprogid="XMLMigrator"
    Createts="2020-02-19T13:31:25+00:00" Createuserid="SYSTEM"
    GroupName="YCDEnterpriseConfig" Lockid="0"
    Modifyprogid="XMLMigrator" Modifyts="2020-02-19T13:31:25+00:00"
    Modifyuserid="SYSTEM" SystemDefinedCode="Y"/>
<BaseCommonCode BaseCommonCodeKey="YCD_UNDO_BCKRM_RSN" CodeLength="40"
    CodeLongDescription="Undo_Backroom_Reason"
    CodeShortDescription="Undo_Backroom_Reason"
    CodeType="YCD_UNDO_BCKRM_RSN" Createprogid="XMLMigrator"
    Createts="2020-02-19T13:32:24+00:00" Createuserid="SYSTEM"
    GroupName="HubData" Lockid="0" Modifyprogid="XMLMigrator"
    Modifyts="2020-02-19T13:32:24+00:00" Modifyuserid="SYSTEM" SystemDefinedCode="Y"/>
<BaseCommonCode BaseCommonCodeKey="YCD_UNPACK_REASON_KEY"
    CodeLength="40" CodeLongDescription="Unpack_Reason_Codes"
    CodeShortDescription="Unpack Reason" CodeType="YCD_UNPACK_REASON"
    Createprogid="XMLMigrator" Createts="2020-02-19T13:31:25+00:00"
    Createuserid="SYSTEM" GroupName="YCDEnterpriseConfig"
    HasQualifiedTag="Y" Lockid="0" Modifyprogid="XMLMigrator"
    Modifyts="2020-02-19T13:31:25+00:00" Modifyuserid="SYSTEM" SystemDefinedCode="Y"/>
<BaseCommonCode BaseCommonCodeKey="YCD_WO_CANCEL_RSN" CodeLength="40"
    CodeLongDescription="Cancellation reasons for work order"
    CodeShortDescription="Cancellation reasons for work order"
    CodeType="YCD_WO_CANCEL_RSN" Createprogid="XMLMigrator"
    Createts="2020-02-19T13:31:25+00:00" Createuserid="SYSTEM"
    GroupName="YCDEnterpriseConfig" Lockid="0"
    Modifyprogid="XMLMigrator" Modifyts="2020-02-19T13:31:25+00:00"
    Modifyuserid="SYSTEM" SystemDefinedCode="Y"/>
</YFS_BASE_COMMON_CODEList>