<?xml version="1.0" encoding="UTF-8"?>
<YFS_PIPELINE_CONDITIONList TableName="YFS_PIPELINE_CONDITION" TotalNumberOfRecords="31">
<PipelineCondition ConditionKey="200404301108123712"
    Createprogid="XMLMigrator" Createts="2020-02-19T13:30:08+00:00"
    Createuserid="SYSTEM" EnterpriseKey="DEFAULT" Lockid="0"
    Modifyprogid="XMLMigrator" Modifyts="2020-02-19T13:30:08+00:00"
    Modifyuserid="SYSTEM" OwnerKey="DEFAULT"
    PipelineConditionKey="201305181655543011104"
    PipelineKey="WMS-PCOUNT-9.3" Priority="0.00" ProcessTypeKey="COUNT_EXECUTION"/>
<PipelineCondition ConditionKey="" Createprogid="XMLMigrator"
    Createts="2020-02-19T13:30:08+00:00" Createuserid="SYSTEM"
    EnterpriseKey="DEFAULT" Lockid="0" Modifyprogid="XMLMigrator"
    Modifyts="2020-02-19T13:30:08+00:00" Modifyuserid="SYSTEM"
    OwnerKey="DEFAULT" PipelineConditionKey="201305181655543011106"
    PipelineKey="WMS-COUNT-9.3" Priority="1.00" ProcessTypeKey="COUNT_EXECUTION"/>
<PipelineCondition ConditionKey="" Createprogid="XMLMigrator"
    Createts="2020-02-19T13:26:40+00:00" Createuserid="SYSTEM"
    EnterpriseKey="DEFAULT" Lockid="0" Modifyprogid="XMLMigrator"
    Modifyts="2020-02-19T13:26:40+00:00" Modifyuserid="SYSTEM"
    OwnerKey="DEFAULT" PipelineConditionKey="2015112414084421907"
    PipelineKey="ORDER-NEG-9.5" Priority="0.00" ProcessTypeKey="ORDER_NEGOTIATION"/>
<PipelineCondition ConditionKey="" Createprogid="XMLMigrator"
    Createts="2020-02-19T13:26:40+00:00" Createuserid="SYSTEM"
    EnterpriseKey="DEFAULT" Lockid="0" Modifyprogid="XMLMigrator"
    Modifyts="2020-02-19T13:26:40+00:00" Modifyuserid="SYSTEM"
    OwnerKey="DEFAULT" PipelineConditionKey="2015112414090221919"
    PipelineKey="PLAN-9.5" Priority="0.00" ProcessTypeKey="PLAN_ORDER_FULFILLMENT"/>
<PipelineCondition ConditionKey="" Createprogid="XMLMigrator"
    Createts="2020-02-19T13:26:40+00:00" Createuserid="SYSTEM"
    EnterpriseKey="DEFAULT" Lockid="0" Modifyprogid="XMLMigrator"
    Modifyts="2020-02-19T13:26:40+00:00" Modifyuserid="SYSTEM"
    OwnerKey="DEFAULT" PipelineConditionKey="2015112414091321925"
    PipelineKey="PLAN-ORDER-NEG-9.5" Priority="0.00" ProcessTypeKey="PLAN_ORDER_NEGOTIATION"/>
<PipelineCondition ConditionKey="2006101612060411084"
    Createprogid="XMLMigrator" Createts="2020-02-19T13:26:40+00:00"
    Createuserid="SYSTEM" EnterpriseKey="DEFAULT" Lockid="0"
    Modifyprogid="XMLMigrator" Modifyts="2020-02-19T13:26:40+00:00"
    Modifyuserid="SYSTEM" OwnerKey="DEFAULT"
    PipelineConditionKey="2015112414101321991"
    PipelineKey="RETURN-SERVICE-9.5" Priority="0.00" ProcessTypeKey="RETURN_FULFILLMENT"/>
<PipelineCondition ConditionKey="2006061918005628535"
    Createprogid="XMLMigrator" Createts="2020-02-19T13:26:40+00:00"
    Createuserid="SYSTEM" EnterpriseKey="DEFAULT" Lockid="0"
    Modifyprogid="XMLMigrator" Modifyts="2020-02-19T13:26:40+00:00"
    Modifyuserid="SYSTEM" OwnerKey="DEFAULT"
    PipelineConditionKey="2015112414101321993"
    PipelineKey="RETURN-BUNDLE-9.5" Priority="1.00" ProcessTypeKey="RETURN_FULFILLMENT"/>
<PipelineCondition ConditionKey="" Createprogid="XMLMigrator"
    Createts="2020-02-19T13:26:40+00:00" Createuserid="SYSTEM"
    EnterpriseKey="DEFAULT" Lockid="0" Modifyprogid="XMLMigrator"
    Modifyts="2020-02-19T13:26:40+00:00" Modifyuserid="SYSTEM"
    OwnerKey="DEFAULT" PipelineConditionKey="2015112414101321995"
    PipelineKey="RETURN-9.5" Priority="2.00" ProcessTypeKey="RETURN_FULFILLMENT"/>
<PipelineCondition ConditionKey="" Createprogid="XMLMigrator"
    Createts="2020-02-19T13:26:40+00:00" Createuserid="SYSTEM"
    EnterpriseKey="DEFAULT" Lockid="0" Modifyprogid="XMLMigrator"
    Modifyts="2020-02-19T13:26:40+00:00" Modifyuserid="SYSTEM"
    OwnerKey="DEFAULT" PipelineConditionKey="2015112414102222001"
    PipelineKey="RETURN-SHIPMENT-9.5" Priority="0.00" ProcessTypeKey="RETURN_SHIPMENT"/>
<PipelineCondition ConditionKey="" Createprogid="XMLMigrator"
    Createts="2020-02-19T13:26:40+00:00" Createuserid="SYSTEM"
    EnterpriseKey="DEFAULT" Lockid="0" Modifyprogid="XMLMigrator"
    Modifyts="2020-02-19T13:26:40+00:00" Modifyuserid="SYSTEM"
    OwnerKey="DEFAULT" PipelineConditionKey="2015112414103122007"
    PipelineKey="RETURN-RECEIPT-9.5" Priority="0.00" ProcessTypeKey="RETURN_RECEIPT"/>
<PipelineCondition ConditionKey="2006062009413030190"
    Createprogid="XMLMigrator" Createts="2020-02-19T13:26:40+00:00"
    Createuserid="SYSTEM" EnterpriseKey="DEFAULT" Lockid="0"
    Modifyprogid="XMLMigrator" Modifyts="2020-02-19T13:26:40+00:00"
    Modifyuserid="SYSTEM" OwnerKey="DEFAULT"
    PipelineConditionKey="2015112414114722013"
    PipelineKey="PURCHASE-BUNDLE-9.5" Priority="0.00" ProcessTypeKey="PO_FULFILLMENT"/>
<PipelineCondition ConditionKey="200609131139564901"
    Createprogid="XMLMigrator" Createts="2020-02-19T13:26:40+00:00"
    Createuserid="SYSTEM" EnterpriseKey="DEFAULT" Lockid="0"
    Modifyprogid="XMLMigrator" Modifyts="2020-02-19T13:26:40+00:00"
    Modifyuserid="SYSTEM" OwnerKey="DEFAULT"
    PipelineConditionKey="2015112414114722015"
    PipelineKey="PURCHASE-9.5" Priority="1.00" ProcessTypeKey="PO_FULFILLMENT"/>
<PipelineCondition ConditionKey="200407081810093359"
    Createprogid="XMLMigrator" Createts="2020-02-19T13:26:40+00:00"
    Createuserid="SYSTEM" EnterpriseKey="DEFAULT" Lockid="0"
    Modifyprogid="XMLMigrator" Modifyts="2020-02-19T13:26:40+00:00"
    Modifyuserid="SYSTEM" OwnerKey="DEFAULT"
    PipelineConditionKey="2015112414114722017"
    PipelineKey="DCS-INTEGRATION-9.5" Priority="2.00" ProcessTypeKey="PO_FULFILLMENT"/>
<PipelineCondition ConditionKey="2006062009353430189"
    Createprogid="XMLMigrator" Createts="2020-02-19T13:26:40+00:00"
    Createuserid="SYSTEM" EnterpriseKey="DEFAULT" Lockid="0"
    Modifyprogid="XMLMigrator" Modifyts="2020-02-19T13:26:40+00:00"
    Modifyuserid="SYSTEM" OwnerKey="DEFAULT"
    PipelineConditionKey="2015112414114722019"
    PipelineKey="WMS-PO-BUNDLE-9.5" Priority="3.00" ProcessTypeKey="PO_FULFILLMENT"/>
<PipelineCondition ConditionKey="" Createprogid="XMLMigrator"
    Createts="2020-02-19T13:26:40+00:00" Createuserid="SYSTEM"
    EnterpriseKey="DEFAULT" Lockid="0" Modifyprogid="XMLMigrator"
    Modifyts="2020-02-19T13:26:40+00:00" Modifyuserid="SYSTEM"
    OwnerKey="DEFAULT" PipelineConditionKey="2015112414114722021"
    PipelineKey="WMS-PURCHASE-9.5" Priority="4.00" ProcessTypeKey="PO_FULFILLMENT"/>
<PipelineCondition ConditionKey="" Createprogid="XMLMigrator"
    Createts="2020-02-19T13:26:40+00:00" Createuserid="SYSTEM"
    EnterpriseKey="DEFAULT" Lockid="0" Modifyprogid="XMLMigrator"
    Modifyts="2020-02-19T13:26:40+00:00" Modifyuserid="SYSTEM"
    OwnerKey="DEFAULT" PipelineConditionKey="2015112414115622027"
    PipelineKey="PO-NEG-9.5" Priority="0.00" ProcessTypeKey="PO_NEGOTIATION"/>
<PipelineCondition ConditionKey="" Createprogid="XMLMigrator"
    Createts="2020-02-19T13:26:40+00:00" Createuserid="SYSTEM"
    EnterpriseKey="DEFAULT" Lockid="0" Modifyprogid="XMLMigrator"
    Modifyts="2020-02-19T13:26:40+00:00" Modifyuserid="SYSTEM"
    OwnerKey="DEFAULT" PipelineConditionKey="2015112414120622033"
    PipelineKey="PO-SHIPMENT-9.5" Priority="0.00" ProcessTypeKey="PO_SHIPMENT"/>
<PipelineCondition ConditionKey="" Createprogid="XMLMigrator"
    Createts="2020-02-19T13:26:40+00:00" Createuserid="SYSTEM"
    EnterpriseKey="DEFAULT" Lockid="0" Modifyprogid="XMLMigrator"
    Modifyts="2020-02-19T13:26:40+00:00" Modifyuserid="SYSTEM"
    OwnerKey="DEFAULT" PipelineConditionKey="2015112414121322039"
    PipelineKey="PO-RECEIPT-9.5" Priority="0.00" ProcessTypeKey="PO_RECEIPT"/>
<PipelineCondition ConditionKey="" Createprogid="XMLMigrator"
    Createts="2020-02-19T13:26:40+00:00" Createuserid="SYSTEM"
    EnterpriseKey="DEFAULT" Lockid="0" Modifyprogid="XMLMigrator"
    Modifyts="2020-02-19T13:26:40+00:00" Modifyuserid="SYSTEM"
    OwnerKey="DEFAULT" PipelineConditionKey="2015112414122122045"
    PipelineKey="TRANSFER-ORDER-9.5" Priority="0.00" ProcessTypeKey="20030708142438541"/>
<PipelineCondition ConditionKey="" Createprogid="XMLMigrator"
    Createts="2020-02-19T13:26:40+00:00" Createuserid="SYSTEM"
    EnterpriseKey="DEFAULT" Lockid="0" Modifyprogid="XMLMigrator"
    Modifyts="2020-02-19T13:26:40+00:00" Modifyuserid="SYSTEM"
    OwnerKey="DEFAULT" PipelineConditionKey="2015112414123122051"
    PipelineKey="TO-SHIPMENT-9.5" Priority="0.00" ProcessTypeKey="200307081424521056"/>
<PipelineCondition ConditionKey="" Createprogid="XMLMigrator"
    Createts="2020-02-19T13:26:40+00:00" Createuserid="SYSTEM"
    EnterpriseKey="DEFAULT" Lockid="0" Modifyprogid="XMLMigrator"
    Modifyts="2020-02-19T13:26:40+00:00" Modifyuserid="SYSTEM"
    OwnerKey="DEFAULT" PipelineConditionKey="2015112414124122057"
    PipelineKey="TO-RECEIPT-9.5" Priority="0.00" ProcessTypeKey="200307081424551176"/>
<PipelineCondition ConditionKey="" Createprogid="XMLMigrator"
    Createts="2020-02-19T13:26:40+00:00" Createuserid="SYSTEM"
    EnterpriseKey="DEFAULT" Lockid="0" Modifyprogid="XMLMigrator"
    Modifyts="2020-02-19T13:26:40+00:00" Modifyuserid="SYSTEM"
    OwnerKey="DEFAULT" PipelineConditionKey="2015112414290322067"
    PipelineKey="MASTER-ORDER-9.5" Priority="0.00" ProcessTypeKey="MO_FULFILLMENT"/>
<PipelineCondition ConditionKey="" Createprogid="XMLMigrator"
    Createts="2020-02-19T13:26:40+00:00" Createuserid="SYSTEM"
    EnterpriseKey="DEFAULT" Lockid="0" Modifyprogid="XMLMigrator"
    Modifyts="2020-02-19T13:26:40+00:00" Modifyuserid="SYSTEM"
    OwnerKey="DEFAULT" PipelineConditionKey="2015112414292922073"
    PipelineKey="QUOTE-9.5" Priority="0.00" ProcessTypeKey="QUOTE_FULFILLMENT"/>
<PipelineCondition ConditionKey="" Createprogid="XMLMigrator"
    Createts="2020-02-19T13:26:40+00:00" Createuserid="SYSTEM"
    EnterpriseKey="DEFAULT" Lockid="0" Modifyprogid="XMLMigrator"
    Modifyts="2020-02-19T13:26:40+00:00" Modifyuserid="SYSTEM"
    OwnerKey="DEFAULT" PipelineConditionKey="2015112414420922083"
    PipelineKey="LOAD-DELIVERY-9.5" Priority="0.00" ProcessTypeKey="LOAD_DELIVERY"/>
<PipelineCondition ConditionKey="" Createprogid="XMLMigrator"
    Createts="2020-02-19T13:26:40+00:00" Createuserid="SYSTEM"
    EnterpriseKey="DEFAULT" Lockid="0" Modifyprogid="XMLMigrator"
    Modifyts="2020-02-19T13:26:40+00:00" Modifyuserid="SYSTEM"
    OwnerKey="DEFAULT" PipelineConditionKey="2015112414422422089"
    PipelineKey="CONTAINER-PACK-9.5" Priority="0.00" ProcessTypeKey="PACK"/>
<PipelineCondition ConditionKey="" Createprogid="XMLMigrator"
    Createts="2020-02-19T13:26:40+00:00" Createuserid="SYSTEM"
    EnterpriseKey="DEFAULT" Lockid="0" Modifyprogid="XMLMigrator"
    Modifyts="2020-02-19T13:26:40+00:00" Modifyuserid="SYSTEM"
    OwnerKey="DEFAULT" PipelineConditionKey="2015112414423422095"
    PipelineKey="VAS-WORK-ORDER-9.5" Priority="0.00" ProcessTypeKey="VAS"/>
<PipelineCondition ConditionKey="" Createprogid="XMLMigrator"
    Createts="2020-02-19T13:26:40+00:00" Createuserid="SYSTEM"
    EnterpriseKey="DEFAULT" Lockid="0" Modifyprogid="XMLMigrator"
    Modifyts="2020-02-19T13:26:40+00:00" Modifyuserid="SYSTEM"
    OwnerKey="DEFAULT" PipelineConditionKey="2015112414424622101"
    PipelineKey="OPPORTUNITY-9.5" Priority="0.00" ProcessTypeKey="OPPORTUNITY_FULFILLMENT"/>
<PipelineCondition ConditionKey="200502231737417438"
    Createprogid=".YCPWFRepositoryAPI"
    Createts="2020-04-12T18:29:49+00:00"
    Createuserid="bharat_rajagopalan@uk.ibm.com" EnterpriseKey="DEFAULT"
    Lockid="0" Modifyprogid=".YCPWFRepositoryAPI"
    Modifyts="2020-04-12T18:29:49+00:00"
    Modifyuserid="bharat_rajagopalan@uk.ibm.com" OwnerKey="DEFAULT"
    PipelineConditionKey="2020041218294946091"
    PipelineKey="SALES-SERVICE-9.5" Priority="0.00" ProcessTypeKey="ORDER_FULFILLMENT"/>
<PipelineCondition ConditionKey="20060606091158112062"
    Createprogid=".YCPWFRepositoryAPI"
    Createts="2020-04-12T18:29:49+00:00"
    Createuserid="bharat_rajagopalan@uk.ibm.com" EnterpriseKey="DEFAULT"
    Lockid="0" Modifyprogid=".YCPWFRepositoryAPI"
    Modifyts="2020-04-12T18:29:49+00:00"
    Modifyuserid="bharat_rajagopalan@uk.ibm.com" OwnerKey="DEFAULT"
    PipelineConditionKey="2020041218294946093"
    PipelineKey="SALES-BUNDLE-9.5" Priority="1.00" ProcessTypeKey="ORDER_FULFILLMENT"/>
<PipelineCondition ConditionKey="" Createprogid=".YCPWFRepositoryAPI"
    Createts="2020-04-12T18:29:49+00:00"
    Createuserid="bharat_rajagopalan@uk.ibm.com" EnterpriseKey="DEFAULT"
    Lockid="0" Modifyprogid=".YCPWFRepositoryAPI"
    Modifyts="2020-04-12T18:29:49+00:00"
    Modifyuserid="bharat_rajagopalan@uk.ibm.com" OwnerKey="DEFAULT"
    PipelineConditionKey="2020041218294946095"
    PipelineKey="2020041218261345490" Priority="2.00" ProcessTypeKey="ORDER_FULFILLMENT"/>
<PipelineCondition ConditionKey="" Createprogid=".YCPWFRepositoryAPI"
    Createts="2020-04-12T19:08:41+00:00"
    Createuserid="bharat_rajagopalan@uk.ibm.com" EnterpriseKey="DEFAULT"
    Lockid="0" Modifyprogid=".YCPWFRepositoryAPI"
    Modifyts="2020-04-12T19:08:41+00:00"
    Modifyuserid="bharat_rajagopalan@uk.ibm.com" OwnerKey="DEFAULT"
    PipelineConditionKey="2020041219084147625"
    PipelineKey="2020041218573446805" Priority="0.00" ProcessTypeKey="ORDER_DELIVERY"/>
</YFS_PIPELINE_CONDITIONList>