<?xml version="1.0" encoding="UTF-8"?>
<YFS_BASE_EVENTList TableName="YFS_BASE_EVENT" TotalNumberOfRecords="38">
<BaseEvent BaseEventKey="CHANGE_CONTAINER_STATUS"
    BaseTransactionKey="CHANGE_CONTAINER_STATUS"
    Createprogid="XMLMigrator" Createts="2020-02-19T13:26:28+00:00"
    Createuserid="SYSTEM" EventName="On Success" Eventid="ON_SUCCESS"
    ExtendEnterpriseFlag="1" Lockid="0" Modifyprogid="XMLMigrator"
    Modifyts="2020-02-19T13:26:28+00:00" Modifyuserid="SYSTEM"/>
<BaseEvent BaseEventKey="CHANGE_COUNT_STATUS_1"
    BaseTransactionKey="CHANGE_COUNT_REQ_STATUS"
    Createprogid="XMLMigrator" Createts="2020-02-19T13:30:08+00:00"
    Createuserid="SYSTEM" EventName="On Success" Eventid="ON_SUCCESS"
    ExtendEnterpriseFlag="1" Lockid="0" Modifyprogid="XMLMigrator"
    Modifyts="2020-02-19T13:30:08+00:00" Modifyuserid="SYSTEM"/>
<BaseEvent BaseEventKey="CHANGE_LOAD_STATUS_1"
    BaseTransactionKey="CHANGE_LOAD_STATUS" Createprogid="XMLMigrator"
    Createts="2020-02-19T13:26:28+00:00" Createuserid="SYSTEM"
    EventName="On Success" Eventid="ON_SUCCESS" ExtendEnterpriseFlag="1"
    Lockid="0" Modifyprogid="XMLMigrator"
    Modifyts="2020-02-19T13:26:28+00:00" Modifyuserid="SYSTEM"/>
<BaseEvent BaseEventKey="CHANGE_ORDER_STATUS_1"
    BaseTransactionKey="CHANGE_ORDER_STATUS" Createprogid="XMLMigrator"
    Createts="2020-02-19T13:26:28+00:00" Createuserid="SYSTEM"
    EventName="Change Status" Eventid="ON_STATUS_CHANGE"
    ExtendEnterpriseFlag="1" Lockid="0" Modifyprogid="XMLMigrator"
    Modifyts="2020-02-19T13:26:28+00:00" Modifyuserid="SYSTEM"/>
<BaseEvent BaseEventKey="CHANGE_RECEIPT_STATUS_1"
    BaseTransactionKey="CHANGE_RECEIPT_STATUS"
    Createprogid="XMLMigrator" Createts="2020-02-19T13:26:28+00:00"
    Createuserid="SYSTEM" EventName="On Success" Eventid="ON_SUCCESS"
    ExtendEnterpriseFlag="1" Lockid="0" Modifyprogid="XMLMigrator"
    Modifyts="2020-02-19T13:26:28+00:00" Modifyuserid="SYSTEM"/>
<BaseEvent BaseEventKey="CHANGE_SHIPMENT_STATUS_1"
    BaseTransactionKey="CHANGE_SHIPMENT_STATUS"
    Createprogid="XMLMigrator" Createts="2020-02-19T13:26:28+00:00"
    Createuserid="SYSTEM" EventName="On Success" Eventid="ON_SUCCESS"
    ExtendEnterpriseFlag="1" Lockid="0" Modifyprogid="XMLMigrator"
    Modifyts="2020-02-19T13:26:28+00:00" Modifyuserid="SYSTEM"/>
<BaseEvent BaseEventKey="CHANGE_WAVE_STATUS_1"
    BaseTransactionKey="CHANGE_WAVE_STATUS" Createprogid="XMLMigrator"
    Createts="2020-02-19T13:30:08+00:00" Createuserid="SYSTEM"
    EventName="On Success" Eventid="ON_SUCCESS" ExtendEnterpriseFlag="1"
    Lockid="0" Modifyprogid="XMLMigrator"
    Modifyts="2020-02-19T13:30:08+00:00" Modifyuserid="SYSTEM"/>
<BaseEvent BaseEventKey="CHANGE_WORK_ORDER_STATUS"
    BaseTransactionKey="CHANGE_WORK_ORDER_STATUS"
    Createprogid="XMLMigrator" Createts="2020-02-19T13:26:28+00:00"
    Createuserid="SYSTEM" EventName="On Success" Eventid="ON_SUCCESS"
    ExtendEnterpriseFlag="1" Lockid="0" Modifyprogid="XMLMigrator"
    Modifyts="2020-02-19T13:26:28+00:00" Modifyuserid="SYSTEM"/>
<BaseEvent BaseEventKey="COUNT_TASKS_COMPLETE_1"
    BaseTransactionKey="COUNT_TASKS_COMPLETE" Createprogid="XMLMigrator"
    Createts="2020-02-19T13:30:08+00:00" Createuserid="SYSTEM"
    EventName="On Success" Eventid="ON_SUCCESS" ExtendEnterpriseFlag="1"
    Lockid="0" Modifyprogid="XMLMigrator"
    Modifyts="2020-02-19T13:30:08+00:00" Modifyuserid="SYSTEM"/>
<BaseEvent BaseEventKey="CREATE_COUNT_TASKS_1"
    BaseTransactionKey="CREATE_COUNT_TASKS" Createprogid="XMLMigrator"
    Createts="2020-02-19T13:30:08+00:00" Createuserid="SYSTEM"
    EventName="On Success" Eventid="ON_SUCCESS" ExtendEnterpriseFlag="1"
    Lockid="0" Modifyprogid="XMLMigrator"
    Modifyts="2020-02-19T13:30:08+00:00" Modifyuserid="SYSTEM"/>
<BaseEvent BaseEventKey="CREATE_COUNT_TASKS_2"
    BaseTransactionKey="CREATE_COUNT_TASKS" Createprogid="XMLMigrator"
    Createts="2020-02-19T13:30:08+00:00" Createuserid="SYSTEM"
    EventName="No Tasks Created" Eventid="NO_TASKS_CREATED"
    ExtendEnterpriseFlag="1" Lockid="0" Modifyprogid="XMLMigrator"
    Modifyts="2020-02-19T13:30:08+00:00" Modifyuserid="SYSTEM"/>
<BaseEvent BaseEventKey="CREATE_ORDER_INVOICE_1"
    BaseTransactionKey="CREATE_ORDER_INVOICE" Createprogid="XMLMigrator"
    Createts="2020-02-19T13:26:28+00:00" Createuserid="SYSTEM"
    EventName="On Invoice Creation" Eventid="ON_INVOICE_CREATION"
    ExtendEnterpriseFlag="1" Lockid="0" Modifyprogid="XMLMigrator"
    Modifyts="2020-02-19T13:26:28+00:00" Modifyuserid="SYSTEM"/>
<BaseEvent BaseEventKey="CREATE_SHIPMENT_INVOICE1"
    BaseTransactionKey="CREATE_SHIPMENT_INVOICE"
    Createprogid="XMLMigrator" Createts="2020-02-19T13:26:28+00:00"
    Createuserid="SYSTEM" EventName="On Invoice Creation"
    Eventid="ON_INVOICE_CREATION" ExtendEnterpriseFlag="1" Lockid="0"
    Modifyprogid="XMLMigrator" Modifyts="2020-02-19T13:26:28+00:00" Modifyuserid="SYSTEM"/>
<BaseEvent BaseEventKey="DERIVED_ORDER_CREATE_1"
    BaseTransactionKey="DERIVED_ORDER_CREATE" Createprogid="XMLMigrator"
    Createts="2020-02-19T13:26:28+00:00" Createuserid="SYSTEM"
    EventName="On Success" Eventid="ON_SUCCESS" ExtendEnterpriseFlag="1"
    Lockid="0" Modifyprogid="XMLMigrator"
    Modifyts="2020-02-19T13:26:28+00:00" Modifyuserid="SYSTEM"/>
<BaseEvent BaseEventKey="ON_HOLD_TYPE_STATUS_1"
    BaseTransactionKey="PROCESS_ORDER_HOLD_TYPE"
    Createprogid="XMLMigrator" Createts="2020-02-19T13:26:28+00:00"
    Createuserid="SYSTEM" EventName="On hold type status change"
    Eventid="ON_HOLD_TYPE_STATUS_CHANGE" ExtendEnterpriseFlag="1"
    Lockid="0" Modifyprogid="XMLMigrator"
    Modifyts="2020-02-19T13:26:28+00:00" Modifyuserid="SYSTEM"/>
<BaseEvent BaseEventKey="ON_HOLD_TYPE_STATUS_2"
    BaseTransactionKey="ORDER_RELEASE_CHANGE" Createprogid="XMLMigrator"
    Createts="2020-02-19T13:26:28+00:00" Createuserid="SYSTEM"
    EventName="On hold type status change"
    Eventid="ON_HOLD_TYPE_STATUS_CHANGE" ExtendEnterpriseFlag="1"
    Lockid="0" Modifyprogid="XMLMigrator"
    Modifyts="2020-02-19T13:26:28+00:00" Modifyuserid="SYSTEM"/>
<BaseEvent BaseEventKey="ON_HOLD_TYPE_STATUS_3"
    BaseTransactionKey="PROCESS_WO_HOLD_TYPE" Createprogid="XMLMigrator"
    Createts="2020-02-19T13:26:28+00:00" Createuserid="SYSTEM"
    EventName="On hold type status change"
    Eventid="ON_HOLD_TYPE_STATUS_CHANGE" ExtendEnterpriseFlag="1"
    Lockid="0" Modifyprogid="XMLMigrator"
    Modifyts="2020-02-19T13:26:28+00:00" Modifyuserid="SYSTEM"/>
<BaseEvent BaseEventKey="ON_OL_HOLD_TYPE_STATUS_1"
    BaseTransactionKey="PROCESS_ORDER_HOLD_TYPE"
    Createprogid="XMLMigrator" Createts="2020-02-19T13:26:28+00:00"
    Createuserid="SYSTEM"
    EventName="On Order Line Hold Type Status Change"
    Eventid="ON_ORDER_LINE_HOLD_TYPE_STATUS_CHANGE"
    ExtendEnterpriseFlag="1" Lockid="0" Modifyprogid="XMLMigrator"
    Modifyts="2020-02-19T13:26:28+00:00" Modifyuserid="SYSTEM"/>
<BaseEvent BaseEventKey="ON_OL_HOLD_TYPE_STATUS_2"
    BaseTransactionKey="ORDER_RELEASE_CHANGE" Createprogid="XMLMigrator"
    Createts="2020-02-19T13:26:28+00:00" Createuserid="SYSTEM"
    EventName="On Order Line Hold Type Status Change"
    Eventid="ON_ORDER_LINE_HOLD_TYPE_STATUS_CHANGE"
    ExtendEnterpriseFlag="1" Lockid="0" Modifyprogid="XMLMigrator"
    Modifyts="2020-02-19T13:26:28+00:00" Modifyuserid="SYSTEM"/>
<BaseEvent BaseEventKey="ON_STATUS_CHANGE_L01"
    BaseTransactionKey="CHAINED_ORDER_LSNR" Createprogid="XMLMigrator"
    Createts="2020-02-19T13:26:28+00:00" Createuserid="SYSTEM"
    EventName="On Status Change" Eventid="ON_STATUS_CHANGE"
    ExtendEnterpriseFlag="1" Lockid="0" Modifyprogid="XMLMigrator"
    Modifyts="2020-02-19T13:26:28+00:00" Modifyuserid="SYSTEM"/>
<BaseEvent BaseEventKey="ON_STATUS_CHANGE_L02"
    BaseTransactionKey="DERIVED_ORDER_LSNR" Createprogid="XMLMigrator"
    Createts="2020-02-19T13:26:28+00:00" Createuserid="SYSTEM"
    EventName="On Status Change" Eventid="ON_STATUS_CHANGE"
    ExtendEnterpriseFlag="1" Lockid="0" Modifyprogid="XMLMigrator"
    Modifyts="2020-02-19T13:26:28+00:00" Modifyuserid="SYSTEM"/>
<BaseEvent BaseEventKey="ON_STATUS_CHANGE_L03"
    BaseTransactionKey="SHIPMENT_STATUS_LISTENER"
    Createprogid="XMLMigrator" Createts="2020-02-19T13:26:28+00:00"
    Createuserid="SYSTEM" EventName="On Status Change"
    Eventid="ON_STATUS_CHANGE" ExtendEnterpriseFlag="1" Lockid="0"
    Modifyprogid="XMLMigrator" Modifyts="2020-02-19T13:26:28+00:00" Modifyuserid="SYSTEM"/>
<BaseEvent BaseEventKey="ON_STATUS_CHANGE_L06"
    BaseTransactionKey="RECEIPT_STATUS_LSNR" Createprogid="XMLMigrator"
    Createts="2020-02-19T13:26:28+00:00" Createuserid="SYSTEM"
    EventName="On Status Change" Eventid="ON_STATUS_CHANGE"
    ExtendEnterpriseFlag="1" Lockid="0" Modifyprogid="XMLMigrator"
    Modifyts="2020-02-19T13:26:28+00:00" Modifyuserid="SYSTEM"/>
<BaseEvent BaseEventKey="ON_STATUS_CHANGE_L08"
    BaseTransactionKey="WO_ORDER_STS_LISTENER"
    Createprogid="XMLMigrator" Createts="2020-02-19T13:26:28+00:00"
    Createuserid="SYSTEM" EventName="On Status Change"
    Eventid="ON_STATUS_CHANGE" ExtendEnterpriseFlag="1" Lockid="0"
    Modifyprogid="XMLMigrator" Modifyts="2020-02-19T13:26:28+00:00" Modifyuserid="SYSTEM"/>
<BaseEvent BaseEventKey="ON_STATUS_CHANGE_L09"
    BaseTransactionKey="CHANGE_OPPOR_STATUS" Createprogid="XMLMigrator"
    Createts="2020-02-19T13:26:28+00:00" Createuserid="SYSTEM"
    EventName="On Status Change" Eventid="ON_STATUS_CHANGE"
    ExtendEnterpriseFlag="1" Lockid="0" Modifyprogid="XMLMigrator"
    Modifyts="2020-02-19T13:26:28+00:00" Modifyuserid="SYSTEM"/>
<BaseEvent BaseEventKey="ON_VOID_INVOICE_1"
    BaseTransactionKey="VOID_ORDER_INVOICE" Createprogid="XMLMigrator"
    Createts="2020-02-19T13:26:28+00:00" Createuserid="SYSTEM"
    EventName="On voiding of an invoice" Eventid="ON_VOID_INVOICE"
    ExtendEnterpriseFlag="1" Lockid="0" Modifyprogid="XMLMigrator"
    Modifyts="2020-02-19T13:26:28+00:00" Modifyuserid="SYSTEM"/>
<BaseEvent BaseEventKey="ON_VOID_INVOICE_2"
    BaseTransactionKey="VOID_SHIPMENT_INVOICE"
    Createprogid="XMLMigrator" Createts="2020-02-19T13:26:28+00:00"
    Createuserid="SYSTEM" EventName="On voiding of an invoice"
    Eventid="ON_VOID_INVOICE" ExtendEnterpriseFlag="1" Lockid="0"
    Modifyprogid="XMLMigrator" Modifyts="2020-02-19T13:26:28+00:00" Modifyuserid="SYSTEM"/>
<BaseEvent BaseEventKey="ORDER_RELEASE_CHANGE_1"
    BaseTransactionKey="ORDER_RELEASE_CHANGE" Createprogid="XMLMigrator"
    Createts="2020-02-19T13:26:28+00:00" Createuserid="SYSTEM"
    EventName="On Success" Eventid="ON_SUCCESS" ExtendEnterpriseFlag="1"
    Lockid="0" Modifyprogid="XMLMigrator"
    Modifyts="2020-02-19T13:26:28+00:00" Modifyuserid="SYSTEM"/>
<BaseEvent BaseEventKey="ORDER_RELEASE_CHANGE_2"
    BaseTransactionKey="ORDER_RELEASE_CHANGE" Createprogid="XMLMigrator"
    Createts="2020-02-19T13:26:28+00:00" Createuserid="SYSTEM"
    EventName="On Backorder" Eventid="ON_BACKORDER"
    ExtendEnterpriseFlag="1" Lockid="0" Modifyprogid="XMLMigrator"
    Modifyts="2020-02-19T13:26:28+00:00" Modifyuserid="SYSTEM"/>
<BaseEvent BaseEventKey="ORDER_RELEASE_CHANGE_3"
    BaseTransactionKey="ORDER_RELEASE_CHANGE" Createprogid="XMLMigrator"
    Createts="2020-02-19T13:26:28+00:00" Createuserid="SYSTEM"
    EventName="On Cancel" Eventid="ON_CANCEL" ExtendEnterpriseFlag="1"
    Lockid="0" Modifyprogid="XMLMigrator"
    Modifyts="2020-02-19T13:26:28+00:00" Modifyuserid="SYSTEM"/>
<BaseEvent BaseEventKey="PACK_02"
    BaseTransactionKey="INCLUDE_IN_INV_CONTAINER"
    Createprogid="XMLMigrator" Createts="2020-02-19T13:26:28+00:00"
    Createuserid="SYSTEM" EventName="On Success" Eventid="ON_SUCCESS"
    ExtendEnterpriseFlag="1" Lockid="0" Modifyprogid="XMLMigrator"
    Modifyts="2020-02-19T13:26:28+00:00" Modifyuserid="SYSTEM"/>
<BaseEvent BaseEventKey="PACK_03"
    BaseTransactionKey="INCLUDE_IN_SHP_CONTAINER"
    Createprogid="XMLMigrator" Createts="2020-02-19T13:26:28+00:00"
    Createuserid="SYSTEM" EventName="On Success" Eventid="ON_SUCCESS"
    ExtendEnterpriseFlag="1" Lockid="0" Modifyprogid="XMLMigrator"
    Modifyts="2020-02-19T13:26:28+00:00" Modifyuserid="SYSTEM"/>
<BaseEvent BaseEventKey="PROCESS_ORDER_HOLD_TYPE"
    BaseTransactionKey="PROCESS_ORDER_HOLD_TYPE"
    Createprogid="XMLMigrator" Createts="2020-02-19T13:26:28+00:00"
    Createuserid="SYSTEM" EventName="On Success" Eventid="ON_SUCCESS"
    ExtendEnterpriseFlag="1" Lockid="0" Modifyprogid="XMLMigrator"
    Modifyts="2020-02-19T13:26:28+00:00" Modifyuserid="SYSTEM"/>
<BaseEvent BaseEventKey="PROCESS_WO_HOLD_TYPE"
    BaseTransactionKey="PROCESS_WO_HOLD_TYPE" Createprogid="XMLMigrator"
    Createts="2020-02-19T13:26:28+00:00" Createuserid="SYSTEM"
    EventName="On Success" Eventid="ON_SUCCESS" ExtendEnterpriseFlag="1"
    Lockid="0" Modifyprogid="XMLMigrator"
    Modifyts="2020-02-19T13:26:28+00:00" Modifyuserid="SYSTEM"/>
<BaseEvent BaseEventKey="PURGE" BaseTransactionKey="PURGE"
    Createprogid="XMLMigrator" Createts="2020-02-19T13:27:30+00:00"
    Createuserid="SYSTEM" EventName="On Incomplete Payment"
    Eventid="ON_INCOMPLETE_PAYMENT" ExtendEnterpriseFlag="1" Lockid="0"
    Modifyprogid="XMLMigrator" Modifyts="2020-02-19T13:27:30+00:00" Modifyuserid="SYSTEM"/>
<BaseEvent BaseEventKey="ROUTING_1" BaseTransactionKey="ROUTING"
    Createprogid="XMLMigrator" Createts="2020-02-19T13:26:28+00:00"
    Createuserid="SYSTEM" EventName="On Success" Eventid="ON_SUCCESS"
    ExtendEnterpriseFlag="1" Lockid="0" Modifyprogid="XMLMigrator"
    Modifyts="2020-02-19T13:26:28+00:00" Modifyuserid="SYSTEM"/>
<BaseEvent BaseEventKey="ROUTING_2" BaseTransactionKey="ROUTING"
    Createprogid="XMLMigrator" Createts="2020-02-19T13:26:28+00:00"
    Createuserid="SYSTEM" EventName="On Failure" Eventid="ON_FAILURE"
    ExtendEnterpriseFlag="1" Lockid="0" Modifyprogid="XMLMigrator"
    Modifyts="2020-02-19T13:26:28+00:00" Modifyuserid="SYSTEM"/>
<BaseEvent BaseEventKey="SEND_ORDER_1" BaseTransactionKey="SEND_ORDER"
    Createprogid="XMLMigrator" Createts="2020-02-19T13:26:28+00:00"
    Createuserid="SYSTEM" EventName="On Success" Eventid="ON_SUCCESS"
    ExtendEnterpriseFlag="1" Lockid="0" Modifyprogid="XMLMigrator"
    Modifyts="2020-02-19T13:26:28+00:00" Modifyuserid="SYSTEM"/>
</YFS_BASE_EVENTList>