<?xml version="1.0" encoding="UTF-8"?>
<YFS_ESP_TERMSList TableName="YFS_ESP_TERMS" TotalNumberOfRecords="22">
<ESPTerms Createprogid=".YCPOrgDetailsAPI"
    Createts="2020-04-09T13:13:38+00:00" Createuserid="admin"
    EspTermsKey="2020040913133833076" Lockid="0"
    Modifyprogid=".YCPOrgDetailsAPI"
    Modifyts="2020-04-09T13:13:38+00:00" Modifyuserid="admin"
    OrganizationCode="GRP_ORG_0001" ShipmentDelayDays="0" Type="INBOUND"
    VolumeThreshold="0.00" VolumeThresholdUom="CIN"
    WeightThreshold="0.00" WeightThresholdUom="LBS"/>
<ESPTerms Createprogid=".YCPOrgDetailsAPI"
    Createts="2020-04-09T13:14:38+00:00" Createuserid="admin"
    EspTermsKey="2020040913143833091" Lockid="0"
    Modifyprogid=".YCPOrgDetailsAPI"
    Modifyts="2020-04-09T13:14:38+00:00" Modifyuserid="admin"
    OrganizationCode="SUPPLIERS" ShipmentDelayDays="0" Type="INBOUND"
    VolumeThreshold="0.00" VolumeThresholdUom="CIN"
    WeightThreshold="0.00" WeightThresholdUom="LBS"/>
<ESPTerms Createprogid=".YCPOrgDetailsAPI"
    Createts="2020-04-09T13:26:12+00:00" Createuserid="admin"
    EspTermsKey="2020040913261233139" Lockid="0"
    Modifyprogid=".YCPOrgDetailsAPI"
    Modifyts="2020-04-09T13:26:12+00:00" Modifyuserid="admin"
    OrganizationCode="BUSINESS_ORG_0001" ShipmentDelayDays="0"
    Type="INBOUND" VolumeThreshold="0.00" VolumeThresholdUom="CIN"
    WeightThreshold="0.00" WeightThresholdUom="LBS"/>
<ESPTerms Createprogid=".YCPOrgDetailsAPI"
    Createts="2020-04-10T11:54:26+00:00"
    Createuserid="bharat_rajagopalan@uk.ibm.com"
    EspTermsKey="2020041011542635073" Lockid="0"
    Modifyprogid=".YCPOrgDetailsAPI"
    Modifyts="2020-04-10T11:54:26+00:00"
    Modifyuserid="bharat_rajagopalan@uk.ibm.com"
    OrganizationCode="WH_000001" ShipmentDelayDays="0" Type="INBOUND"
    VolumeThreshold="0.00" VolumeThresholdUom="CUMETER"
    WeightThreshold="0.00" WeightThresholdUom="KG"/>
<ESPTerms Createprogid=".YCPOrgDetailsAPI"
    Createts="2020-04-10T13:01:04+00:00"
    Createuserid="bharat_rajagopalan@uk.ibm.com"
    EspTermsKey="2020041013010435402" Lockid="0"
    Modifyprogid=".YCPOrgDetailsAPI"
    Modifyts="2020-04-10T13:01:04+00:00"
    Modifyuserid="bharat_rajagopalan@uk.ibm.com"
    OrganizationCode="CARRIERS" ShipmentDelayDays="0" Type="INBOUND"
    VolumeThreshold="0.00" VolumeThresholdUom="" WeightThreshold="0.00" WeightThresholdUom=""/>
<ESPTerms Createprogid=".YCPOrgDetailsAPI"
    Createts="2020-04-10T13:02:15+00:00"
    Createuserid="bharat_rajagopalan@uk.ibm.com"
    EspTermsKey="2020041013021535421" Lockid="0"
    Modifyprogid=".YCPOrgDetailsAPI"
    Modifyts="2020-04-10T13:02:15+00:00"
    Modifyuserid="bharat_rajagopalan@uk.ibm.com" OrganizationCode="UPSN"
    ShipmentDelayDays="0" Type="INBOUND" VolumeThreshold="0.00"
    VolumeThresholdUom="CIN" WeightThreshold="0.00" WeightThresholdUom="LBS"/>
<ESPTerms Createprogid=".YCPOrgDetailsAPI"
    Createts="2020-04-10T13:02:53+00:00"
    Createuserid="bharat_rajagopalan@uk.ibm.com"
    EspTermsKey="2020041013025335430" Lockid="0"
    Modifyprogid=".YCPOrgDetailsAPI"
    Modifyts="2020-04-10T13:02:53+00:00"
    Modifyuserid="bharat_rajagopalan@uk.ibm.com" OrganizationCode="USPS"
    ShipmentDelayDays="0" Type="INBOUND" VolumeThreshold="0.00"
    VolumeThresholdUom="CIN" WeightThreshold="0.00" WeightThresholdUom="LBS"/>
<ESPTerms Createprogid=".YCPOrgDetailsAPI"
    Createts="2020-04-10T13:03:08+00:00"
    Createuserid="bharat_rajagopalan@uk.ibm.com"
    EspTermsKey="2020041013030835436" Lockid="0"
    Modifyprogid=".YCPOrgDetailsAPI"
    Modifyts="2020-04-10T13:03:08+00:00"
    Modifyuserid="bharat_rajagopalan@uk.ibm.com" OrganizationCode="FEDX"
    ShipmentDelayDays="0" Type="INBOUND" VolumeThreshold="0.00"
    VolumeThresholdUom="CIN" WeightThreshold="0.00" WeightThresholdUom="LBS"/>
<ESPTerms Createprogid=".YCPOrgDetailsAPI"
    Createts="2020-04-10T13:03:19+00:00"
    Createuserid="bharat_rajagopalan@uk.ibm.com"
    EspTermsKey="2020041013031935441" Lockid="0"
    Modifyprogid=".YCPOrgDetailsAPI"
    Modifyts="2020-04-10T13:03:19+00:00"
    Modifyuserid="bharat_rajagopalan@uk.ibm.com" OrganizationCode="UPSC"
    ShipmentDelayDays="0" Type="INBOUND" VolumeThreshold="0.00"
    VolumeThresholdUom="CIN" WeightThreshold="0.00" WeightThresholdUom="LBS"/>
<ESPTerms Createprogid=".YCPOrgDetailsAPI"
    Createts="2020-04-10T13:03:30+00:00"
    Createuserid="bharat_rajagopalan@uk.ibm.com"
    EspTermsKey="2020041013033035446" Lockid="0"
    Modifyprogid=".YCPOrgDetailsAPI"
    Modifyts="2020-04-10T13:03:30+00:00"
    Modifyuserid="bharat_rajagopalan@uk.ibm.com" OrganizationCode="UPSA"
    ShipmentDelayDays="0" Type="INBOUND" VolumeThreshold="0.00"
    VolumeThresholdUom="CIN" WeightThreshold="0.00" WeightThresholdUom="LBS"/>
<ESPTerms Createprogid=".YCPOrgDetailsAPI"
    Createts="2020-04-10T13:03:42+00:00"
    Createuserid="bharat_rajagopalan@uk.ibm.com"
    EspTermsKey="2020041013034235451" Lockid="0"
    Modifyprogid=".YCPOrgDetailsAPI"
    Modifyts="2020-04-10T13:03:42+00:00"
    Modifyuserid="bharat_rajagopalan@uk.ibm.com" OrganizationCode="UPSE"
    ShipmentDelayDays="0" Type="INBOUND" VolumeThreshold="0.00"
    VolumeThresholdUom="CIN" WeightThreshold="0.00" WeightThresholdUom="LBS"/>
<ESPTerms Createprogid=".YCPOrgDetailsAPI"
    Createts="2020-04-10T13:03:52+00:00"
    Createuserid="bharat_rajagopalan@uk.ibm.com"
    EspTermsKey="2020041013035235456" Lockid="0"
    Modifyprogid=".YCPOrgDetailsAPI"
    Modifyts="2020-04-10T13:03:52+00:00"
    Modifyuserid="bharat_rajagopalan@uk.ibm.com" OrganizationCode="UPSL"
    ShipmentDelayDays="0" Type="INBOUND" VolumeThreshold="0.00"
    VolumeThresholdUom="CIN" WeightThreshold="0.00" WeightThresholdUom="LBS"/>
<ESPTerms Createprogid=".YCPOrgDetailsAPI"
    Createts="2020-04-10T13:04:06+00:00"
    Createuserid="bharat_rajagopalan@uk.ibm.com"
    EspTermsKey="2020041013040635461" Lockid="0"
    Modifyprogid=".YCPOrgDetailsAPI"
    Modifyts="2020-04-10T13:04:06+00:00"
    Modifyuserid="bharat_rajagopalan@uk.ibm.com"
    OrganizationCode="Purolator" ShipmentDelayDays="0" Type="INBOUND"
    VolumeThreshold="0.00" VolumeThresholdUom="CIN"
    WeightThreshold="0.00" WeightThresholdUom="LBS"/>
<ESPTerms Createprogid=".YCPOrgDetailsAPI"
    Createts="2020-04-10T13:05:20+00:00"
    Createuserid="bharat_rajagopalan@uk.ibm.com"
    EspTermsKey="2020041013052035469" Lockid="0"
    Modifyprogid=".YCPOrgDetailsAPI"
    Modifyts="2020-04-10T13:05:20+00:00"
    Modifyuserid="bharat_rajagopalan@uk.ibm.com"
    OrganizationCode="PurolatorCourier" ShipmentDelayDays="0"
    Type="INBOUND" VolumeThreshold="0.00" VolumeThresholdUom="CIN"
    WeightThreshold="0.00" WeightThresholdUom="LBS"/>
<ESPTerms Createprogid=".YCPOrgDetailsAPI"
    Createts="2020-04-10T13:10:55+00:00"
    Createuserid="bharat_rajagopalan@uk.ibm.com"
    EspTermsKey="2020041013105535495" Lockid="0"
    Modifyprogid=".YCPOrgDetailsAPI"
    Modifyts="2020-04-10T13:10:55+00:00"
    Modifyuserid="bharat_rajagopalan@uk.ibm.com"
    OrganizationCode="ROYALMAIL" ShipmentDelayDays="0" Type="INBOUND"
    VolumeThreshold="0.00" VolumeThresholdUom="CUMETER"
    WeightThreshold="0.00" WeightThresholdUom="KG"/>
<ESPTerms Createprogid=".YCPOrgDetailsAPI"
    Createts="2020-04-25T15:42:05+00:00"
    Createuserid="ramaalla@in.ibm.com" EspTermsKey="2020042515420574089"
    Lockid="0" Modifyprogid=".YCPOrgDetailsAPI"
    Modifyts="2020-04-25T15:42:05+00:00"
    Modifyuserid="ramaalla@in.ibm.com" OrganizationCode="STORE_000001"
    ShipmentDelayDays="0" Type="INBOUND" VolumeThreshold="0.00"
    VolumeThresholdUom="CUMETER" WeightThreshold="0.00" WeightThresholdUom="KG"/>
<ESPTerms Createprogid=".YCPOrgDetailsAPI"
    Createts="2020-04-25T15:43:48+00:00"
    Createuserid="ramaalla@in.ibm.com" EspTermsKey="2020042515434874103"
    Lockid="0" Modifyprogid=".YCPOrgDetailsAPI"
    Modifyts="2020-04-25T15:43:48+00:00"
    Modifyuserid="ramaalla@in.ibm.com" OrganizationCode="STORE_000003"
    ShipmentDelayDays="0" Type="INBOUND" VolumeThreshold="0.00"
    VolumeThresholdUom="CUMETER" WeightThreshold="0.00" WeightThresholdUom="KG"/>
<ESPTerms Createprogid=".YCPOrgDetailsAPI"
    Createts="2020-04-25T15:45:20+00:00"
    Createuserid="ramaalla@in.ibm.com" EspTermsKey="2020042515452074117"
    Lockid="0" Modifyprogid=".YCPOrgDetailsAPI"
    Modifyts="2020-04-25T15:45:20+00:00"
    Modifyuserid="ramaalla@in.ibm.com" OrganizationCode="STORE_000004"
    ShipmentDelayDays="0" Type="INBOUND" VolumeThreshold="0.00"
    VolumeThresholdUom="CUMETER" WeightThreshold="0.00" WeightThresholdUom="KG"/>
<ESPTerms Createprogid=".YCPOrgDetailsAPI"
    Createts="2020-04-25T15:46:51+00:00"
    Createuserid="ramaalla@in.ibm.com" EspTermsKey="2020042515465174131"
    Lockid="0" Modifyprogid=".YCPOrgDetailsAPI"
    Modifyts="2020-04-25T15:46:51+00:00"
    Modifyuserid="ramaalla@in.ibm.com" OrganizationCode="STORE_000005"
    ShipmentDelayDays="0" Type="INBOUND" VolumeThreshold="0.00"
    VolumeThresholdUom="CUMETER" WeightThreshold="0.00" WeightThresholdUom="KG"/>
<ESPTerms Createprogid=".YCPOrgDetailsAPI"
    Createts="2020-04-25T15:49:16+00:00"
    Createuserid="ramaalla@in.ibm.com" EspTermsKey="2020042515491674149"
    Lockid="0" Modifyprogid=".YCPOrgDetailsAPI"
    Modifyts="2020-04-25T15:49:16+00:00"
    Modifyuserid="ramaalla@in.ibm.com" OrganizationCode="WH_000003"
    ShipmentDelayDays="0" Type="INBOUND" VolumeThreshold="0.00"
    VolumeThresholdUom="CUMETER" WeightThreshold="0.00" WeightThresholdUom="KG"/>
<ESPTerms Createprogid=".YCPOrgDetailsAPI"
    Createts="2020-04-25T15:50:57+00:00"
    Createuserid="ramaalla@in.ibm.com" EspTermsKey="2020042515505774175"
    Lockid="0" Modifyprogid=".YCPOrgDetailsAPI"
    Modifyts="2020-04-25T15:50:57+00:00"
    Modifyuserid="ramaalla@in.ibm.com" OrganizationCode="WH_000004"
    ShipmentDelayDays="0" Type="INBOUND" VolumeThreshold="0.00"
    VolumeThresholdUom="CUMETER" WeightThreshold="0.00" WeightThresholdUom="KG"/>
<ESPTerms Createprogid=".YCPOrgDetailsAPI"
    Createts="2020-04-25T15:52:51+00:00"
    Createuserid="ramaalla@in.ibm.com" EspTermsKey="2020042515525174189"
    Lockid="0" Modifyprogid=".YCPOrgDetailsAPI"
    Modifyts="2020-04-25T15:52:51+00:00"
    Modifyuserid="ramaalla@in.ibm.com" OrganizationCode="SUP_000002"
    ShipmentDelayDays="0" Type="INBOUND" VolumeThreshold="0.00"
    VolumeThresholdUom="CUMETER" WeightThreshold="0.00" WeightThresholdUom="KG"/>
</YFS_ESP_TERMSList>