<?xml version="1.0" encoding="UTF-8"?>
<YFS_BASE_PICKUP_DROP_STSList TableName="YFS_BASE_PICKUP_DROP_STS" TotalNumberOfRecords="53">
<BasePickupDropSts BasePickupDropStsKey="CHAIN_01"
    BaseProcessTypeKey="ORDER_FULFILLMENT" BaseStatus="1100"
    BaseTransactionKey="INCLUDE_IN_CHAINED_ORDER"
    Createprogid="XMLMigrator" Createts="2020-02-19T13:26:50+00:00"
    Createuserid="SYSTEM" IsMandatory="" Lockid="0"
    Modifyprogid="XMLMigrator" Modifyts="2020-02-19T13:26:50+00:00"
    Modifyuserid="SYSTEM" Type="01"/>
<BasePickupDropSts BasePickupDropStsKey="CHAIN_02"
    BaseProcessTypeKey="ORDER_FULFILLMENT" BaseStatus="1200"
    BaseTransactionKey="INCLUDE_IN_CHAINED_ORDER"
    Createprogid="XMLMigrator" Createts="2020-02-19T13:26:50+00:00"
    Createuserid="SYSTEM" IsMandatory="" Lockid="0"
    Modifyprogid="XMLMigrator" Modifyts="2020-02-19T13:26:50+00:00"
    Modifyuserid="SYSTEM" Type="01"/>
<BasePickupDropSts BasePickupDropStsKey="CHAIN_03"
    BaseProcessTypeKey="ORDER_FULFILLMENT" BaseStatus="1300"
    BaseTransactionKey="INCLUDE_IN_CHAINED_ORDER"
    Createprogid="XMLMigrator" Createts="2020-02-19T13:26:50+00:00"
    Createuserid="SYSTEM" IsMandatory="" Lockid="0"
    Modifyprogid="XMLMigrator" Modifyts="2020-02-19T13:26:50+00:00"
    Modifyuserid="SYSTEM" Type="01"/>
<BasePickupDropSts BasePickupDropStsKey="CHAIN_04"
    BaseProcessTypeKey="ORDER_FULFILLMENT" BaseStatus="1310"
    BaseTransactionKey="INCLUDE_IN_CHAINED_ORDER"
    Createprogid="XMLMigrator" Createts="2020-02-19T13:26:50+00:00"
    Createuserid="SYSTEM" IsMandatory="" Lockid="0"
    Modifyprogid="XMLMigrator" Modifyts="2020-02-19T13:26:50+00:00"
    Modifyuserid="SYSTEM" Type="01"/>
<BasePickupDropSts BasePickupDropStsKey="CHAIN_05"
    BaseProcessTypeKey="ORDER_FULFILLMENT" BaseStatus="1260"
    BaseTransactionKey="INCLUDE_IN_CHAINED_ORDER"
    Createprogid="XMLMigrator" Createts="2020-02-19T13:26:50+00:00"
    Createuserid="SYSTEM" IsMandatory="" Lockid="0"
    Modifyprogid="XMLMigrator" Modifyts="2020-02-19T13:26:50+00:00"
    Modifyuserid="SYSTEM" Type="01"/>
<BasePickupDropSts BasePickupDropStsKey="CHAIN_06"
    BaseProcessTypeKey="ORDER_FULFILLMENT" BaseStatus="2100"
    BaseTransactionKey="INCLUDE_IN_CHAINED_ORDER"
    Createprogid="XMLMigrator" Createts="2020-02-19T13:26:50+00:00"
    Createuserid="SYSTEM" IsMandatory="Y" Lockid="0"
    Modifyprogid="XMLMigrator" Modifyts="2020-02-19T13:26:50+00:00"
    Modifyuserid="SYSTEM" Type="02"/>
<BasePickupDropSts BasePickupDropStsKey="CREATE_ORDER_INVOICE_01"
    BaseProcessTypeKey="ORDER_FULFILLMENT" BaseStatus="1100"
    BaseTransactionKey="CREATE_ORDER_INVOICE" Createprogid="XMLMigrator"
    Createts="2020-02-19T13:26:50+00:00" Createuserid="SYSTEM"
    IsMandatory="" Lockid="0" Modifyprogid="XMLMigrator"
    Modifyts="2020-02-19T13:26:50+00:00" Modifyuserid="SYSTEM" Type="03"/>
<BasePickupDropSts BasePickupDropStsKey="CREATE_ORDER_INVOICE_02"
    BaseProcessTypeKey="ORDER_FULFILLMENT" BaseStatus="1200"
    BaseTransactionKey="CREATE_ORDER_INVOICE" Createprogid="XMLMigrator"
    Createts="2020-02-19T13:26:50+00:00" Createuserid="SYSTEM"
    IsMandatory="" Lockid="0" Modifyprogid="XMLMigrator"
    Modifyts="2020-02-19T13:26:50+00:00" Modifyuserid="SYSTEM" Type="03"/>
<BasePickupDropSts BasePickupDropStsKey="CREATE_ORDER_INVOICE_03"
    BaseProcessTypeKey="ORDER_FULFILLMENT" BaseStatus="1260"
    BaseTransactionKey="CREATE_ORDER_INVOICE" Createprogid="XMLMigrator"
    Createts="2020-02-19T13:26:50+00:00" Createuserid="SYSTEM"
    IsMandatory="" Lockid="0" Modifyprogid="XMLMigrator"
    Modifyts="2020-02-19T13:26:50+00:00" Modifyuserid="SYSTEM" Type="03"/>
<BasePickupDropSts BasePickupDropStsKey="CREATE_ORDER_INVOICE_04"
    BaseProcessTypeKey="ORDER_FULFILLMENT" BaseStatus="1300"
    BaseTransactionKey="CREATE_ORDER_INVOICE" Createprogid="XMLMigrator"
    Createts="2020-02-19T13:26:50+00:00" Createuserid="SYSTEM"
    IsMandatory="" Lockid="0" Modifyprogid="XMLMigrator"
    Modifyts="2020-02-19T13:26:50+00:00" Modifyuserid="SYSTEM" Type="03"/>
<BasePickupDropSts BasePickupDropStsKey="CREATE_ORDER_INVOICE_05"
    BaseProcessTypeKey="ORDER_FULFILLMENT" BaseStatus="1310"
    BaseTransactionKey="CREATE_ORDER_INVOICE" Createprogid="XMLMigrator"
    Createts="2020-02-19T13:26:50+00:00" Createuserid="SYSTEM"
    IsMandatory="" Lockid="0" Modifyprogid="XMLMigrator"
    Modifyts="2020-02-19T13:26:50+00:00" Modifyuserid="SYSTEM" Type="03"/>
<BasePickupDropSts BasePickupDropStsKey="CREATE_ORDER_INVOICE_06"
    BaseProcessTypeKey="ORDER_FULFILLMENT" BaseStatus="1500"
    BaseTransactionKey="CREATE_ORDER_INVOICE" Createprogid="XMLMigrator"
    Createts="2020-02-19T13:26:50+00:00" Createuserid="SYSTEM"
    IsMandatory="" Lockid="0" Modifyprogid="XMLMigrator"
    Modifyts="2020-02-19T13:26:50+00:00" Modifyuserid="SYSTEM" Type="03"/>
<BasePickupDropSts BasePickupDropStsKey="CREATE_ORDER_INVOICE_07"
    BaseProcessTypeKey="ORDER_FULFILLMENT" BaseStatus="1600"
    BaseTransactionKey="CREATE_ORDER_INVOICE" Createprogid="XMLMigrator"
    Createts="2020-02-19T13:26:50+00:00" Createuserid="SYSTEM"
    IsMandatory="" Lockid="0" Modifyprogid="XMLMigrator"
    Modifyts="2020-02-19T13:26:50+00:00" Modifyuserid="SYSTEM" Type="03"/>
<BasePickupDropSts BasePickupDropStsKey="CREATE_ORDER_INVOICE_08"
    BaseProcessTypeKey="ORDER_FULFILLMENT" BaseStatus="2100"
    BaseTransactionKey="CREATE_ORDER_INVOICE" Createprogid="XMLMigrator"
    Createts="2020-02-19T13:26:50+00:00" Createuserid="SYSTEM"
    IsMandatory="" Lockid="0" Modifyprogid="XMLMigrator"
    Modifyts="2020-02-19T13:26:50+00:00" Modifyuserid="SYSTEM" Type="03"/>
<BasePickupDropSts BasePickupDropStsKey="CREATE_ORDER_INVOICE_09"
    BaseProcessTypeKey="ORDER_FULFILLMENT" BaseStatus="3200"
    BaseTransactionKey="CREATE_ORDER_INVOICE" Createprogid="XMLMigrator"
    Createts="2020-02-19T13:26:50+00:00" Createuserid="SYSTEM"
    IsMandatory="" Lockid="0" Modifyprogid="XMLMigrator"
    Modifyts="2020-02-19T13:26:50+00:00" Modifyuserid="SYSTEM" Type="03"/>
<BasePickupDropSts BasePickupDropStsKey="CREATE_ORDER_INVOICE_10"
    BaseProcessTypeKey="ORDER_FULFILLMENT" BaseStatus="3300"
    BaseTransactionKey="CREATE_ORDER_INVOICE" Createprogid="XMLMigrator"
    Createts="2020-02-19T13:26:50+00:00" Createuserid="SYSTEM"
    IsMandatory="" Lockid="0" Modifyprogid="XMLMigrator"
    Modifyts="2020-02-19T13:26:50+00:00" Modifyuserid="SYSTEM" Type="03"/>
<BasePickupDropSts BasePickupDropStsKey="CREATE_ORDER_INVOICE_11"
    BaseProcessTypeKey="ORDER_FULFILLMENT" BaseStatus="3350"
    BaseTransactionKey="CREATE_ORDER_INVOICE" Createprogid="XMLMigrator"
    Createts="2020-02-19T13:26:50+00:00" Createuserid="SYSTEM"
    IsMandatory="" Lockid="0" Modifyprogid="XMLMigrator"
    Modifyts="2020-02-19T13:26:50+00:00" Modifyuserid="SYSTEM" Type="03"/>
<BasePickupDropSts BasePickupDropStsKey="CREATE_ORDER_INVOICE_12"
    BaseProcessTypeKey="ORDER_FULFILLMENT" BaseStatus="3700"
    BaseTransactionKey="CREATE_ORDER_INVOICE" Createprogid="XMLMigrator"
    Createts="2020-02-19T13:26:50+00:00" Createuserid="SYSTEM"
    IsMandatory="" Lockid="0" Modifyprogid="XMLMigrator"
    Modifyts="2020-02-19T13:26:50+00:00" Modifyuserid="SYSTEM" Type="03"/>
<BasePickupDropSts BasePickupDropStsKey="CREATE_ORDER_INVOICE_13"
    BaseProcessTypeKey="ORDER_FULFILLMENT" BaseStatus="3900"
    BaseTransactionKey="CREATE_ORDER_INVOICE" Createprogid="XMLMigrator"
    Createts="2020-02-19T13:26:50+00:00" Createuserid="SYSTEM"
    IsMandatory="" Lockid="0" Modifyprogid="XMLMigrator"
    Modifyts="2020-02-19T13:26:50+00:00" Modifyuserid="SYSTEM" Type="03"/>
<BasePickupDropSts BasePickupDropStsKey="CREATE_ORDER_INVOICE_14"
    BaseProcessTypeKey="ORDER_FULFILLMENT" BaseStatus="3950"
    BaseTransactionKey="CREATE_ORDER_INVOICE" Createprogid="XMLMigrator"
    Createts="2020-02-19T13:26:50+00:00" Createuserid="SYSTEM"
    IsMandatory="" Lockid="0" Modifyprogid="XMLMigrator"
    Modifyts="2020-02-19T13:26:50+00:00" Modifyuserid="SYSTEM" Type="03"/>
<BasePickupDropSts BasePickupDropStsKey="CREATE_ORDER_INVOICE_15"
    BaseProcessTypeKey="ORDER_FULFILLMENT" BaseStatus="2140"
    BaseTransactionKey="CREATE_ORDER_INVOICE" Createprogid="XMLMigrator"
    Createts="2020-02-19T13:26:50+00:00" Createuserid="SYSTEM"
    IsMandatory="" Lockid="0" Modifyprogid="XMLMigrator"
    Modifyts="2020-02-19T13:26:50+00:00" Modifyuserid="SYSTEM" Type="03"/>
<BasePickupDropSts BasePickupDropStsKey="CREATE_SHIP_INVOICE_01"
    BaseProcessTypeKey="ORDER_DELIVERY" BaseStatus="1400"
    BaseTransactionKey="CREATE_SHIPMENT_INVOICE"
    Createprogid="XMLMigrator" Createts="2020-02-19T13:26:50+00:00"
    Createuserid="SYSTEM" IsMandatory="" Lockid="0"
    Modifyprogid="XMLMigrator" Modifyts="2020-02-19T13:26:50+00:00"
    Modifyuserid="SYSTEM" Type="03"/>
<BasePickupDropSts BasePickupDropStsKey="CREATE_SHIP_INVOICE_02"
    BaseProcessTypeKey="ORDER_DELIVERY" BaseStatus="1500"
    BaseTransactionKey="CREATE_SHIPMENT_INVOICE"
    Createprogid="XMLMigrator" Createts="2020-02-19T13:26:50+00:00"
    Createuserid="SYSTEM" IsMandatory="" Lockid="0"
    Modifyprogid="XMLMigrator" Modifyts="2020-02-19T13:26:50+00:00"
    Modifyuserid="SYSTEM" Type="03"/>
<BasePickupDropSts BasePickupDropStsKey="CREATE_SHIP_INVOICE_03"
    BaseProcessTypeKey="ORDER_DELIVERY" BaseStatus="1600"
    BaseTransactionKey="CREATE_SHIPMENT_INVOICE"
    Createprogid="XMLMigrator" Createts="2020-02-19T13:26:50+00:00"
    Createuserid="SYSTEM" IsMandatory="" Lockid="0"
    Modifyprogid="XMLMigrator" Modifyts="2020-02-19T13:26:50+00:00"
    Modifyuserid="SYSTEM" Type="03"/>
<BasePickupDropSts BasePickupDropStsKey="CREATE_SHIP_INVOICE_04"
    BaseProcessTypeKey="ORDER_DELIVERY" BaseStatus="1100"
    BaseTransactionKey="CREATE_SHIPMENT_INVOICE"
    Createprogid="XMLMigrator" Createts="2020-02-19T13:26:50+00:00"
    Createuserid="SYSTEM" IsMandatory="" Lockid="0"
    Modifyprogid="XMLMigrator" Modifyts="2020-02-19T13:26:50+00:00"
    Modifyuserid="SYSTEM" Type="03"/>
<BasePickupDropSts BasePickupDropStsKey="CREATE_SHIP_INVOICE_05"
    BaseProcessTypeKey="ORDER_DELIVERY" BaseStatus="1200"
    BaseTransactionKey="CREATE_SHIPMENT_INVOICE"
    Createprogid="XMLMigrator" Createts="2020-02-19T13:26:50+00:00"
    Createuserid="SYSTEM" IsMandatory="" Lockid="0"
    Modifyprogid="XMLMigrator" Modifyts="2020-02-19T13:26:50+00:00"
    Modifyuserid="SYSTEM" Type="03"/>
<BasePickupDropSts BasePickupDropStsKey="CREATE_SHIP_INVOICE_06"
    BaseProcessTypeKey="ORDER_DELIVERY" BaseStatus="1300"
    BaseTransactionKey="CREATE_SHIPMENT_INVOICE"
    Createprogid="XMLMigrator" Createts="2020-02-19T13:26:50+00:00"
    Createuserid="SYSTEM" IsMandatory="" Lockid="0"
    Modifyprogid="XMLMigrator" Modifyts="2020-02-19T13:26:50+00:00"
    Modifyuserid="SYSTEM" Type="03"/>
<BasePickupDropSts BasePickupDropStsKey="ORDER_RELEASE_CHANGE_1"
    BaseProcessTypeKey="ORDER_FULFILLMENT" BaseStatus="1300"
    BaseTransactionKey="ORDER_RELEASE_CHANGE" Createprogid="XMLMigrator"
    Createts="2020-02-19T13:26:50+00:00" Createuserid="SYSTEM"
    IsMandatory="Y" Lockid="0" Modifyprogid="XMLMigrator"
    Modifyts="2020-02-19T13:26:50+00:00" Modifyuserid="SYSTEM" Type="02"/>
<BasePickupDropSts BasePickupDropStsKey="ORDER_RELEASE_CHANGE_2"
    BaseProcessTypeKey="ORDER_FULFILLMENT" BaseStatus="9000"
    BaseTransactionKey="ORDER_RELEASE_CHANGE" Createprogid="XMLMigrator"
    Createts="2020-02-19T13:26:50+00:00" Createuserid="SYSTEM"
    IsMandatory="Y" Lockid="0" Modifyprogid="XMLMigrator"
    Modifyts="2020-02-19T13:26:50+00:00" Modifyuserid="SYSTEM" Type="02"/>
<BasePickupDropSts BasePickupDropStsKey="PACK_04"
    BaseProcessTypeKey="PACK" BaseStatus="1300"
    BaseTransactionKey="INCLUDE_IN_INV_CONTAINER"
    Createprogid="XMLMigrator" Createts="2020-02-19T13:26:50+00:00"
    Createuserid="SYSTEM" IsMandatory="" Lockid="0"
    Modifyprogid="XMLMigrator" Modifyts="2020-02-19T13:26:50+00:00"
    Modifyuserid="SYSTEM" Type="01"/>
<BasePickupDropSts BasePickupDropStsKey="PACK_06"
    BaseProcessTypeKey="PACK" BaseStatus="1300"
    BaseTransactionKey="INCLUDE_IN_SHP_CONTAINER"
    Createprogid="XMLMigrator" Createts="2020-02-19T13:26:50+00:00"
    Createuserid="SYSTEM" IsMandatory="" Lockid="0"
    Modifyprogid="XMLMigrator" Modifyts="2020-02-19T13:26:50+00:00"
    Modifyuserid="SYSTEM" Type="01"/>
<BasePickupDropSts BasePickupDropStsKey="ROUTING_01"
    BaseProcessTypeKey="ORDER_DELIVERY" BaseStatus="1100"
    BaseTransactionKey="ROUTING" Createprogid="XMLMigrator"
    Createts="2020-02-19T13:26:50+00:00" Createuserid="SYSTEM"
    IsMandatory="" Lockid="0" Modifyprogid="XMLMigrator"
    Modifyts="2020-02-19T13:26:50+00:00" Modifyuserid="SYSTEM" Type="01"/>
<BasePickupDropSts BasePickupDropStsKey="VOID_ORDER_INVOICE_01"
    BaseProcessTypeKey="ORDER_FULFILLMENT" BaseStatus="1100"
    BaseTransactionKey="VOID_ORDER_INVOICE" Createprogid="XMLMigrator"
    Createts="2020-02-19T13:26:50+00:00" Createuserid="SYSTEM"
    IsMandatory="" Lockid="0" Modifyprogid="XMLMigrator"
    Modifyts="2020-02-19T13:26:50+00:00" Modifyuserid="SYSTEM" Type="03"/>
<BasePickupDropSts BasePickupDropStsKey="VOID_ORDER_INVOICE_02"
    BaseProcessTypeKey="ORDER_FULFILLMENT" BaseStatus="1200"
    BaseTransactionKey="VOID_ORDER_INVOICE" Createprogid="XMLMigrator"
    Createts="2020-02-19T13:26:50+00:00" Createuserid="SYSTEM"
    IsMandatory="" Lockid="0" Modifyprogid="XMLMigrator"
    Modifyts="2020-02-19T13:26:50+00:00" Modifyuserid="SYSTEM" Type="03"/>
<BasePickupDropSts BasePickupDropStsKey="VOID_ORDER_INVOICE_03"
    BaseProcessTypeKey="ORDER_FULFILLMENT" BaseStatus="1260"
    BaseTransactionKey="VOID_ORDER_INVOICE" Createprogid="XMLMigrator"
    Createts="2020-02-19T13:26:50+00:00" Createuserid="SYSTEM"
    IsMandatory="" Lockid="0" Modifyprogid="XMLMigrator"
    Modifyts="2020-02-19T13:26:50+00:00" Modifyuserid="SYSTEM" Type="03"/>
<BasePickupDropSts BasePickupDropStsKey="VOID_ORDER_INVOICE_04"
    BaseProcessTypeKey="ORDER_FULFILLMENT" BaseStatus="1300"
    BaseTransactionKey="VOID_ORDER_INVOICE" Createprogid="XMLMigrator"
    Createts="2020-02-19T13:26:50+00:00" Createuserid="SYSTEM"
    IsMandatory="" Lockid="0" Modifyprogid="XMLMigrator"
    Modifyts="2020-02-19T13:26:50+00:00" Modifyuserid="SYSTEM" Type="03"/>
<BasePickupDropSts BasePickupDropStsKey="VOID_ORDER_INVOICE_05"
    BaseProcessTypeKey="ORDER_FULFILLMENT" BaseStatus="1310"
    BaseTransactionKey="VOID_ORDER_INVOICE" Createprogid="XMLMigrator"
    Createts="2020-02-19T13:26:50+00:00" Createuserid="SYSTEM"
    IsMandatory="" Lockid="0" Modifyprogid="XMLMigrator"
    Modifyts="2020-02-19T13:26:50+00:00" Modifyuserid="SYSTEM" Type="03"/>
<BasePickupDropSts BasePickupDropStsKey="VOID_ORDER_INVOICE_06"
    BaseProcessTypeKey="ORDER_FULFILLMENT" BaseStatus="1500"
    BaseTransactionKey="VOID_ORDER_INVOICE" Createprogid="XMLMigrator"
    Createts="2020-02-19T13:26:50+00:00" Createuserid="SYSTEM"
    IsMandatory="" Lockid="0" Modifyprogid="XMLMigrator"
    Modifyts="2020-02-19T13:26:50+00:00" Modifyuserid="SYSTEM" Type="03"/>
<BasePickupDropSts BasePickupDropStsKey="VOID_ORDER_INVOICE_07"
    BaseProcessTypeKey="ORDER_FULFILLMENT" BaseStatus="1600"
    BaseTransactionKey="VOID_ORDER_INVOICE" Createprogid="XMLMigrator"
    Createts="2020-02-19T13:26:50+00:00" Createuserid="SYSTEM"
    IsMandatory="" Lockid="0" Modifyprogid="XMLMigrator"
    Modifyts="2020-02-19T13:26:50+00:00" Modifyuserid="SYSTEM" Type="03"/>
<BasePickupDropSts BasePickupDropStsKey="VOID_ORDER_INVOICE_08"
    BaseProcessTypeKey="ORDER_FULFILLMENT" BaseStatus="2100"
    BaseTransactionKey="VOID_ORDER_INVOICE" Createprogid="XMLMigrator"
    Createts="2020-02-19T13:26:50+00:00" Createuserid="SYSTEM"
    IsMandatory="" Lockid="0" Modifyprogid="XMLMigrator"
    Modifyts="2020-02-19T13:26:50+00:00" Modifyuserid="SYSTEM" Type="03"/>
<BasePickupDropSts BasePickupDropStsKey="VOID_ORDER_INVOICE_09"
    BaseProcessTypeKey="ORDER_FULFILLMENT" BaseStatus="3200"
    BaseTransactionKey="VOID_ORDER_INVOICE" Createprogid="XMLMigrator"
    Createts="2020-02-19T13:26:50+00:00" Createuserid="SYSTEM"
    IsMandatory="" Lockid="0" Modifyprogid="XMLMigrator"
    Modifyts="2020-02-19T13:26:50+00:00" Modifyuserid="SYSTEM" Type="03"/>
<BasePickupDropSts BasePickupDropStsKey="VOID_ORDER_INVOICE_10"
    BaseProcessTypeKey="ORDER_FULFILLMENT" BaseStatus="3300"
    BaseTransactionKey="VOID_ORDER_INVOICE" Createprogid="XMLMigrator"
    Createts="2020-02-19T13:26:50+00:00" Createuserid="SYSTEM"
    IsMandatory="" Lockid="0" Modifyprogid="XMLMigrator"
    Modifyts="2020-02-19T13:26:50+00:00" Modifyuserid="SYSTEM" Type="03"/>
<BasePickupDropSts BasePickupDropStsKey="VOID_ORDER_INVOICE_11"
    BaseProcessTypeKey="ORDER_FULFILLMENT" BaseStatus="3350"
    BaseTransactionKey="VOID_ORDER_INVOICE" Createprogid="XMLMigrator"
    Createts="2020-02-19T13:26:50+00:00" Createuserid="SYSTEM"
    IsMandatory="" Lockid="0" Modifyprogid="XMLMigrator"
    Modifyts="2020-02-19T13:26:50+00:00" Modifyuserid="SYSTEM" Type="03"/>
<BasePickupDropSts BasePickupDropStsKey="VOID_ORDER_INVOICE_12"
    BaseProcessTypeKey="ORDER_FULFILLMENT" BaseStatus="3700"
    BaseTransactionKey="VOID_ORDER_INVOICE" Createprogid="XMLMigrator"
    Createts="2020-02-19T13:26:50+00:00" Createuserid="SYSTEM"
    IsMandatory="" Lockid="0" Modifyprogid="XMLMigrator"
    Modifyts="2020-02-19T13:26:50+00:00" Modifyuserid="SYSTEM" Type="03"/>
<BasePickupDropSts BasePickupDropStsKey="VOID_ORDER_INVOICE_13"
    BaseProcessTypeKey="ORDER_FULFILLMENT" BaseStatus="3900"
    BaseTransactionKey="VOID_ORDER_INVOICE" Createprogid="XMLMigrator"
    Createts="2020-02-19T13:26:50+00:00" Createuserid="SYSTEM"
    IsMandatory="" Lockid="0" Modifyprogid="XMLMigrator"
    Modifyts="2020-02-19T13:26:50+00:00" Modifyuserid="SYSTEM" Type="03"/>
<BasePickupDropSts BasePickupDropStsKey="VOID_ORDER_INVOICE_14"
    BaseProcessTypeKey="ORDER_FULFILLMENT" BaseStatus="3950"
    BaseTransactionKey="VOID_ORDER_INVOICE" Createprogid="XMLMigrator"
    Createts="2020-02-19T13:26:50+00:00" Createuserid="SYSTEM"
    IsMandatory="" Lockid="0" Modifyprogid="XMLMigrator"
    Modifyts="2020-02-19T13:26:50+00:00" Modifyuserid="SYSTEM" Type="03"/>
<BasePickupDropSts BasePickupDropStsKey="VOID_ORDER_INVOICE_15"
    BaseProcessTypeKey="ORDER_FULFILLMENT" BaseStatus="2140"
    BaseTransactionKey="VOID_ORDER_INVOICE" Createprogid="XMLMigrator"
    Createts="2020-02-19T13:26:50+00:00" Createuserid="SYSTEM"
    IsMandatory="" Lockid="0" Modifyprogid="XMLMigrator"
    Modifyts="2020-02-19T13:26:50+00:00" Modifyuserid="SYSTEM" Type="03"/>
<BasePickupDropSts BasePickupDropStsKey="VOID_SHIPMENT_INVOICE_01"
    BaseProcessTypeKey="ORDER_DELIVERY" BaseStatus="1100"
    BaseTransactionKey="VOID_SHIPMENT_INVOICE"
    Createprogid="XMLMigrator" Createts="2020-02-19T13:26:50+00:00"
    Createuserid="SYSTEM" IsMandatory="" Lockid="0"
    Modifyprogid="XMLMigrator" Modifyts="2020-02-19T13:26:50+00:00"
    Modifyuserid="SYSTEM" Type="03"/>
<BasePickupDropSts BasePickupDropStsKey="VOID_SHIPMENT_INVOICE_02"
    BaseProcessTypeKey="ORDER_DELIVERY" BaseStatus="1200"
    BaseTransactionKey="VOID_SHIPMENT_INVOICE"
    Createprogid="XMLMigrator" Createts="2020-02-19T13:26:50+00:00"
    Createuserid="SYSTEM" IsMandatory="" Lockid="0"
    Modifyprogid="XMLMigrator" Modifyts="2020-02-19T13:26:50+00:00"
    Modifyuserid="SYSTEM" Type="03"/>
<BasePickupDropSts BasePickupDropStsKey="VOID_SHIPMENT_INVOICE_03"
    BaseProcessTypeKey="ORDER_DELIVERY" BaseStatus="1300"
    BaseTransactionKey="VOID_SHIPMENT_INVOICE"
    Createprogid="XMLMigrator" Createts="2020-02-19T13:26:50+00:00"
    Createuserid="SYSTEM" IsMandatory="" Lockid="0"
    Modifyprogid="XMLMigrator" Modifyts="2020-02-19T13:26:50+00:00"
    Modifyuserid="SYSTEM" Type="03"/>
<BasePickupDropSts BasePickupDropStsKey="VOID_SHIPMENT_INVOICE_04"
    BaseProcessTypeKey="ORDER_DELIVERY" BaseStatus="1400"
    BaseTransactionKey="VOID_SHIPMENT_INVOICE"
    Createprogid="XMLMigrator" Createts="2020-02-19T13:26:50+00:00"
    Createuserid="SYSTEM" IsMandatory="" Lockid="0"
    Modifyprogid="XMLMigrator" Modifyts="2020-02-19T13:26:50+00:00"
    Modifyuserid="SYSTEM" Type="03"/>
<BasePickupDropSts BasePickupDropStsKey="VOID_SHIPMENT_INVOICE_05"
    BaseProcessTypeKey="ORDER_DELIVERY" BaseStatus="1500"
    BaseTransactionKey="VOID_SHIPMENT_INVOICE"
    Createprogid="XMLMigrator" Createts="2020-02-19T13:26:50+00:00"
    Createuserid="SYSTEM" IsMandatory="" Lockid="0"
    Modifyprogid="XMLMigrator" Modifyts="2020-02-19T13:26:50+00:00"
    Modifyuserid="SYSTEM" Type="03"/>
<BasePickupDropSts BasePickupDropStsKey="VOID_SHIPMENT_INVOICE_06"
    BaseProcessTypeKey="ORDER_DELIVERY" BaseStatus="1600"
    BaseTransactionKey="VOID_SHIPMENT_INVOICE"
    Createprogid="XMLMigrator" Createts="2020-02-19T13:26:50+00:00"
    Createuserid="SYSTEM" IsMandatory="" Lockid="0"
    Modifyprogid="XMLMigrator" Modifyts="2020-02-19T13:26:50+00:00"
    Modifyuserid="SYSTEM" Type="03"/>
</YFS_BASE_PICKUP_DROP_STSList>