<?xml version="1.0" encoding="UTF-8"?>
<YFS_USER_GROUP_LISTList TableName="YFS_USER_GROUP_LIST" TotalNumberOfRecords="97">
<UserGroupList Createprogid="XMLMigrator"
    Createts="2020-04-22T16:55:00+00:00" Createuserid="SYSTEM"
    Lockid="0" Modifyprogid="XMLMigrator"
    Modifyts="2020-04-22T16:55:00+00:00" Modifyuserid="SYSTEM"
    UserGroupListKey="20120119125419569248"
    UserKey="20120119125419569245" UsergroupKey="20120119125225569235"/>
<UserGroupList Createprogid="XMLMigrator"
    Createts="2020-02-19T13:34:13+00:00" Createuserid="SYSTEM"
    Lockid="0" Modifyprogid="XMLMigrator"
    Modifyts="2020-02-19T13:34:13+00:00" Modifyuserid="SYSTEM"
    UserGroupListKey="2020021913341323667" UserKey="SYSTEM_USER" UsergroupKey="PRICING_USERS"/>
<UserGroupList Createprogid="XMLMigrator"
    Createts="2020-02-19T13:34:13+00:00" Createuserid="SYSTEM"
    Lockid="0" Modifyprogid="XMLMigrator"
    Modifyts="2020-02-19T13:34:13+00:00" Modifyuserid="SYSTEM"
    UserGroupListKey="2020021913341323668" UserKey="SYSTEM_USER" UsergroupKey="CATALOG_USERS"/>
<UserGroupList Createprogid="XMLMigrator"
    Createts="2020-02-19T13:34:13+00:00" Createuserid="SYSTEM"
    Lockid="0" Modifyprogid="XMLMigrator"
    Modifyts="2020-02-19T13:34:13+00:00" Modifyuserid="SYSTEM"
    UserGroupListKey="2020021913341323669" UserKey="SYSTEM_USER" UsergroupKey="CUSTOMER_USERS"/>
<UserGroupList Createprogid="XMLMigrator"
    Createts="2020-02-19T13:34:13+00:00" Createuserid="SYSTEM"
    Lockid="0" Modifyprogid="XMLMigrator"
    Modifyts="2020-02-19T13:34:13+00:00" Modifyuserid="SYSTEM"
    UserGroupListKey="2020021913341323670" UserKey="SYSTEM_USER" UsergroupKey="SYSTEM_SETUP_USERS"/>
<UserGroupList Createprogid="XMLMigrator"
    Createts="2020-02-19T13:34:13+00:00" Createuserid="SYSTEM"
    Lockid="0" Modifyprogid="XMLMigrator"
    Modifyts="2020-02-19T13:34:13+00:00" Modifyuserid="SYSTEM"
    UserGroupListKey="2020021913341323671" UserKey="SYSTEM_USER" UsergroupKey="INVENTORY_USERS"/>
<UserGroupList Createprogid="XMLMigrator"
    Createts="2020-02-19T13:35:59+00:00" Createuserid="SYSTEM"
    Lockid="0" Modifyprogid="XMLMigrator"
    Modifyts="2020-02-19T13:35:59+00:00" Modifyuserid="SYSTEM"
    UserGroupListKey="2020021913355925022" UserKey="SYSTEM_USER" UsergroupKey="FIELD_SALES_REP_GROUP"/>
<UserGroupList Createprogid=".YEntityServlet"
    Createts="2020-03-09T11:34:29+00:00" Createuserid="admin" Lockid="0"
    Modifyprogid=".YEntityServlet" Modifyts="2020-03-09T11:34:29+00:00"
    Modifyuserid="admin" UserGroupListKey="2020030911342929066"
    UserKey="2020030911342929063" UsergroupKey="IS_STORE_GROUP"/>
<UserGroupList Createprogid=".YEntityServlet"
    Createts="2020-03-09T11:34:29+00:00" Createuserid="admin" Lockid="0"
    Modifyprogid=".YEntityServlet" Modifyts="2020-03-09T11:34:29+00:00"
    Modifyuserid="admin" UserGroupListKey="2020030911342929068"
    UserKey="2020030911342929063" UsergroupKey="SOP-CSR-KEY"/>
<UserGroupList Createprogid=".YEntityServlet"
    Createts="2020-03-09T11:34:29+00:00" Createuserid="admin" Lockid="0"
    Modifyprogid=".YEntityServlet" Modifyts="2020-03-09T11:34:29+00:00"
    Modifyuserid="admin" UserGroupListKey="2020030911342929070"
    UserKey="2020030911342929063" UsergroupKey="SOP-MANAGER-KEY"/>
<UserGroupList Createprogid="XMLMigrator"
    Createts="2020-04-10T08:19:36+00:00" Createuserid="SYSTEM"
    Lockid="0" Modifyprogid="XMLMigrator"
    Modifyts="2020-04-10T08:19:36+00:00" Modifyuserid="SYSTEM"
    UserGroupListKey="2020041008193634634" UserKey="2020041008193634631" UsergroupKey="CATALOG_USERS"/>
<UserGroupList Createprogid="XMLMigrator"
    Createts="2020-04-10T08:19:36+00:00" Createuserid="SYSTEM"
    Lockid="0" Modifyprogid="XMLMigrator"
    Modifyts="2020-04-10T08:19:36+00:00" Modifyuserid="SYSTEM"
    UserGroupListKey="2020041008193634636" UserKey="2020041008193634631" UsergroupKey="CUSTOMER_USERS"/>
<UserGroupList Createprogid="XMLMigrator"
    Createts="2020-04-10T08:19:36+00:00" Createuserid="SYSTEM"
    Lockid="0" Modifyprogid="XMLMigrator"
    Modifyts="2020-04-10T08:19:36+00:00" Modifyuserid="SYSTEM"
    UserGroupListKey="2020041008193634638" UserKey="2020041008193634631" UsergroupKey="FIELD_SALES_REP_GROUP"/>
<UserGroupList Createprogid="XMLMigrator"
    Createts="2020-04-10T08:19:36+00:00" Createuserid="SYSTEM"
    Lockid="0" Modifyprogid="XMLMigrator"
    Modifyts="2020-04-10T08:19:36+00:00" Modifyuserid="SYSTEM"
    UserGroupListKey="2020041008193634640" UserKey="2020041008193634631" UsergroupKey="INVENTORY_USERS"/>
<UserGroupList Createprogid="XMLMigrator"
    Createts="2020-04-10T08:19:36+00:00" Createuserid="SYSTEM"
    Lockid="0" Modifyprogid="XMLMigrator"
    Modifyts="2020-04-10T08:19:36+00:00" Modifyuserid="SYSTEM"
    UserGroupListKey="2020041008193634642" UserKey="2020041008193634631" UsergroupKey="PRICING_USERS"/>
<UserGroupList Createprogid="SYSTEM"
    Createts="2020-04-10T08:19:36+00:00" Createuserid="SYSTEM"
    Lockid="0" Modifyprogid="SYSTEM"
    Modifyts="2020-04-10T08:19:36+00:00" Modifyuserid="SYSTEM"
    UserGroupListKey="2020041008193634644" UserKey="2020041008193634631" UsergroupKey="SYSTEM"/>
<UserGroupList Createprogid="XMLMigrator"
    Createts="2020-04-10T08:19:36+00:00" Createuserid="SYSTEM"
    Lockid="0" Modifyprogid="XMLMigrator"
    Modifyts="2020-04-10T08:19:36+00:00" Modifyuserid="SYSTEM"
    UserGroupListKey="2020041008193634646" UserKey="2020041008193634631" UsergroupKey="SYSTEM_SETUP_USERS"/>
<UserGroupList Createprogid="XMLMigrator"
    Createts="2020-04-10T08:21:38+00:00" Createuserid="SYSTEM"
    Lockid="0" Modifyprogid="XMLMigrator"
    Modifyts="2020-04-10T08:21:38+00:00" Modifyuserid="SYSTEM"
    UserGroupListKey="2020041008213834659" UserKey="2020041008213834656" UsergroupKey="CATALOG_USERS"/>
<UserGroupList Createprogid="XMLMigrator"
    Createts="2020-04-10T08:21:38+00:00" Createuserid="SYSTEM"
    Lockid="0" Modifyprogid="XMLMigrator"
    Modifyts="2020-04-10T08:21:38+00:00" Modifyuserid="SYSTEM"
    UserGroupListKey="2020041008213834661" UserKey="2020041008213834656" UsergroupKey="CUSTOMER_USERS"/>
<UserGroupList Createprogid="XMLMigrator"
    Createts="2020-04-10T08:21:38+00:00" Createuserid="SYSTEM"
    Lockid="0" Modifyprogid="XMLMigrator"
    Modifyts="2020-04-10T08:21:38+00:00" Modifyuserid="SYSTEM"
    UserGroupListKey="2020041008213834663" UserKey="2020041008213834656" UsergroupKey="FIELD_SALES_REP_GROUP"/>
<UserGroupList Createprogid="XMLMigrator"
    Createts="2020-04-10T08:21:38+00:00" Createuserid="SYSTEM"
    Lockid="0" Modifyprogid="XMLMigrator"
    Modifyts="2020-04-10T08:21:38+00:00" Modifyuserid="SYSTEM"
    UserGroupListKey="2020041008213834665" UserKey="2020041008213834656" UsergroupKey="INVENTORY_USERS"/>
<UserGroupList Createprogid="XMLMigrator"
    Createts="2020-04-10T08:21:38+00:00" Createuserid="SYSTEM"
    Lockid="0" Modifyprogid="XMLMigrator"
    Modifyts="2020-04-10T08:21:38+00:00" Modifyuserid="SYSTEM"
    UserGroupListKey="2020041008213834667" UserKey="2020041008213834656" UsergroupKey="PRICING_USERS"/>
<UserGroupList Createprogid="SYSTEM"
    Createts="2020-04-10T08:21:38+00:00" Createuserid="SYSTEM"
    Lockid="0" Modifyprogid="SYSTEM"
    Modifyts="2020-04-10T08:21:38+00:00" Modifyuserid="SYSTEM"
    UserGroupListKey="2020041008213834669" UserKey="2020041008213834656" UsergroupKey="SYSTEM"/>
<UserGroupList Createprogid="XMLMigrator"
    Createts="2020-04-10T08:21:38+00:00" Createuserid="SYSTEM"
    Lockid="0" Modifyprogid="XMLMigrator"
    Modifyts="2020-04-10T08:21:38+00:00" Modifyuserid="SYSTEM"
    UserGroupListKey="2020041008213834671" UserKey="2020041008213834656" UsergroupKey="SYSTEM_SETUP_USERS"/>
<UserGroupList Createprogid="XMLMigrator"
    Createts="2020-04-10T08:22:32+00:00" Createuserid="SYSTEM"
    Lockid="0" Modifyprogid="XMLMigrator"
    Modifyts="2020-04-10T08:22:32+00:00" Modifyuserid="SYSTEM"
    UserGroupListKey="2020041008223234676" UserKey="2020041008223234673" UsergroupKey="CATALOG_USERS"/>
<UserGroupList Createprogid="XMLMigrator"
    Createts="2020-04-10T08:22:32+00:00" Createuserid="SYSTEM"
    Lockid="0" Modifyprogid="XMLMigrator"
    Modifyts="2020-04-10T08:22:32+00:00" Modifyuserid="SYSTEM"
    UserGroupListKey="2020041008223234678" UserKey="2020041008223234673" UsergroupKey="CUSTOMER_USERS"/>
<UserGroupList Createprogid="XMLMigrator"
    Createts="2020-04-10T08:22:32+00:00" Createuserid="SYSTEM"
    Lockid="0" Modifyprogid="XMLMigrator"
    Modifyts="2020-04-10T08:22:32+00:00" Modifyuserid="SYSTEM"
    UserGroupListKey="2020041008223234680" UserKey="2020041008223234673" UsergroupKey="FIELD_SALES_REP_GROUP"/>
<UserGroupList Createprogid="XMLMigrator"
    Createts="2020-04-10T08:22:32+00:00" Createuserid="SYSTEM"
    Lockid="0" Modifyprogid="XMLMigrator"
    Modifyts="2020-04-10T08:22:32+00:00" Modifyuserid="SYSTEM"
    UserGroupListKey="2020041008223234682" UserKey="2020041008223234673" UsergroupKey="INVENTORY_USERS"/>
<UserGroupList Createprogid="XMLMigrator"
    Createts="2020-04-10T08:22:32+00:00" Createuserid="SYSTEM"
    Lockid="0" Modifyprogid="XMLMigrator"
    Modifyts="2020-04-10T08:22:32+00:00" Modifyuserid="SYSTEM"
    UserGroupListKey="2020041008223234684" UserKey="2020041008223234673" UsergroupKey="PRICING_USERS"/>
<UserGroupList Createprogid="SYSTEM"
    Createts="2020-04-10T08:22:32+00:00" Createuserid="SYSTEM"
    Lockid="0" Modifyprogid="SYSTEM"
    Modifyts="2020-04-10T08:22:32+00:00" Modifyuserid="SYSTEM"
    UserGroupListKey="2020041008223234686" UserKey="2020041008223234673" UsergroupKey="SYSTEM"/>
<UserGroupList Createprogid="XMLMigrator"
    Createts="2020-04-10T08:22:32+00:00" Createuserid="SYSTEM"
    Lockid="0" Modifyprogid="XMLMigrator"
    Modifyts="2020-04-10T08:22:32+00:00" Modifyuserid="SYSTEM"
    UserGroupListKey="2020041008223234688" UserKey="2020041008223234673" UsergroupKey="SYSTEM_SETUP_USERS"/>
<UserGroupList Createprogid="XMLMigrator"
    Createts="2020-04-10T08:23:50+00:00" Createuserid="SYSTEM"
    Lockid="0" Modifyprogid="XMLMigrator"
    Modifyts="2020-04-10T08:23:50+00:00" Modifyuserid="SYSTEM"
    UserGroupListKey="2020041008235034693" UserKey="2020041008235034690" UsergroupKey="CATALOG_USERS"/>
<UserGroupList Createprogid="XMLMigrator"
    Createts="2020-04-10T08:23:50+00:00" Createuserid="SYSTEM"
    Lockid="0" Modifyprogid="XMLMigrator"
    Modifyts="2020-04-10T08:23:50+00:00" Modifyuserid="SYSTEM"
    UserGroupListKey="2020041008235034695" UserKey="2020041008235034690" UsergroupKey="CUSTOMER_USERS"/>
<UserGroupList Createprogid="XMLMigrator"
    Createts="2020-04-10T08:23:50+00:00" Createuserid="SYSTEM"
    Lockid="0" Modifyprogid="XMLMigrator"
    Modifyts="2020-04-10T08:23:50+00:00" Modifyuserid="SYSTEM"
    UserGroupListKey="2020041008235034697" UserKey="2020041008235034690" UsergroupKey="FIELD_SALES_REP_GROUP"/>
<UserGroupList Createprogid="XMLMigrator"
    Createts="2020-04-10T08:23:50+00:00" Createuserid="SYSTEM"
    Lockid="0" Modifyprogid="XMLMigrator"
    Modifyts="2020-04-10T08:23:50+00:00" Modifyuserid="SYSTEM"
    UserGroupListKey="2020041008235034699" UserKey="2020041008235034690" UsergroupKey="INVENTORY_USERS"/>
<UserGroupList Createprogid="XMLMigrator"
    Createts="2020-04-10T08:23:50+00:00" Createuserid="SYSTEM"
    Lockid="0" Modifyprogid="XMLMigrator"
    Modifyts="2020-04-10T08:23:50+00:00" Modifyuserid="SYSTEM"
    UserGroupListKey="2020041008235034701" UserKey="2020041008235034690" UsergroupKey="PRICING_USERS"/>
<UserGroupList Createprogid="SYSTEM"
    Createts="2020-04-10T08:23:50+00:00" Createuserid="SYSTEM"
    Lockid="0" Modifyprogid="SYSTEM"
    Modifyts="2020-04-10T08:23:50+00:00" Modifyuserid="SYSTEM"
    UserGroupListKey="2020041008235034703" UserKey="2020041008235034690" UsergroupKey="SYSTEM"/>
<UserGroupList Createprogid="XMLMigrator"
    Createts="2020-04-10T08:23:50+00:00" Createuserid="SYSTEM"
    Lockid="0" Modifyprogid="XMLMigrator"
    Modifyts="2020-04-10T08:23:50+00:00" Modifyuserid="SYSTEM"
    UserGroupListKey="2020041008235034705" UserKey="2020041008235034690" UsergroupKey="SYSTEM_SETUP_USERS"/>
<UserGroupList Createprogid="XMLMigrator"
    Createts="2020-04-10T08:39:49+00:00" Createuserid="SYSTEM"
    Lockid="0" Modifyprogid="XMLMigrator"
    Modifyts="2020-04-10T08:39:49+00:00" Modifyuserid="SYSTEM"
    UserGroupListKey="2020041008394934737" UserKey="2020041008394934734" UsergroupKey="CATALOG_USERS"/>
<UserGroupList Createprogid="XMLMigrator"
    Createts="2020-04-10T08:39:49+00:00" Createuserid="SYSTEM"
    Lockid="0" Modifyprogid="XMLMigrator"
    Modifyts="2020-04-10T08:39:49+00:00" Modifyuserid="SYSTEM"
    UserGroupListKey="2020041008394934739" UserKey="2020041008394934734" UsergroupKey="CUSTOMER_USERS"/>
<UserGroupList Createprogid="XMLMigrator"
    Createts="2020-04-10T08:39:49+00:00" Createuserid="SYSTEM"
    Lockid="0" Modifyprogid="XMLMigrator"
    Modifyts="2020-04-10T08:39:49+00:00" Modifyuserid="SYSTEM"
    UserGroupListKey="2020041008394934741" UserKey="2020041008394934734" UsergroupKey="FIELD_SALES_REP_GROUP"/>
<UserGroupList Createprogid="XMLMigrator"
    Createts="2020-04-10T08:39:49+00:00" Createuserid="SYSTEM"
    Lockid="0" Modifyprogid="XMLMigrator"
    Modifyts="2020-04-10T08:39:49+00:00" Modifyuserid="SYSTEM"
    UserGroupListKey="2020041008394934743" UserKey="2020041008394934734" UsergroupKey="INVENTORY_USERS"/>
<UserGroupList Createprogid="XMLMigrator"
    Createts="2020-04-10T08:39:49+00:00" Createuserid="SYSTEM"
    Lockid="0" Modifyprogid="XMLMigrator"
    Modifyts="2020-04-10T08:39:49+00:00" Modifyuserid="SYSTEM"
    UserGroupListKey="2020041008394934745" UserKey="2020041008394934734" UsergroupKey="PRICING_USERS"/>
<UserGroupList Createprogid="SYSTEM"
    Createts="2020-04-10T08:39:49+00:00" Createuserid="SYSTEM"
    Lockid="0" Modifyprogid="SYSTEM"
    Modifyts="2020-04-10T08:39:49+00:00" Modifyuserid="SYSTEM"
    UserGroupListKey="2020041008394934747" UserKey="2020041008394934734" UsergroupKey="SYSTEM"/>
<UserGroupList Createprogid="XMLMigrator"
    Createts="2020-04-10T08:39:49+00:00" Createuserid="SYSTEM"
    Lockid="0" Modifyprogid="XMLMigrator"
    Modifyts="2020-04-10T08:39:49+00:00" Modifyuserid="SYSTEM"
    UserGroupListKey="2020041008394934749" UserKey="2020041008394934734" UsergroupKey="SYSTEM_SETUP_USERS"/>
<UserGroupList Createprogid="XMLMigrator"
    Createts="2020-04-10T08:41:31+00:00" Createuserid="SYSTEM"
    Lockid="0" Modifyprogid="XMLMigrator"
    Modifyts="2020-04-10T08:41:31+00:00" Modifyuserid="SYSTEM"
    UserGroupListKey="2020041008413134790" UserKey="2020041008413134787" UsergroupKey="CATALOG_USERS"/>
<UserGroupList Createprogid="XMLMigrator"
    Createts="2020-04-10T08:41:31+00:00" Createuserid="SYSTEM"
    Lockid="0" Modifyprogid="XMLMigrator"
    Modifyts="2020-04-10T08:41:31+00:00" Modifyuserid="SYSTEM"
    UserGroupListKey="2020041008413134792" UserKey="2020041008413134787" UsergroupKey="CUSTOMER_USERS"/>
<UserGroupList Createprogid="XMLMigrator"
    Createts="2020-04-10T08:41:31+00:00" Createuserid="SYSTEM"
    Lockid="0" Modifyprogid="XMLMigrator"
    Modifyts="2020-04-10T08:41:31+00:00" Modifyuserid="SYSTEM"
    UserGroupListKey="2020041008413134794" UserKey="2020041008413134787" UsergroupKey="FIELD_SALES_REP_GROUP"/>
<UserGroupList Createprogid="XMLMigrator"
    Createts="2020-04-10T08:41:31+00:00" Createuserid="SYSTEM"
    Lockid="0" Modifyprogid="XMLMigrator"
    Modifyts="2020-04-10T08:41:31+00:00" Modifyuserid="SYSTEM"
    UserGroupListKey="2020041008413134796" UserKey="2020041008413134787" UsergroupKey="INVENTORY_USERS"/>
<UserGroupList Createprogid="XMLMigrator"
    Createts="2020-04-10T08:41:31+00:00" Createuserid="SYSTEM"
    Lockid="0" Modifyprogid="XMLMigrator"
    Modifyts="2020-04-10T08:41:31+00:00" Modifyuserid="SYSTEM"
    UserGroupListKey="2020041008413134798" UserKey="2020041008413134787" UsergroupKey="PRICING_USERS"/>
<UserGroupList Createprogid="SYSTEM"
    Createts="2020-04-10T08:41:31+00:00" Createuserid="SYSTEM"
    Lockid="0" Modifyprogid="SYSTEM"
    Modifyts="2020-04-10T08:41:31+00:00" Modifyuserid="SYSTEM"
    UserGroupListKey="2020041008413134800" UserKey="2020041008413134787" UsergroupKey="SYSTEM"/>
<UserGroupList Createprogid="XMLMigrator"
    Createts="2020-04-10T08:41:31+00:00" Createuserid="SYSTEM"
    Lockid="0" Modifyprogid="XMLMigrator"
    Modifyts="2020-04-10T08:41:31+00:00" Modifyuserid="SYSTEM"
    UserGroupListKey="2020041008413134802" UserKey="2020041008413134787" UsergroupKey="SYSTEM_SETUP_USERS"/>
<UserGroupList Createprogid="XMLMigrator"
    Createts="2020-04-10T08:42:58+00:00" Createuserid="SYSTEM"
    Lockid="0" Modifyprogid="XMLMigrator"
    Modifyts="2020-04-10T08:42:58+00:00" Modifyuserid="SYSTEM"
    UserGroupListKey="2020041008425834807" UserKey="2020041008425834804" UsergroupKey="CATALOG_USERS"/>
<UserGroupList Createprogid="XMLMigrator"
    Createts="2020-04-10T08:42:58+00:00" Createuserid="SYSTEM"
    Lockid="0" Modifyprogid="XMLMigrator"
    Modifyts="2020-04-10T08:42:58+00:00" Modifyuserid="SYSTEM"
    UserGroupListKey="2020041008425834809" UserKey="2020041008425834804" UsergroupKey="CUSTOMER_USERS"/>
<UserGroupList Createprogid="XMLMigrator"
    Createts="2020-04-10T08:42:58+00:00" Createuserid="SYSTEM"
    Lockid="0" Modifyprogid="XMLMigrator"
    Modifyts="2020-04-10T08:42:58+00:00" Modifyuserid="SYSTEM"
    UserGroupListKey="2020041008425834811" UserKey="2020041008425834804" UsergroupKey="FIELD_SALES_REP_GROUP"/>
<UserGroupList Createprogid="XMLMigrator"
    Createts="2020-04-10T08:42:58+00:00" Createuserid="SYSTEM"
    Lockid="0" Modifyprogid="XMLMigrator"
    Modifyts="2020-04-10T08:42:58+00:00" Modifyuserid="SYSTEM"
    UserGroupListKey="2020041008425834813" UserKey="2020041008425834804" UsergroupKey="INVENTORY_USERS"/>
<UserGroupList Createprogid="XMLMigrator"
    Createts="2020-04-10T08:42:58+00:00" Createuserid="SYSTEM"
    Lockid="0" Modifyprogid="XMLMigrator"
    Modifyts="2020-04-10T08:42:58+00:00" Modifyuserid="SYSTEM"
    UserGroupListKey="2020041008425834815" UserKey="2020041008425834804" UsergroupKey="PRICING_USERS"/>
<UserGroupList Createprogid="SYSTEM"
    Createts="2020-04-10T08:42:58+00:00" Createuserid="SYSTEM"
    Lockid="0" Modifyprogid="SYSTEM"
    Modifyts="2020-04-10T08:42:58+00:00" Modifyuserid="SYSTEM"
    UserGroupListKey="2020041008425834817" UserKey="2020041008425834804" UsergroupKey="SYSTEM"/>
<UserGroupList Createprogid="XMLMigrator"
    Createts="2020-04-10T08:42:58+00:00" Createuserid="SYSTEM"
    Lockid="0" Modifyprogid="XMLMigrator"
    Modifyts="2020-04-10T08:42:58+00:00" Modifyuserid="SYSTEM"
    UserGroupListKey="2020041008425834819" UserKey="2020041008425834804" UsergroupKey="SYSTEM_SETUP_USERS"/>
<UserGroupList Createprogid="XMLMigrator"
    Createts="2020-04-10T08:44:12+00:00" Createuserid="SYSTEM"
    Lockid="0" Modifyprogid="XMLMigrator"
    Modifyts="2020-04-10T08:44:12+00:00" Modifyuserid="SYSTEM"
    UserGroupListKey="2020041008441234824" UserKey="2020041008441234821" UsergroupKey="CATALOG_USERS"/>
<UserGroupList Createprogid="XMLMigrator"
    Createts="2020-04-10T08:44:12+00:00" Createuserid="SYSTEM"
    Lockid="0" Modifyprogid="XMLMigrator"
    Modifyts="2020-04-10T08:44:12+00:00" Modifyuserid="SYSTEM"
    UserGroupListKey="2020041008441234826" UserKey="2020041008441234821" UsergroupKey="CUSTOMER_USERS"/>
<UserGroupList Createprogid="XMLMigrator"
    Createts="2020-04-10T08:44:12+00:00" Createuserid="SYSTEM"
    Lockid="0" Modifyprogid="XMLMigrator"
    Modifyts="2020-04-10T08:44:12+00:00" Modifyuserid="SYSTEM"
    UserGroupListKey="2020041008441234828" UserKey="2020041008441234821" UsergroupKey="FIELD_SALES_REP_GROUP"/>
<UserGroupList Createprogid="XMLMigrator"
    Createts="2020-04-10T08:44:12+00:00" Createuserid="SYSTEM"
    Lockid="0" Modifyprogid="XMLMigrator"
    Modifyts="2020-04-10T08:44:12+00:00" Modifyuserid="SYSTEM"
    UserGroupListKey="2020041008441234830" UserKey="2020041008441234821" UsergroupKey="INVENTORY_USERS"/>
<UserGroupList Createprogid="XMLMigrator"
    Createts="2020-04-10T08:44:12+00:00" Createuserid="SYSTEM"
    Lockid="0" Modifyprogid="XMLMigrator"
    Modifyts="2020-04-10T08:44:12+00:00" Modifyuserid="SYSTEM"
    UserGroupListKey="2020041008441234832" UserKey="2020041008441234821" UsergroupKey="PRICING_USERS"/>
<UserGroupList Createprogid="SYSTEM"
    Createts="2020-04-10T08:44:12+00:00" Createuserid="SYSTEM"
    Lockid="0" Modifyprogid="SYSTEM"
    Modifyts="2020-04-10T08:44:12+00:00" Modifyuserid="SYSTEM"
    UserGroupListKey="2020041008441234834" UserKey="2020041008441234821" UsergroupKey="SYSTEM"/>
<UserGroupList Createprogid="XMLMigrator"
    Createts="2020-04-10T08:44:12+00:00" Createuserid="SYSTEM"
    Lockid="0" Modifyprogid="XMLMigrator"
    Modifyts="2020-04-10T08:44:12+00:00" Modifyuserid="SYSTEM"
    UserGroupListKey="2020041008441234836" UserKey="2020041008441234821" UsergroupKey="SYSTEM_SETUP_USERS"/>
<UserGroupList Createprogid="XMLMigrator"
    Createts="2020-04-10T08:46:48+00:00" Createuserid="SYSTEM"
    Lockid="0" Modifyprogid="XMLMigrator"
    Modifyts="2020-04-10T08:46:48+00:00" Modifyuserid="SYSTEM"
    UserGroupListKey="2020041008464834843" UserKey="2020041008464834840" UsergroupKey="CATALOG_USERS"/>
<UserGroupList Createprogid="XMLMigrator"
    Createts="2020-04-10T08:46:48+00:00" Createuserid="SYSTEM"
    Lockid="0" Modifyprogid="XMLMigrator"
    Modifyts="2020-04-10T08:46:48+00:00" Modifyuserid="SYSTEM"
    UserGroupListKey="2020041008464834845" UserKey="2020041008464834840" UsergroupKey="CUSTOMER_USERS"/>
<UserGroupList Createprogid="XMLMigrator"
    Createts="2020-04-10T08:46:48+00:00" Createuserid="SYSTEM"
    Lockid="0" Modifyprogid="XMLMigrator"
    Modifyts="2020-04-10T08:46:48+00:00" Modifyuserid="SYSTEM"
    UserGroupListKey="2020041008464834847" UserKey="2020041008464834840" UsergroupKey="FIELD_SALES_REP_GROUP"/>
<UserGroupList Createprogid="XMLMigrator"
    Createts="2020-04-10T08:46:48+00:00" Createuserid="SYSTEM"
    Lockid="0" Modifyprogid="XMLMigrator"
    Modifyts="2020-04-10T08:46:48+00:00" Modifyuserid="SYSTEM"
    UserGroupListKey="2020041008464834849" UserKey="2020041008464834840" UsergroupKey="INVENTORY_USERS"/>
<UserGroupList Createprogid="XMLMigrator"
    Createts="2020-04-10T08:46:48+00:00" Createuserid="SYSTEM"
    Lockid="0" Modifyprogid="XMLMigrator"
    Modifyts="2020-04-10T08:46:48+00:00" Modifyuserid="SYSTEM"
    UserGroupListKey="2020041008464834851" UserKey="2020041008464834840" UsergroupKey="PRICING_USERS"/>
<UserGroupList Createprogid="SYSTEM"
    Createts="2020-04-10T08:46:48+00:00" Createuserid="SYSTEM"
    Lockid="0" Modifyprogid="SYSTEM"
    Modifyts="2020-04-10T08:46:48+00:00" Modifyuserid="SYSTEM"
    UserGroupListKey="2020041008464834853" UserKey="2020041008464834840" UsergroupKey="SYSTEM"/>
<UserGroupList Createprogid="XMLMigrator"
    Createts="2020-04-10T08:46:48+00:00" Createuserid="SYSTEM"
    Lockid="0" Modifyprogid="XMLMigrator"
    Modifyts="2020-04-10T08:46:48+00:00" Modifyuserid="SYSTEM"
    UserGroupListKey="2020041008464834855" UserKey="2020041008464834840" UsergroupKey="SYSTEM_SETUP_USERS"/>
<UserGroupList Createprogid="XMLMigrator"
    Createts="2020-04-16T11:28:20+00:00" Createuserid="SYSTEM"
    Lockid="0" Modifyprogid="XMLMigrator"
    Modifyts="2020-04-16T11:28:20+00:00" Modifyuserid="SYSTEM"
    UserGroupListKey="2020041611282068507" UserKey="2020041611282068504" UsergroupKey="CATALOG_USERS"/>
<UserGroupList Createprogid="XMLMigrator"
    Createts="2020-04-16T11:28:20+00:00" Createuserid="SYSTEM"
    Lockid="0" Modifyprogid="XMLMigrator"
    Modifyts="2020-04-16T11:28:20+00:00" Modifyuserid="SYSTEM"
    UserGroupListKey="2020041611282068509" UserKey="2020041611282068504" UsergroupKey="CUSTOMER_USERS"/>
<UserGroupList Createprogid="XMLMigrator"
    Createts="2020-04-16T11:28:20+00:00" Createuserid="SYSTEM"
    Lockid="0" Modifyprogid="XMLMigrator"
    Modifyts="2020-04-16T11:28:20+00:00" Modifyuserid="SYSTEM"
    UserGroupListKey="2020041611282068511" UserKey="2020041611282068504" UsergroupKey="FIELD_SALES_REP_GROUP"/>
<UserGroupList Createprogid="XMLMigrator"
    Createts="2020-04-16T11:28:20+00:00" Createuserid="SYSTEM"
    Lockid="0" Modifyprogid="XMLMigrator"
    Modifyts="2020-04-16T11:28:20+00:00" Modifyuserid="SYSTEM"
    UserGroupListKey="2020041611282068513" UserKey="2020041611282068504" UsergroupKey="INVENTORY_USERS"/>
<UserGroupList Createprogid="XMLMigrator"
    Createts="2020-04-16T11:28:20+00:00" Createuserid="SYSTEM"
    Lockid="0" Modifyprogid="XMLMigrator"
    Modifyts="2020-04-16T11:28:20+00:00" Modifyuserid="SYSTEM"
    UserGroupListKey="2020041611282068515" UserKey="2020041611282068504" UsergroupKey="PRICING_USERS"/>
<UserGroupList Createprogid="SYSTEM"
    Createts="2020-04-16T11:28:20+00:00" Createuserid="SYSTEM"
    Lockid="0" Modifyprogid="SYSTEM"
    Modifyts="2020-04-16T11:28:20+00:00" Modifyuserid="SYSTEM"
    UserGroupListKey="2020041611282068517" UserKey="2020041611282068504" UsergroupKey="SYSTEM"/>
<UserGroupList Createprogid="XMLMigrator"
    Createts="2020-04-16T11:28:20+00:00" Createuserid="SYSTEM"
    Lockid="0" Modifyprogid="XMLMigrator"
    Modifyts="2020-04-16T11:28:20+00:00" Modifyuserid="SYSTEM"
    UserGroupListKey="2020041611282068519" UserKey="2020041611282068504" UsergroupKey="SYSTEM_SETUP_USERS"/>
<UserGroupList Createprogid="XMLMigrator"
    Createts="2020-04-23T05:37:16+00:00" Createuserid="SYSTEM"
    Lockid="0" Modifyprogid="XMLMigrator"
    Modifyts="2020-04-23T05:37:16+00:00" Modifyuserid="SYSTEM"
    UserGroupListKey="2020042305371671018" UserKey="2020042305371671015" UsergroupKey="CATALOG_USERS"/>
<UserGroupList Createprogid="XMLMigrator"
    Createts="2020-04-23T05:37:16+00:00" Createuserid="SYSTEM"
    Lockid="0" Modifyprogid="XMLMigrator"
    Modifyts="2020-04-23T05:37:16+00:00" Modifyuserid="SYSTEM"
    UserGroupListKey="2020042305371671020" UserKey="2020042305371671015" UsergroupKey="CUSTOMER_USERS"/>
<UserGroupList Createprogid="XMLMigrator"
    Createts="2020-04-23T05:37:16+00:00" Createuserid="SYSTEM"
    Lockid="0" Modifyprogid="XMLMigrator"
    Modifyts="2020-04-23T05:37:16+00:00" Modifyuserid="SYSTEM"
    UserGroupListKey="2020042305371671022" UserKey="2020042305371671015" UsergroupKey="FIELD_SALES_REP_GROUP"/>
<UserGroupList Createprogid="XMLMigrator"
    Createts="2020-04-23T05:37:16+00:00" Createuserid="SYSTEM"
    Lockid="0" Modifyprogid="XMLMigrator"
    Modifyts="2020-04-23T05:37:16+00:00" Modifyuserid="SYSTEM"
    UserGroupListKey="2020042305371671024" UserKey="2020042305371671015" UsergroupKey="INVENTORY_USERS"/>
<UserGroupList Createprogid="XMLMigrator"
    Createts="2020-04-23T05:37:16+00:00" Createuserid="SYSTEM"
    Lockid="0" Modifyprogid="XMLMigrator"
    Modifyts="2020-04-23T05:37:16+00:00" Modifyuserid="SYSTEM"
    UserGroupListKey="2020042305371671026" UserKey="2020042305371671015" UsergroupKey="PRICING_USERS"/>
<UserGroupList Createprogid="SYSTEM"
    Createts="2020-04-23T05:37:16+00:00" Createuserid="SYSTEM"
    Lockid="0" Modifyprogid="SYSTEM"
    Modifyts="2020-04-23T05:37:16+00:00" Modifyuserid="SYSTEM"
    UserGroupListKey="2020042305371671028" UserKey="2020042305371671015" UsergroupKey="SYSTEM"/>
<UserGroupList Createprogid="XMLMigrator"
    Createts="2020-04-23T05:37:16+00:00" Createuserid="SYSTEM"
    Lockid="0" Modifyprogid="XMLMigrator"
    Modifyts="2020-04-23T05:37:16+00:00" Modifyuserid="SYSTEM"
    UserGroupListKey="2020042305371671030" UserKey="2020042305371671015" UsergroupKey="SYSTEM_SETUP_USERS"/>
<UserGroupList Createprogid="XMLMigrator"
    Createts="2020-04-23T15:30:57+00:00" Createuserid="SYSTEM"
    Lockid="0" Modifyprogid="XMLMigrator"
    Modifyts="2020-04-23T15:30:57+00:00" Modifyuserid="SYSTEM"
    UserGroupListKey="2020042315305772043" UserKey="2020042315305772040" UsergroupKey="CATALOG_USERS"/>
<UserGroupList Createprogid="XMLMigrator"
    Createts="2020-04-23T15:30:57+00:00" Createuserid="SYSTEM"
    Lockid="0" Modifyprogid="XMLMigrator"
    Modifyts="2020-04-23T15:30:57+00:00" Modifyuserid="SYSTEM"
    UserGroupListKey="2020042315305772045" UserKey="2020042315305772040" UsergroupKey="CUSTOMER_USERS"/>
<UserGroupList Createprogid="XMLMigrator"
    Createts="2020-04-23T15:30:57+00:00" Createuserid="SYSTEM"
    Lockid="0" Modifyprogid="XMLMigrator"
    Modifyts="2020-04-23T15:30:57+00:00" Modifyuserid="SYSTEM"
    UserGroupListKey="2020042315305772047" UserKey="2020042315305772040" UsergroupKey="FIELD_SALES_REP_GROUP"/>
<UserGroupList Createprogid="XMLMigrator"
    Createts="2020-04-23T15:30:57+00:00" Createuserid="SYSTEM"
    Lockid="0" Modifyprogid="XMLMigrator"
    Modifyts="2020-04-23T15:30:57+00:00" Modifyuserid="SYSTEM"
    UserGroupListKey="2020042315305772049" UserKey="2020042315305772040" UsergroupKey="INVENTORY_USERS"/>
<UserGroupList Createprogid="XMLMigrator"
    Createts="2020-04-23T15:30:57+00:00" Createuserid="SYSTEM"
    Lockid="0" Modifyprogid="XMLMigrator"
    Modifyts="2020-04-23T15:30:57+00:00" Modifyuserid="SYSTEM"
    UserGroupListKey="2020042315305772051" UserKey="2020042315305772040" UsergroupKey="PRICING_USERS"/>
<UserGroupList Createprogid="SYSTEM"
    Createts="2020-04-23T15:30:57+00:00" Createuserid="SYSTEM"
    Lockid="0" Modifyprogid="SYSTEM"
    Modifyts="2020-04-23T15:30:57+00:00" Modifyuserid="SYSTEM"
    UserGroupListKey="2020042315305772053" UserKey="2020042315305772040" UsergroupKey="SYSTEM"/>
<UserGroupList Createprogid="XMLMigrator"
    Createts="2020-04-23T15:30:57+00:00" Createuserid="SYSTEM"
    Lockid="0" Modifyprogid="XMLMigrator"
    Modifyts="2020-04-23T15:30:57+00:00" Modifyuserid="SYSTEM"
    UserGroupListKey="2020042315305772055" UserKey="2020042315305772040" UsergroupKey="SYSTEM_SETUP_USERS"/>
<UserGroupList Createprogid="SYSTEM"
    Createts="2020-02-19T13:27:07+00:00" Createuserid="SYSTEM"
    Lockid="0" Modifyprogid="SYSTEM"
    Modifyts="2020-02-19T13:27:07+00:00" Modifyuserid="SYSTEM"
    UserGroupListKey="GROUP_LIST" UserKey="SYSTEM_USER" UsergroupKey="SYSTEM"/>
<UserGroupList Createprogid="XMLMigrator"
    Createts="2020-02-19T13:28:25+00:00" Createuserid="SYSTEM"
    Lockid="0" Modifyprogid="XMLMigrator"
    Modifyts="2020-02-19T13:28:25+00:00" Modifyuserid="SYSTEM"
    UserGroupListKey="GUEST_GROUP_LIST" UserKey="SYS_GUEST_USER" UsergroupKey="GUEST"/>
<UserGroupList Createprogid="SYSTEM"
    Createts="2020-02-19T13:28:32+00:00" Createuserid="SYSTEM"
    Lockid="0" Modifyprogid="SYSTEM"
    Modifyts="2020-02-19T13:28:32+00:00" Modifyuserid="SYSTEM"
    UserGroupListKey="SYSCONNVER_LIST" UserKey="SYSCONNVERUSER" UsergroupKey="SYSCONNVER"/>
</YFS_USER_GROUP_LISTList>