<?xml version="1.0" encoding="UTF-8"?>
<YFS_DATE_TYPEList TableName="YFS_DATE_TYPE" TotalNumberOfRecords="75">
<DateType ActualFlag="Y" CommittedFlag="N" Createprogid="XMLMigrator"
    Createts="2020-02-19T13:27:06+00:00" Createuserid="SYSTEM"
    DateTypeId="DELIVERY" DateTypeKey="20030708142438542"
    Description="Delivery Date" ExpectedFlag="Y" IsMilestone="N"
    Lockid="0" Modifyprogid="XMLMigrator"
    Modifyts="2020-02-19T13:27:06+00:00" Modifyuserid="SYSTEM"
    OwnerKey="DEFAULT" ProcessTypeKey="20030708142438541"
    RequestedFlag="Y" SystemDefined="Y"/>
<DateType ActualFlag="Y" CommittedFlag="N" Createprogid="XMLMigrator"
    Createts="2020-02-19T13:27:06+00:00" Createuserid="SYSTEM"
    DateTypeId="ORDER" DateTypeKey="20030708142438543"
    Description="Order Date" ExpectedFlag="N" IsMilestone="N" Lockid="0"
    Modifyprogid="XMLMigrator" Modifyts="2020-02-19T13:27:06+00:00"
    Modifyuserid="SYSTEM" OwnerKey="DEFAULT"
    ProcessTypeKey="20030708142438541" RequestedFlag="N" SystemDefined="Y"/>
<DateType ActualFlag="Y" CommittedFlag="N" Createprogid="XMLMigrator"
    Createts="2020-02-19T13:27:06+00:00" Createuserid="SYSTEM"
    DateTypeId="SHIPMENT" DateTypeKey="20030708142438544"
    Description="Ship Date" ExpectedFlag="Y" IsMilestone="N" Lockid="0"
    Modifyprogid="XMLMigrator" Modifyts="2020-02-19T13:27:06+00:00"
    Modifyuserid="SYSTEM" OwnerKey="DEFAULT"
    ProcessTypeKey="20030708142438541" RequestedFlag="Y" SystemDefined="Y"/>
<DateType ActualFlag="Y" CommittedFlag="N" Createprogid="XMLMigrator"
    Createts="2020-02-19T13:27:06+00:00" Createuserid="SYSTEM"
    DateTypeId="DELIVERY" DateTypeKey="200307081424521057"
    Description="Delivery Date" ExpectedFlag="Y" IsMilestone="N"
    Lockid="0" Modifyprogid="XMLMigrator"
    Modifyts="2020-02-19T13:27:06+00:00" Modifyuserid="SYSTEM"
    OwnerKey="DEFAULT" ProcessTypeKey="200307081424521056"
    RequestedFlag="Y" SystemDefined="Y"/>
<DateType ActualFlag="Y" CommittedFlag="N" Createprogid="XMLMigrator"
    Createts="2020-02-19T13:27:06+00:00" Createuserid="SYSTEM"
    DateTypeId="SHIPMENT" DateTypeKey="200307081424521058"
    Description="Ship Date" ExpectedFlag="Y" IsMilestone="N" Lockid="0"
    Modifyprogid="XMLMigrator" Modifyts="2020-02-19T13:27:06+00:00"
    Modifyuserid="SYSTEM" OwnerKey="DEFAULT"
    ProcessTypeKey="200307081424521056" RequestedFlag="Y" SystemDefined="Y"/>
<DateType ActualFlag="N" CommittedFlag="N" Createprogid="XMLMigrator"
    Createts="2020-02-19T13:27:06+00:00" Createuserid="SYSTEM"
    DateTypeId="APPTENDDATE" DateTypeKey="APPTENDDATE"
    Description="Promised Appointment End Date" ExpectedFlag="Y"
    IsMilestone="N" Lockid="0" Modifyprogid="XMLMigrator"
    Modifyts="2020-02-19T13:27:06+00:00" Modifyuserid="SYSTEM"
    OwnerKey="DEFAULT" ProcessTypeKey="VAS" RequestedFlag="N" SystemDefined="Y"/>
<DateType ActualFlag="N" CommittedFlag="N" Createprogid="XMLMigrator"
    Createts="2020-02-19T13:27:06+00:00" Createuserid="SYSTEM"
    DateTypeId="APPTENDDATE" DateTypeKey="APPTENDDATE.OF"
    Description="Promised Appointment End Date" ExpectedFlag="Y"
    IsMilestone="N" Lockid="0" Modifyprogid="XMLMigrator"
    Modifyts="2020-02-19T13:27:06+00:00" Modifyuserid="SYSTEM"
    OwnerKey="DEFAULT" ProcessTypeKey="ORDER_FULFILLMENT"
    RequestedFlag="N" SystemDefined="Y"/>
<DateType ActualFlag="N" CommittedFlag="N" Createprogid="XMLMigrator"
    Createts="2020-02-19T13:27:06+00:00" Createuserid="SYSTEM"
    DateTypeId="APPTSTARTDATE" DateTypeKey="APPTSTARTDATE"
    Description="Promised Appointment Start Date" ExpectedFlag="Y"
    IsMilestone="N" Lockid="0" Modifyprogid="XMLMigrator"
    Modifyts="2020-02-19T13:27:06+00:00" Modifyuserid="SYSTEM"
    OwnerKey="DEFAULT" ProcessTypeKey="VAS" RequestedFlag="N" SystemDefined="Y"/>
<DateType ActualFlag="N" CommittedFlag="N" Createprogid="XMLMigrator"
    Createts="2020-02-19T13:27:06+00:00" Createuserid="SYSTEM"
    DateTypeId="APPTSTARTDATE" DateTypeKey="APPTSTARTDATE.OF"
    Description="Promised Appointment Start Date" ExpectedFlag="Y"
    IsMilestone="N" Lockid="0" Modifyprogid="XMLMigrator"
    Modifyts="2020-02-19T13:27:06+00:00" Modifyuserid="SYSTEM"
    OwnerKey="DEFAULT" ProcessTypeKey="ORDER_FULFILLMENT"
    RequestedFlag="N" SystemDefined="Y"/>
<DateType ActualFlag="Y" CommittedFlag="N" Createprogid="XMLMigrator"
    Createts="2020-02-19T13:27:06+00:00" Createuserid="SYSTEM"
    DateTypeId="ARRIVAL" DateTypeKey="ARRIVAL"
    Description="Load Arrival Date" ExpectedFlag="Y" IsMilestone="N"
    Lockid="0" Modifyprogid="XMLMigrator"
    Modifyts="2020-02-19T13:27:06+00:00" Modifyuserid="SYSTEM"
    OwnerKey="DEFAULT" ProcessTypeKey="LOAD_DELIVERY" RequestedFlag="N" SystemDefined="Y"/>
<DateType ActualFlag="Y" CommittedFlag="N" Createprogid="XMLMigrator"
    Createts="2020-02-19T13:27:06+00:00" Createuserid="SYSTEM"
    DateTypeId="DELIVERY" DateTypeKey="DELIVERY"
    Description="Delivery Date" ExpectedFlag="Y" IsMilestone="N"
    Lockid="0" Modifyprogid="XMLMigrator"
    Modifyts="2020-02-19T13:27:06+00:00" Modifyuserid="SYSTEM"
    OwnerKey="DEFAULT" ProcessTypeKey="ORDER_DELIVERY" RequestedFlag="Y" SystemDefined="Y"/>
<DateType ActualFlag="Y" CommittedFlag="N" Createprogid="XMLMigrator"
    Createts="2020-02-19T13:27:06+00:00" Createuserid="SYSTEM"
    DateTypeId="DELIVERY" DateTypeKey="DELIVERY_DATE"
    Description="Delivery Date" ExpectedFlag="Y" IsMilestone="N"
    Lockid="0" Modifyprogid="XMLMigrator"
    Modifyts="2020-02-19T13:27:06+00:00" Modifyuserid="SYSTEM"
    OwnerKey="DEFAULT" ProcessTypeKey="ORDER_FULFILLMENT"
    RequestedFlag="Y" SystemDefined="Y"/>
<DateType ActualFlag="Y" CommittedFlag="N" Createprogid="XMLMigrator"
    Createts="2020-02-19T13:27:06+00:00" Createuserid="SYSTEM"
    DateTypeId="DEPARTURE" DateTypeKey="DEPARTURE"
    Description="Load Departure Date" ExpectedFlag="Y" IsMilestone="N"
    Lockid="0" Modifyprogid="XMLMigrator"
    Modifyts="2020-02-19T13:27:06+00:00" Modifyuserid="SYSTEM"
    OwnerKey="DEFAULT" ProcessTypeKey="LOAD_DELIVERY" RequestedFlag="N" SystemDefined="Y"/>
<DateType ActualFlag="Y" CommittedFlag="N" Createprogid="XMLMigrator"
    Createts="2020-02-19T13:27:06+00:00" Createuserid="SYSTEM"
    DateTypeId="EXPIRATION_DATE" DateTypeKey="EXPIRATION_DATE"
    Description="Expiration Date" ExpectedFlag="N" IsMilestone="N"
    Lockid="0" Modifyprogid="XMLMigrator"
    Modifyts="2020-02-19T13:27:06+00:00" Modifyuserid="SYSTEM"
    OwnerKey="DEFAULT" ProcessTypeKey="QUOTE_FULFILLMENT"
    RequestedFlag="N" SystemDefined="Y"/>
<DateType ActualFlag="Y" CommittedFlag="" Createprogid="XMLMigrator"
    Createts="2020-02-19T13:31:40+00:00" Createuserid="SYSTEM"
    DateTypeId="YCD_FTC_CANCEL_DATE" DateTypeKey="FTCCANCELDATE"
    Description="FTC Cancel Date" ExpectedFlag="N" IsMilestone="N"
    Lockid="0" Modifyprogid="XMLMigrator"
    Modifyts="2020-02-19T13:31:40+00:00" Modifyuserid="SYSTEM"
    OwnerKey="DEFAULT" ProcessTypeKey="ORDER_FULFILLMENT"
    RequestedFlag="N" SystemDefined="N"/>
<DateType ActualFlag="Y" CommittedFlag="" Createprogid="XMLMigrator"
    Createts="2020-02-19T13:31:40+00:00" Createuserid="SYSTEM"
    DateTypeId="YCD_FTC_NEXT_PROMISE_DATE"
    DateTypeKey="FTCNEXTPRMISEDATE" Description="Next FTC Promise Date"
    ExpectedFlag="N" IsMilestone="N" Lockid="0"
    Modifyprogid="XMLMigrator" Modifyts="2020-02-19T13:31:40+00:00"
    Modifyuserid="SYSTEM" OwnerKey="DEFAULT"
    ProcessTypeKey="ORDER_FULFILLMENT" RequestedFlag="N" SystemDefined="N"/>
<DateType ActualFlag="Y" CommittedFlag="N" Createprogid="XMLMigrator"
    Createts="2020-02-19T13:27:06+00:00" Createuserid="SYSTEM"
    DateTypeId="YCD_FTC_FIRST_PROMISE_DATE"
    DateTypeKey="FTC_FIRST_PROMISE_DATE"
    Description="First FTC Promise Date" ExpectedFlag="Y"
    IsMilestone="N" Lockid="0" Modifyprogid="XMLMigrator"
    Modifyts="2020-02-19T13:27:06+00:00" Modifyuserid="SYSTEM"
    OwnerKey="DEFAULT" ProcessTypeKey="ORDER_FULFILLMENT"
    RequestedFlag="N" SystemDefined="Y"/>
<DateType ActualFlag="Y" CommittedFlag="N" Createprogid="XMLMigrator"
    Createts="2020-02-19T13:27:06+00:00" Createuserid="SYSTEM"
    DateTypeId="YCD_FTC_PROMISE_DATE" DateTypeKey="FTC_PROMISE_DATE"
    Description="Current FTC Promise Date" ExpectedFlag="Y"
    IsMilestone="N" Lockid="0" Modifyprogid="XMLMigrator"
    Modifyts="2020-02-19T13:27:06+00:00" Modifyuserid="SYSTEM"
    OwnerKey="DEFAULT" ProcessTypeKey="ORDER_FULFILLMENT"
    RequestedFlag="N" SystemDefined="Y"/>
<DateType ActualFlag="Y" CommittedFlag="Y" Createprogid="XMLMigrator"
    Createts="2020-02-19T13:27:06+00:00" Createuserid="SYSTEM"
    DateTypeId="MAX_DELIVERY" DateTypeKey="MAX_DELIVERY"
    Description="Maximum Deliverydate" ExpectedFlag="Y" IsMilestone="N"
    Lockid="0" Modifyprogid="XMLMigrator"
    Modifyts="2020-02-19T13:27:06+00:00" Modifyuserid="SYSTEM"
    OwnerKey="DEFAULT" ProcessTypeKey="ORDER_FULFILLMENT"
    RequestedFlag="Y" SystemDefined="Y"/>
<DateType ActualFlag="Y" CommittedFlag="Y" Createprogid="XMLMigrator"
    Createts="2020-02-19T13:27:06+00:00" Createuserid="SYSTEM"
    DateTypeId="MAX_DELIVERY" DateTypeKey="MAX_DELIVERY.OD"
    Description="Maximum Deliverydate" ExpectedFlag="Y" IsMilestone="N"
    Lockid="0" Modifyprogid="XMLMigrator"
    Modifyts="2020-02-19T13:27:06+00:00" Modifyuserid="SYSTEM"
    OwnerKey="DEFAULT" ProcessTypeKey="ORDER_DELIVERY" RequestedFlag="Y" SystemDefined="Y"/>
<DateType ActualFlag="Y" CommittedFlag="Y" Createprogid="XMLMigrator"
    Createts="2020-02-19T13:27:06+00:00" Createuserid="SYSTEM"
    DateTypeId="MAX_DELIVERY" DateTypeKey="MAX_DELIVERY.PO_F"
    Description="Maximum Deliverydate" ExpectedFlag="Y" IsMilestone="N"
    Lockid="0" Modifyprogid="XMLMigrator"
    Modifyts="2020-02-19T13:27:06+00:00" Modifyuserid="SYSTEM"
    OwnerKey="DEFAULT" ProcessTypeKey="PO_FULFILLMENT" RequestedFlag="Y" SystemDefined="Y"/>
<DateType ActualFlag="Y" CommittedFlag="Y" Createprogid="XMLMigrator"
    Createts="2020-02-19T13:27:06+00:00" Createuserid="SYSTEM"
    DateTypeId="MAX_DELIVERY" DateTypeKey="MAX_DELIVERY.PO_S"
    Description="Maximum Deliverydate" ExpectedFlag="Y" IsMilestone="N"
    Lockid="0" Modifyprogid="XMLMigrator"
    Modifyts="2020-02-19T13:27:06+00:00" Modifyuserid="SYSTEM"
    OwnerKey="DEFAULT" ProcessTypeKey="PO_SHIPMENT" RequestedFlag="Y" SystemDefined="Y"/>
<DateType ActualFlag="Y" CommittedFlag="Y" Createprogid="XMLMigrator"
    Createts="2020-02-19T13:27:06+00:00" Createuserid="SYSTEM"
    DateTypeId="MAX_DELIVERY" DateTypeKey="MAX_DELIVERY.RS"
    Description="Maximum Deliverydate" ExpectedFlag="Y" IsMilestone="N"
    Lockid="0" Modifyprogid="XMLMigrator"
    Modifyts="2020-02-19T13:27:06+00:00" Modifyuserid="SYSTEM"
    OwnerKey="DEFAULT" ProcessTypeKey="RETURN_SHIPMENT"
    RequestedFlag="Y" SystemDefined="Y"/>
<DateType ActualFlag="Y" CommittedFlag="Y" Createprogid="XMLMigrator"
    Createts="2020-02-19T13:27:06+00:00" Createuserid="SYSTEM"
    DateTypeId="MAX_DELIVERY" DateTypeKey="MAX_DELIVERY.TO_D"
    Description="Maximum Deliverydate" ExpectedFlag="Y" IsMilestone="N"
    Lockid="0" Modifyprogid="XMLMigrator"
    Modifyts="2020-02-19T13:27:06+00:00" Modifyuserid="SYSTEM"
    OwnerKey="DEFAULT" ProcessTypeKey="200307081424521056"
    RequestedFlag="Y" SystemDefined="Y"/>
<DateType ActualFlag="Y" CommittedFlag="Y" Createprogid="XMLMigrator"
    Createts="2020-02-19T13:27:06+00:00" Createuserid="SYSTEM"
    DateTypeId="MAX_DELIVERY" DateTypeKey="MAX_DELIVERY.TO_F"
    Description="Maximum Deliverydate" ExpectedFlag="Y" IsMilestone="N"
    Lockid="0" Modifyprogid="XMLMigrator"
    Modifyts="2020-02-19T13:27:06+00:00" Modifyuserid="SYSTEM"
    OwnerKey="DEFAULT" ProcessTypeKey="20030708142438541"
    RequestedFlag="Y" SystemDefined="Y"/>
<DateType ActualFlag="Y" CommittedFlag="Y" Createprogid="XMLMigrator"
    Createts="2020-02-19T13:27:06+00:00" Createuserid="SYSTEM"
    DateTypeId="MAX_SHIPMENT" DateTypeKey="MAX_SHIPMENT"
    Description="Maximum Shipdate" ExpectedFlag="Y" IsMilestone="N"
    Lockid="0" Modifyprogid="XMLMigrator"
    Modifyts="2020-02-19T13:27:06+00:00" Modifyuserid="SYSTEM"
    OwnerKey="DEFAULT" ProcessTypeKey="ORDER_FULFILLMENT"
    RequestedFlag="Y" SystemDefined="Y"/>
<DateType ActualFlag="Y" CommittedFlag="Y" Createprogid="XMLMigrator"
    Createts="2020-02-19T13:27:06+00:00" Createuserid="SYSTEM"
    DateTypeId="MAX_SHIPMENT" DateTypeKey="MAX_SHIPMENT.OD"
    Description="Maximum Shipdate" ExpectedFlag="Y" IsMilestone="N"
    Lockid="0" Modifyprogid="XMLMigrator"
    Modifyts="2020-02-19T13:27:06+00:00" Modifyuserid="SYSTEM"
    OwnerKey="DEFAULT" ProcessTypeKey="ORDER_DELIVERY" RequestedFlag="Y" SystemDefined="Y"/>
<DateType ActualFlag="Y" CommittedFlag="Y" Createprogid="XMLMigrator"
    Createts="2020-02-19T13:27:06+00:00" Createuserid="SYSTEM"
    DateTypeId="MAX_SHIPMENT" DateTypeKey="MAX_SHIPMENT.PO_F"
    Description="Maximum Shipdate" ExpectedFlag="Y" IsMilestone="N"
    Lockid="0" Modifyprogid="XMLMigrator"
    Modifyts="2020-02-19T13:27:06+00:00" Modifyuserid="SYSTEM"
    OwnerKey="DEFAULT" ProcessTypeKey="PO_FULFILLMENT" RequestedFlag="Y" SystemDefined="Y"/>
<DateType ActualFlag="Y" CommittedFlag="Y" Createprogid="XMLMigrator"
    Createts="2020-02-19T13:27:06+00:00" Createuserid="SYSTEM"
    DateTypeId="MAX_SHIPMENT" DateTypeKey="MAX_SHIPMENT.PO_S"
    Description="Maximum Shipdate" ExpectedFlag="Y" IsMilestone="N"
    Lockid="0" Modifyprogid="XMLMigrator"
    Modifyts="2020-02-19T13:27:06+00:00" Modifyuserid="SYSTEM"
    OwnerKey="DEFAULT" ProcessTypeKey="PO_SHIPMENT" RequestedFlag="Y" SystemDefined="Y"/>
<DateType ActualFlag="Y" CommittedFlag="Y" Createprogid="XMLMigrator"
    Createts="2020-02-19T13:27:06+00:00" Createuserid="SYSTEM"
    DateTypeId="MAX_SHIPMENT" DateTypeKey="MAX_SHIPMENT.RS"
    Description="Maximum Shipdate" ExpectedFlag="Y" IsMilestone="N"
    Lockid="0" Modifyprogid="XMLMigrator"
    Modifyts="2020-02-19T13:27:06+00:00" Modifyuserid="SYSTEM"
    OwnerKey="DEFAULT" ProcessTypeKey="RETURN_SHIPMENT"
    RequestedFlag="Y" SystemDefined="Y"/>
<DateType ActualFlag="Y" CommittedFlag="Y" Createprogid="XMLMigrator"
    Createts="2020-02-19T13:27:06+00:00" Createuserid="SYSTEM"
    DateTypeId="MAX_SHIPMENT" DateTypeKey="MAX_SHIPMENT.TO_D"
    Description="Maximum Shipdate" ExpectedFlag="Y" IsMilestone="N"
    Lockid="0" Modifyprogid="XMLMigrator"
    Modifyts="2020-02-19T13:27:06+00:00" Modifyuserid="SYSTEM"
    OwnerKey="DEFAULT" ProcessTypeKey="200307081424521056"
    RequestedFlag="Y" SystemDefined="Y"/>
<DateType ActualFlag="Y" CommittedFlag="Y" Createprogid="XMLMigrator"
    Createts="2020-02-19T13:27:06+00:00" Createuserid="SYSTEM"
    DateTypeId="MAX_SHIPMENT" DateTypeKey="MAX_SHIPMENT.TO_F"
    Description="Maximum Shipdate" ExpectedFlag="Y" IsMilestone="N"
    Lockid="0" Modifyprogid="XMLMigrator"
    Modifyts="2020-02-19T13:27:06+00:00" Modifyuserid="SYSTEM"
    OwnerKey="DEFAULT" ProcessTypeKey="20030708142438541"
    RequestedFlag="Y" SystemDefined="Y"/>
<DateType ActualFlag="Y" CommittedFlag="Y" Createprogid="XMLMigrator"
    Createts="2020-02-19T13:27:06+00:00" Createuserid="SYSTEM"
    DateTypeId="MIN_DELIVERY" DateTypeKey="MIN_DELIVERY"
    Description="Minimum Deliverydate" ExpectedFlag="Y" IsMilestone="N"
    Lockid="0" Modifyprogid="XMLMigrator"
    Modifyts="2020-02-19T13:27:06+00:00" Modifyuserid="SYSTEM"
    OwnerKey="DEFAULT" ProcessTypeKey="ORDER_FULFILLMENT"
    RequestedFlag="Y" SystemDefined="Y"/>
<DateType ActualFlag="Y" CommittedFlag="Y" Createprogid="XMLMigrator"
    Createts="2020-02-19T13:27:06+00:00" Createuserid="SYSTEM"
    DateTypeId="MIN_DELIVERY" DateTypeKey="MIN_DELIVERY.OD"
    Description="Minimum Deliverydate" ExpectedFlag="Y" IsMilestone="N"
    Lockid="0" Modifyprogid="XMLMigrator"
    Modifyts="2020-02-19T13:27:06+00:00" Modifyuserid="SYSTEM"
    OwnerKey="DEFAULT" ProcessTypeKey="ORDER_DELIVERY" RequestedFlag="Y" SystemDefined="Y"/>
<DateType ActualFlag="Y" CommittedFlag="Y" Createprogid="XMLMigrator"
    Createts="2020-02-19T13:27:06+00:00" Createuserid="SYSTEM"
    DateTypeId="MIN_DELIVERY" DateTypeKey="MIN_DELIVERY.PO_F"
    Description="Minimum Deliverydate" ExpectedFlag="Y" IsMilestone="N"
    Lockid="0" Modifyprogid="XMLMigrator"
    Modifyts="2020-02-19T13:27:06+00:00" Modifyuserid="SYSTEM"
    OwnerKey="DEFAULT" ProcessTypeKey="PO_FULFILLMENT" RequestedFlag="Y" SystemDefined="Y"/>
<DateType ActualFlag="Y" CommittedFlag="Y" Createprogid="XMLMigrator"
    Createts="2020-02-19T13:27:06+00:00" Createuserid="SYSTEM"
    DateTypeId="MIN_DELIVERY" DateTypeKey="MIN_DELIVERY.PO_S"
    Description="Minimum Deliverydate" ExpectedFlag="Y" IsMilestone="N"
    Lockid="0" Modifyprogid="XMLMigrator"
    Modifyts="2020-02-19T13:27:06+00:00" Modifyuserid="SYSTEM"
    OwnerKey="DEFAULT" ProcessTypeKey="PO_SHIPMENT" RequestedFlag="Y" SystemDefined="Y"/>
<DateType ActualFlag="Y" CommittedFlag="Y" Createprogid="XMLMigrator"
    Createts="2020-02-19T13:27:06+00:00" Createuserid="SYSTEM"
    DateTypeId="MIN_DELIVERY" DateTypeKey="MIN_DELIVERY.RS"
    Description="Minimum Deliverydate" ExpectedFlag="Y" IsMilestone="N"
    Lockid="0" Modifyprogid="XMLMigrator"
    Modifyts="2020-02-19T13:27:06+00:00" Modifyuserid="SYSTEM"
    OwnerKey="DEFAULT" ProcessTypeKey="RETURN_SHIPMENT"
    RequestedFlag="Y" SystemDefined="Y"/>
<DateType ActualFlag="Y" CommittedFlag="Y" Createprogid="XMLMigrator"
    Createts="2020-02-19T13:27:06+00:00" Createuserid="SYSTEM"
    DateTypeId="MIN_DELIVERY" DateTypeKey="MIN_DELIVERY.TO_D"
    Description="Minimum Deliverydate" ExpectedFlag="Y" IsMilestone="N"
    Lockid="0" Modifyprogid="XMLMigrator"
    Modifyts="2020-02-19T13:27:06+00:00" Modifyuserid="SYSTEM"
    OwnerKey="DEFAULT" ProcessTypeKey="200307081424521056"
    RequestedFlag="Y" SystemDefined="Y"/>
<DateType ActualFlag="Y" CommittedFlag="Y" Createprogid="XMLMigrator"
    Createts="2020-02-19T13:27:06+00:00" Createuserid="SYSTEM"
    DateTypeId="MIN_DELIVERY" DateTypeKey="MIN_DELIVERY.TO_F"
    Description="Minimum Deliverydate" ExpectedFlag="Y" IsMilestone="N"
    Lockid="0" Modifyprogid="XMLMigrator"
    Modifyts="2020-02-19T13:27:06+00:00" Modifyuserid="SYSTEM"
    OwnerKey="DEFAULT" ProcessTypeKey="20030708142438541"
    RequestedFlag="Y" SystemDefined="Y"/>
<DateType ActualFlag="Y" CommittedFlag="Y" Createprogid="XMLMigrator"
    Createts="2020-02-19T13:27:06+00:00" Createuserid="SYSTEM"
    DateTypeId="MIN_SHIPMENT" DateTypeKey="MIN_SHIPMENT"
    Description="Minimum Shipdate" ExpectedFlag="Y" IsMilestone="N"
    Lockid="0" Modifyprogid="XMLMigrator"
    Modifyts="2020-02-19T13:27:06+00:00" Modifyuserid="SYSTEM"
    OwnerKey="DEFAULT" ProcessTypeKey="ORDER_FULFILLMENT"
    RequestedFlag="Y" SystemDefined="Y"/>
<DateType ActualFlag="Y" CommittedFlag="Y" Createprogid="XMLMigrator"
    Createts="2020-02-19T13:27:06+00:00" Createuserid="SYSTEM"
    DateTypeId="MIN_SHIPMENT" DateTypeKey="MIN_SHIPMENT.OD"
    Description="Minimum Shipdate" ExpectedFlag="Y" IsMilestone="N"
    Lockid="0" Modifyprogid="XMLMigrator"
    Modifyts="2020-02-19T13:27:06+00:00" Modifyuserid="SYSTEM"
    OwnerKey="DEFAULT" ProcessTypeKey="ORDER_DELIVERY" RequestedFlag="Y" SystemDefined="Y"/>
<DateType ActualFlag="Y" CommittedFlag="Y" Createprogid="XMLMigrator"
    Createts="2020-02-19T13:27:06+00:00" Createuserid="SYSTEM"
    DateTypeId="MIN_SHIPMENT" DateTypeKey="MIN_SHIPMENT.PO_F"
    Description="Minimum Shipdate" ExpectedFlag="Y" IsMilestone="N"
    Lockid="0" Modifyprogid="XMLMigrator"
    Modifyts="2020-02-19T13:27:06+00:00" Modifyuserid="SYSTEM"
    OwnerKey="DEFAULT" ProcessTypeKey="PO_FULFILLMENT" RequestedFlag="Y" SystemDefined="Y"/>
<DateType ActualFlag="Y" CommittedFlag="Y" Createprogid="XMLMigrator"
    Createts="2020-02-19T13:27:06+00:00" Createuserid="SYSTEM"
    DateTypeId="MIN_SHIPMENT" DateTypeKey="MIN_SHIPMENT.PO_S"
    Description="Minimum Shipdate" ExpectedFlag="Y" IsMilestone="N"
    Lockid="0" Modifyprogid="XMLMigrator"
    Modifyts="2020-02-19T13:27:06+00:00" Modifyuserid="SYSTEM"
    OwnerKey="DEFAULT" ProcessTypeKey="PO_SHIPMENT" RequestedFlag="Y" SystemDefined="Y"/>
<DateType ActualFlag="Y" CommittedFlag="Y" Createprogid="XMLMigrator"
    Createts="2020-02-19T13:27:06+00:00" Createuserid="SYSTEM"
    DateTypeId="MIN_SHIPMENT" DateTypeKey="MIN_SHIPMENT.RS"
    Description="Minimum Shipdate" ExpectedFlag="Y" IsMilestone="N"
    Lockid="0" Modifyprogid="XMLMigrator"
    Modifyts="2020-02-19T13:27:06+00:00" Modifyuserid="SYSTEM"
    OwnerKey="DEFAULT" ProcessTypeKey="RETURN_SHIPMENT"
    RequestedFlag="Y" SystemDefined="Y"/>
<DateType ActualFlag="Y" CommittedFlag="Y" Createprogid="XMLMigrator"
    Createts="2020-02-19T13:27:06+00:00" Createuserid="SYSTEM"
    DateTypeId="MIN_SHIPMENT" DateTypeKey="MIN_SHIPMENT.TO_D"
    Description="Minimum Shipdate" ExpectedFlag="Y" IsMilestone="N"
    Lockid="0" Modifyprogid="XMLMigrator"
    Modifyts="2020-02-19T13:27:06+00:00" Modifyuserid="SYSTEM"
    OwnerKey="DEFAULT" ProcessTypeKey="200307081424521056"
    RequestedFlag="Y" SystemDefined="Y"/>
<DateType ActualFlag="Y" CommittedFlag="Y" Createprogid="XMLMigrator"
    Createts="2020-02-19T13:27:06+00:00" Createuserid="SYSTEM"
    DateTypeId="MIN_SHIPMENT" DateTypeKey="MIN_SHIPMENT.TO_F"
    Description="Minimum Shipdate" ExpectedFlag="Y" IsMilestone="N"
    Lockid="0" Modifyprogid="XMLMigrator"
    Modifyts="2020-02-19T13:27:06+00:00" Modifyuserid="SYSTEM"
    OwnerKey="DEFAULT" ProcessTypeKey="20030708142438541"
    RequestedFlag="Y" SystemDefined="Y"/>
<DateType ActualFlag="Y" CommittedFlag="N" Createprogid="XMLMigrator"
    Createts="2020-02-19T13:27:06+00:00" Createuserid="SYSTEM"
    DateTypeId="DELIVERY" DateTypeKey="MO_DELIVERY_DATE"
    Description="Delivery Date" ExpectedFlag="Y" IsMilestone="N"
    Lockid="0" Modifyprogid="XMLMigrator"
    Modifyts="2020-02-19T13:27:06+00:00" Modifyuserid="SYSTEM"
    OwnerKey="DEFAULT" ProcessTypeKey="MO_FULFILLMENT" RequestedFlag="Y" SystemDefined="Y"/>
<DateType ActualFlag="Y" CommittedFlag="Y" Createprogid="XMLMigrator"
    Createts="2020-02-19T13:27:06+00:00" Createuserid="SYSTEM"
    DateTypeId="MAX_DELIVERY" DateTypeKey="MO_MAX_DELIVERY"
    Description="Maximum Deliverydate" ExpectedFlag="Y" IsMilestone="N"
    Lockid="0" Modifyprogid="XMLMigrator"
    Modifyts="2020-02-19T13:27:06+00:00" Modifyuserid="SYSTEM"
    OwnerKey="DEFAULT" ProcessTypeKey="MO_FULFILLMENT" RequestedFlag="Y" SystemDefined="Y"/>
<DateType ActualFlag="Y" CommittedFlag="Y" Createprogid="XMLMigrator"
    Createts="2020-02-19T13:27:06+00:00" Createuserid="SYSTEM"
    DateTypeId="MAX_SHIPMENT" DateTypeKey="MO_MAX_SHIPMENT"
    Description="Maximum Shipdate" ExpectedFlag="Y" IsMilestone="N"
    Lockid="0" Modifyprogid="XMLMigrator"
    Modifyts="2020-02-19T13:27:06+00:00" Modifyuserid="SYSTEM"
    OwnerKey="DEFAULT" ProcessTypeKey="MO_FULFILLMENT" RequestedFlag="Y" SystemDefined="Y"/>
<DateType ActualFlag="Y" CommittedFlag="Y" Createprogid="XMLMigrator"
    Createts="2020-02-19T13:27:06+00:00" Createuserid="SYSTEM"
    DateTypeId="MIN_DELIVERY" DateTypeKey="MO_MIN_DELIVERY"
    Description="Minimum Deliverydate" ExpectedFlag="Y" IsMilestone="N"
    Lockid="0" Modifyprogid="XMLMigrator"
    Modifyts="2020-02-19T13:27:06+00:00" Modifyuserid="SYSTEM"
    OwnerKey="DEFAULT" ProcessTypeKey="MO_FULFILLMENT" RequestedFlag="Y" SystemDefined="Y"/>
<DateType ActualFlag="Y" CommittedFlag="Y" Createprogid="XMLMigrator"
    Createts="2020-02-19T13:27:06+00:00" Createuserid="SYSTEM"
    DateTypeId="MIN_SHIPMENT" DateTypeKey="MO_MIN_SHIPMENT"
    Description="Minimum Shipdate" ExpectedFlag="Y" IsMilestone="N"
    Lockid="0" Modifyprogid="XMLMigrator"
    Modifyts="2020-02-19T13:27:06+00:00" Modifyuserid="SYSTEM"
    OwnerKey="DEFAULT" ProcessTypeKey="MO_FULFILLMENT" RequestedFlag="Y" SystemDefined="Y"/>
<DateType ActualFlag="Y" CommittedFlag="N" Createprogid="XMLMigrator"
    Createts="2020-02-19T13:27:06+00:00" Createuserid="SYSTEM"
    DateTypeId="NEXT_ITER_DATE" DateTypeKey="MO_NEXT_ITER_DATE"
    Description="Next Iteration Date" ExpectedFlag="N" IsMilestone="N"
    Lockid="0" Modifyprogid="XMLMigrator"
    Modifyts="2020-02-19T13:27:06+00:00" Modifyuserid="SYSTEM"
    OwnerKey="DEFAULT" ProcessTypeKey="MO_FULFILLMENT" RequestedFlag="N" SystemDefined="Y"/>
<DateType ActualFlag="Y" CommittedFlag="N" Createprogid="XMLMigrator"
    Createts="2020-02-19T13:27:06+00:00" Createuserid="SYSTEM"
    DateTypeId="ORDER" DateTypeKey="MO_ORDER_DATE"
    Description="Order Date" ExpectedFlag="N" IsMilestone="N" Lockid="0"
    Modifyprogid="XMLMigrator" Modifyts="2020-02-19T13:27:06+00:00"
    Modifyuserid="SYSTEM" OwnerKey="DEFAULT"
    ProcessTypeKey="MO_FULFILLMENT" RequestedFlag="N" SystemDefined="Y"/>
<DateType ActualFlag="Y" CommittedFlag="N" Createprogid="XMLMigrator"
    Createts="2020-02-19T13:27:06+00:00" Createuserid="SYSTEM"
    DateTypeId="SHIPMENT" DateTypeKey="MO_SHIPMENT_DATE"
    Description="Ship Date" ExpectedFlag="Y" IsMilestone="N" Lockid="0"
    Modifyprogid="XMLMigrator" Modifyts="2020-02-19T13:27:06+00:00"
    Modifyuserid="SYSTEM" OwnerKey="DEFAULT"
    ProcessTypeKey="MO_FULFILLMENT" RequestedFlag="Y" SystemDefined="Y"/>
<DateType ActualFlag="Y" CommittedFlag="N" Createprogid="XMLMigrator"
    Createts="2020-02-19T13:27:06+00:00" Createuserid="SYSTEM"
    DateTypeId="NEXT_ITER_DATE" DateTypeKey="NEXT_ITER_DATE.PO"
    Description="Next Iteration Date" ExpectedFlag="N" IsMilestone="N"
    Lockid="0" Modifyprogid="XMLMigrator"
    Modifyts="2020-02-19T13:27:06+00:00" Modifyuserid="SYSTEM"
    OwnerKey="DEFAULT" ProcessTypeKey="PO_FULFILLMENT" RequestedFlag="N" SystemDefined="Y"/>
<DateType ActualFlag="Y" CommittedFlag="N" Createprogid="XMLMigrator"
    Createts="2020-02-19T13:27:06+00:00" Createuserid="SYSTEM"
    DateTypeId="NEXT_ITER_DATE" DateTypeKey="NEXT_ITER_DATE.RO"
    Description="Next Iteration Date" ExpectedFlag="N" IsMilestone="N"
    Lockid="0" Modifyprogid="XMLMigrator"
    Modifyts="2020-02-19T13:27:06+00:00" Modifyuserid="SYSTEM"
    OwnerKey="DEFAULT" ProcessTypeKey="RETURN_FULFILLMENT"
    RequestedFlag="N" SystemDefined="Y"/>
<DateType ActualFlag="Y" CommittedFlag="N" Createprogid="XMLMigrator"
    Createts="2020-02-19T13:27:06+00:00" Createuserid="SYSTEM"
    DateTypeId="NEXT_ITER_DATE" DateTypeKey="NEXT_ITER_DATE.SO"
    Description="Next Iteration Date" ExpectedFlag="N" IsMilestone="N"
    Lockid="0" Modifyprogid="XMLMigrator"
    Modifyts="2020-02-19T13:27:06+00:00" Modifyuserid="SYSTEM"
    OwnerKey="DEFAULT" ProcessTypeKey="ORDER_FULFILLMENT"
    RequestedFlag="N" SystemDefined="Y"/>
<DateType ActualFlag="Y" CommittedFlag="N" Createprogid="XMLMigrator"
    Createts="2020-02-19T13:27:06+00:00" Createuserid="SYSTEM"
    DateTypeId="NEXT_ITER_DATE" DateTypeKey="NEXT_ITER_DATE.TO"
    Description="Next Iteration Date" ExpectedFlag="N" IsMilestone="N"
    Lockid="0" Modifyprogid="XMLMigrator"
    Modifyts="2020-02-19T13:27:06+00:00" Modifyuserid="SYSTEM"
    OwnerKey="DEFAULT" ProcessTypeKey="20030708142438541"
    RequestedFlag="N" SystemDefined="Y"/>
<DateType ActualFlag="Y" CommittedFlag="N" Createprogid="XMLMigrator"
    Createts="2020-02-19T13:27:06+00:00" Createuserid="SYSTEM"
    DateTypeId="ORDER" DateTypeKey="ORDER_DATE" Description="Order Date"
    ExpectedFlag="N" IsMilestone="N" Lockid="0"
    Modifyprogid="XMLMigrator" Modifyts="2020-02-19T13:27:06+00:00"
    Modifyuserid="SYSTEM" OwnerKey="DEFAULT"
    ProcessTypeKey="ORDER_FULFILLMENT" RequestedFlag="N" SystemDefined="Y"/>
<DateType ActualFlag="Y" CommittedFlag="N" Createprogid="XMLMigrator"
    Createts="2020-02-19T13:27:06+00:00" Createuserid="SYSTEM"
    DateTypeId="PICK" DateTypeKey="PICK.OD" Description="Pick Date"
    ExpectedFlag="Y" IsMilestone="N" Lockid="0"
    Modifyprogid="XMLMigrator" Modifyts="2020-02-19T13:27:06+00:00"
    Modifyuserid="SYSTEM" OwnerKey="DEFAULT"
    ProcessTypeKey="ORDER_DELIVERY" RequestedFlag="N" SystemDefined="Y"/>
<DateType ActualFlag="Y" CommittedFlag="N" Createprogid="XMLMigrator"
    Createts="2020-02-19T13:27:06+00:00" Createuserid="SYSTEM"
    DateTypeId="PLANNED_ORDER_DATE" DateTypeKey="PLANNED_ORDER_DATE"
    Description="Planned Order Date" ExpectedFlag="N" IsMilestone="N"
    Lockid="0" Modifyprogid="XMLMigrator"
    Modifyts="2020-02-19T13:27:06+00:00" Modifyuserid="SYSTEM"
    OwnerKey="DEFAULT" ProcessTypeKey="PLAN_ORDER_FULFILLMENT"
    RequestedFlag="N" SystemDefined="Y"/>
<DateType ActualFlag="Y" CommittedFlag="N" Createprogid="XMLMigrator"
    Createts="2020-02-19T13:27:06+00:00" Createuserid="SYSTEM"
    DateTypeId="ORDER" DateTypeKey="PO_DATE" Description="Order Date"
    ExpectedFlag="N" IsMilestone="N" Lockid="0"
    Modifyprogid="XMLMigrator" Modifyts="2020-02-19T13:27:06+00:00"
    Modifyuserid="SYSTEM" OwnerKey="DEFAULT"
    ProcessTypeKey="PO_FULFILLMENT" RequestedFlag="N" SystemDefined="Y"/>
<DateType ActualFlag="Y" CommittedFlag="N" Createprogid="XMLMigrator"
    Createts="2020-02-19T13:27:06+00:00" Createuserid="SYSTEM"
    DateTypeId="DELIVERY" DateTypeKey="PO_DELIVERY"
    Description="Delivery Date" ExpectedFlag="Y" IsMilestone="N"
    Lockid="0" Modifyprogid="XMLMigrator"
    Modifyts="2020-02-19T13:27:06+00:00" Modifyuserid="SYSTEM"
    OwnerKey="DEFAULT" ProcessTypeKey="PO_SHIPMENT" RequestedFlag="Y" SystemDefined="Y"/>
<DateType ActualFlag="Y" CommittedFlag="N" Createprogid="XMLMigrator"
    Createts="2020-02-19T13:27:06+00:00" Createuserid="SYSTEM"
    DateTypeId="DELIVERY" DateTypeKey="PO_DELIVERY_DATE"
    Description="Delivery Date" ExpectedFlag="Y" IsMilestone="N"
    Lockid="0" Modifyprogid="XMLMigrator"
    Modifyts="2020-02-19T13:27:06+00:00" Modifyuserid="SYSTEM"
    OwnerKey="DEFAULT" ProcessTypeKey="PO_FULFILLMENT" RequestedFlag="Y" SystemDefined="Y"/>
<DateType ActualFlag="Y" CommittedFlag="N" Createprogid="XMLMigrator"
    Createts="2020-02-19T13:27:06+00:00" Createuserid="SYSTEM"
    DateTypeId="SHIPMENT" DateTypeKey="PO_SHIPMENT"
    Description="Ship Date" ExpectedFlag="Y" IsMilestone="N" Lockid="0"
    Modifyprogid="XMLMigrator" Modifyts="2020-02-19T13:27:06+00:00"
    Modifyuserid="SYSTEM" OwnerKey="DEFAULT"
    ProcessTypeKey="PO_SHIPMENT" RequestedFlag="Y" SystemDefined="Y"/>
<DateType ActualFlag="Y" CommittedFlag="N" Createprogid="XMLMigrator"
    Createts="2020-02-19T13:27:06+00:00" Createuserid="SYSTEM"
    DateTypeId="SHIPMENT" DateTypeKey="PO_SHIPMENT_DATE"
    Description="Ship Date" ExpectedFlag="Y" IsMilestone="N" Lockid="0"
    Modifyprogid="XMLMigrator" Modifyts="2020-02-19T13:27:06+00:00"
    Modifyuserid="SYSTEM" OwnerKey="DEFAULT"
    ProcessTypeKey="PO_FULFILLMENT" RequestedFlag="Y" SystemDefined="Y"/>
<DateType ActualFlag="Y" CommittedFlag="N" Createprogid="XMLMigrator"
    Createts="2020-02-19T13:27:06+00:00" Createuserid="SYSTEM"
    DateTypeId="PRICING_DATE" DateTypeKey="PRICING_DATE"
    Description="Pricing Date" ExpectedFlag="N" IsMilestone="N"
    Lockid="0" Modifyprogid="XMLMigrator"
    Modifyts="2020-02-19T13:27:06+00:00" Modifyuserid="SYSTEM"
    OwnerKey="DEFAULT" ProcessTypeKey="QUOTE_FULFILLMENT"
    RequestedFlag="N" SystemDefined="Y"/>
<DateType ActualFlag="Y" CommittedFlag="N" Createprogid="XMLMigrator"
    Createts="2020-02-19T13:27:06+00:00" Createuserid="SYSTEM"
    DateTypeId="RETURN_DATE" DateTypeKey="RETURN_DATE"
    Description="Return Date" ExpectedFlag="N" IsMilestone="N"
    Lockid="0" Modifyprogid="XMLMigrator"
    Modifyts="2020-02-19T13:27:06+00:00" Modifyuserid="SYSTEM"
    OwnerKey="DEFAULT" ProcessTypeKey="RETURN_FULFILLMENT"
    RequestedFlag="N" SystemDefined="Y"/>
<DateType ActualFlag="Y" CommittedFlag="N" Createprogid="XMLMigrator"
    Createts="2020-02-19T13:27:06+00:00" Createuserid="SYSTEM"
    DateTypeId="DELIVERY" DateTypeKey="RT_SHIPMENT_DEL"
    Description="Delivery Date" ExpectedFlag="Y" IsMilestone="N"
    Lockid="0" Modifyprogid="XMLMigrator"
    Modifyts="2020-02-19T13:27:06+00:00" Modifyuserid="SYSTEM"
    OwnerKey="DEFAULT" ProcessTypeKey="RETURN_SHIPMENT"
    RequestedFlag="Y" SystemDefined="Y"/>
<DateType ActualFlag="Y" CommittedFlag="N" Createprogid="XMLMigrator"
    Createts="2020-02-19T13:27:06+00:00" Createuserid="SYSTEM"
    DateTypeId="SHIPMENT" DateTypeKey="RT_SHIPMENT_SHP"
    Description="Ship Date" ExpectedFlag="Y" IsMilestone="N" Lockid="0"
    Modifyprogid="XMLMigrator" Modifyts="2020-02-19T13:27:06+00:00"
    Modifyuserid="SYSTEM" OwnerKey="DEFAULT"
    ProcessTypeKey="RETURN_SHIPMENT" RequestedFlag="Y" SystemDefined="Y"/>
<DateType ActualFlag="Y" CommittedFlag="N" Createprogid="XMLMigrator"
    Createts="2020-02-19T13:27:06+00:00" Createuserid="SYSTEM"
    DateTypeId="SHIPMENT" DateTypeKey="SHIPMENT" Description="Ship Date"
    ExpectedFlag="Y" IsMilestone="N" Lockid="0"
    Modifyprogid="XMLMigrator" Modifyts="2020-02-19T13:27:06+00:00"
    Modifyuserid="SYSTEM" OwnerKey="DEFAULT"
    ProcessTypeKey="ORDER_DELIVERY" RequestedFlag="Y" SystemDefined="Y"/>
<DateType ActualFlag="Y" CommittedFlag="N" Createprogid="XMLMigrator"
    Createts="2020-02-19T13:27:06+00:00" Createuserid="SYSTEM"
    DateTypeId="SHIPMENT" DateTypeKey="SHIPMENT_DATE"
    Description="Ship Date" ExpectedFlag="Y" IsMilestone="N" Lockid="0"
    Modifyprogid="XMLMigrator" Modifyts="2020-02-19T13:27:06+00:00"
    Modifyuserid="SYSTEM" OwnerKey="DEFAULT"
    ProcessTypeKey="ORDER_FULFILLMENT" RequestedFlag="Y" SystemDefined="Y"/>
<DateType ActualFlag="Y" CommittedFlag="N" Createprogid="XMLMigrator"
    Createts="2020-02-19T13:27:06+00:00" Createuserid="SYSTEM"
    DateTypeId="PRICING_DATE" DateTypeKey="SO_PRICING_DATE"
    Description="Pricing Date" ExpectedFlag="N" IsMilestone="N"
    Lockid="0" Modifyprogid="XMLMigrator"
    Modifyts="2020-02-19T13:27:06+00:00" Modifyuserid="SYSTEM"
    OwnerKey="DEFAULT" ProcessTypeKey="ORDER_FULFILLMENT"
    RequestedFlag="N" SystemDefined="Y"/>
<DateType ActualFlag="Y" CommittedFlag="" Createprogid="XMLMigrator"
    Createts="2020-02-19T13:31:40+00:00" Createuserid="SYSTEM"
    DateTypeId="YCD_COMPLETELY_SHIPPED_OR_CANCELLED"
    DateTypeKey="YCDSHPCANCELLED"
    Description="Order line completely shipped or cancelled"
    ExpectedFlag="N" IsMilestone="Y" Lockid="0"
    Modifyprogid="XMLMigrator" Modifyts="2020-02-19T13:31:40+00:00"
    Modifyuserid="SYSTEM" OwnerKey="DEFAULT"
    ProcessTypeKey="ORDER_FULFILLMENT" RequestedFlag="N" SystemDefined="N"/>
<DateType ActualFlag="Y" CommittedFlag="" Createprogid="XMLMigrator"
    Createts="2020-02-19T13:31:40+00:00" Createuserid="SYSTEM"
    DateTypeId="YCD_UNREACHABLE" DateTypeKey="YCDUNREACHABL"
    Description="YCD Unreachable Milestone" ExpectedFlag="N"
    IsMilestone="Y" Lockid="0" Modifyprogid="XMLMigrator"
    Modifyts="2020-02-19T13:31:40+00:00" Modifyuserid="SYSTEM"
    OwnerKey="DEFAULT" ProcessTypeKey="ORDER_FULFILLMENT"
    RequestedFlag="N" SystemDefined="N"/>
</YFS_DATE_TYPEList>