<?xml version="1.0" encoding="UTF-8"?>
<YFS_PIPELINE_LISTENERList TableName="YFS_PIPELINE_LISTENER" TotalNumberOfRecords="30">
<PipelineListener Createprogid="XMLMigrator"
    Createts="2020-02-19T13:31:37+00:00" Createuserid="SYSTEM"
    DropStatus="1600.001" ListenerType="05"
    ListeningToProcessTypeKey="200307081424551176"
    ListeningToStatus="1500"
    ListeningToStatusKey="TO_RECEIPT_STATUS_1500" Lockid="0"
    Modifyprogid="XMLMigrator" Modifyts="2020-02-19T13:31:37+00:00"
    Modifyuserid="SYSTEM" PipelineKey="YCD-TO-SHIPMENT-9.5"
    PipelineListenerKey="1107112614232738-9.5" TransactionKey="200307081424551169"/>
<PipelineListener Createprogid="XMLMigrator"
    Createts="2020-02-19T13:31:37+00:00" Createuserid="SYSTEM"
    DropStatus="" ListenerType="02"
    ListeningToProcessTypeKey="RETURN_FULFILLMENT"
    ListeningToStatus="3780" ListeningToStatusKey="RT_STATUS_3780"
    Lockid="0" Modifyprogid="XMLMigrator"
    Modifyts="2020-02-19T13:31:37+00:00" Modifyuserid="SYSTEM"
    PipelineKey="YCD_SALES-9.5"
    PipelineListenerKey="20072004162133100-9.5" TransactionKey="UNRECEIVE_RETURN"/>
<PipelineListener Createprogid="XMLMigrator"
    Createts="2020-02-19T13:31:37+00:00" Createuserid="SYSTEM"
    DropStatus="" ListenerType="02"
    ListeningToProcessTypeKey="RETURN_FULFILLMENT"
    ListeningToStatus="3900"
    ListeningToStatusKey="RETURN_ORDER_STS_3900" Lockid="0"
    Modifyprogid="XMLMigrator" Modifyts="2020-02-19T13:31:37+00:00"
    Modifyuserid="SYSTEM" PipelineKey="YCD_SALES-9.5"
    PipelineListenerKey="20072004162133200-9.5" TransactionKey="20020619225301852"/>
<PipelineListener Createprogid="XMLMigrator"
    Createts="2020-02-19T13:31:37+00:00" Createuserid="SYSTEM"
    DropStatus="" ListenerType="02"
    ListeningToProcessTypeKey="RETURN_FULFILLMENT"
    ListeningToStatus="9000" ListeningToStatusKey="200206122311155866"
    Lockid="0" Modifyprogid="XMLMigrator"
    Modifyts="2020-02-19T13:31:37+00:00" Modifyuserid="SYSTEM"
    PipelineKey="YCD_SALES-9.5"
    PipelineListenerKey="20072004162133300-9.5" TransactionKey="20020628161026701"/>
<PipelineListener Createprogid="XMLMigrator"
    Createts="2020-02-19T13:31:37+00:00" Createuserid="SYSTEM"
    DropStatus="" ListenerType="02"
    ListeningToProcessTypeKey="RETURN_FULFILLMENT"
    ListeningToStatus="9020"
    ListeningToStatusKey="RETURN_ORDER_STS_9020" Lockid="0"
    Modifyprogid="XMLMigrator" Modifyts="2020-02-19T13:31:37+00:00"
    Modifyuserid="SYSTEM" PipelineKey="YCD_SALES-9.5"
    PipelineListenerKey="20072004162133400-9.5" TransactionKey="20020628161026701"/>
<PipelineListener Createprogid="XMLMigrator"
    Createts="2020-02-19T13:31:37+00:00" Createuserid="SYSTEM"
    DropStatus="" ListenerType="02"
    ListeningToProcessTypeKey="RETURN_FULFILLMENT"
    ListeningToStatus="9100"
    ListeningToStatusKey="RETURN_ORDER_STS_9100" Lockid="0"
    Modifyprogid="XMLMigrator" Modifyts="2020-02-19T13:31:37+00:00"
    Modifyuserid="SYSTEM" PipelineKey="YCD_SALES-9.5"
    PipelineListenerKey="20072004162133500-9.5" TransactionKey="20020619225301852"/>
<PipelineListener Createprogid="XMLMigrator"
    Createts="2020-02-19T13:26:42+00:00" Createuserid="SYSTEM"
    DropStatus="1600.01" ListenerType="05"
    ListeningToProcessTypeKey="PO_RECEIPT" ListeningToStatus="1500"
    ListeningToStatusKey="PO_RECEIPT_STATUS_1500" Lockid="0"
    Modifyprogid="XMLMigrator" Modifyts="2020-02-19T13:26:42+00:00"
    Modifyuserid="SYSTEM" PipelineKey="PO-SHIPMENT-9.5"
    PipelineListenerKey="2015112414064919154" TransactionKey="RCPT_CLOSURE_LSNR.0005"/>
<PipelineListener Createprogid="XMLMigrator"
    Createts="2020-02-19T13:26:42+00:00" Createuserid="SYSTEM"
    DropStatus="" ListenerType="05"
    ListeningToProcessTypeKey="RETURN_RECEIPT" ListeningToStatus="1500"
    ListeningToStatusKey="RT_RECEIPT_STATUS_1500" Lockid="0"
    Modifyprogid="XMLMigrator" Modifyts="2020-02-19T13:26:42+00:00"
    Modifyuserid="SYSTEM" PipelineKey="RETURN-SHIPMENT-9.5"
    PipelineListenerKey="2015112414065019744" TransactionKey="200602101149005559"/>
<PipelineListener Createprogid="XMLMigrator"
    Createts="2020-02-19T13:26:42+00:00" Createuserid="SYSTEM"
    DropStatus="3700.01" ListenerType="02"
    ListeningToProcessTypeKey="RETURN_FULFILLMENT"
    ListeningToStatus="3780" ListeningToStatusKey="RT_STATUS_3780"
    Lockid="0" Modifyprogid="XMLMigrator"
    Modifyts="2020-02-19T13:26:42+00:00" Modifyuserid="SYSTEM"
    PipelineKey="SALES-9.5" PipelineListenerKey="2015112414065019779" TransactionKey="UNRECEIVE_RETURN"/>
<PipelineListener Createprogid="XMLMigrator"
    Createts="2020-02-19T13:26:42+00:00" Createuserid="SYSTEM"
    DropStatus="3700.02" ListenerType="02"
    ListeningToProcessTypeKey="RETURN_FULFILLMENT"
    ListeningToStatus="3900"
    ListeningToStatusKey="RETURN_ORDER_STS_3900" Lockid="0"
    Modifyprogid="XMLMigrator" Modifyts="2020-02-19T13:26:42+00:00"
    Modifyuserid="SYSTEM" PipelineKey="SALES-9.5"
    PipelineListenerKey="2015112414065019781" TransactionKey="20020619225301852"/>
<PipelineListener Createprogid="XMLMigrator"
    Createts="2020-02-19T13:26:42+00:00" Createuserid="SYSTEM"
    DropStatus="3700" ListenerType="02"
    ListeningToProcessTypeKey="RETURN_FULFILLMENT"
    ListeningToStatus="9000" ListeningToStatusKey="200206122311155866"
    Lockid="0" Modifyprogid="XMLMigrator"
    Modifyts="2020-02-19T13:26:42+00:00" Modifyuserid="SYSTEM"
    PipelineKey="SALES-9.5" PipelineListenerKey="2015112414065019783" TransactionKey="20020628161026701"/>
<PipelineListener Createprogid="XMLMigrator"
    Createts="2020-02-19T13:26:42+00:00" Createuserid="SYSTEM"
    DropStatus="3700" ListenerType="02"
    ListeningToProcessTypeKey="RETURN_FULFILLMENT"
    ListeningToStatus="9020"
    ListeningToStatusKey="RETURN_ORDER_STS_9020" Lockid="0"
    Modifyprogid="XMLMigrator" Modifyts="2020-02-19T13:26:42+00:00"
    Modifyuserid="SYSTEM" PipelineKey="SALES-9.5"
    PipelineListenerKey="2015112414065019785" TransactionKey="20020628161026701"/>
<PipelineListener Createprogid="XMLMigrator"
    Createts="2020-02-19T13:26:42+00:00" Createuserid="SYSTEM"
    DropStatus="3700.02" ListenerType="02"
    ListeningToProcessTypeKey="RETURN_FULFILLMENT"
    ListeningToStatus="9100"
    ListeningToStatusKey="RETURN_ORDER_STS_9100" Lockid="0"
    Modifyprogid="XMLMigrator" Modifyts="2020-02-19T13:26:42+00:00"
    Modifyuserid="SYSTEM" PipelineKey="SALES-9.5"
    PipelineListenerKey="2015112414065019787" TransactionKey="20020619225301852"/>
<PipelineListener Createprogid="XMLMigrator"
    Createts="2020-02-19T13:26:42+00:00" Createuserid="SYSTEM"
    DropStatus="3700.01" ListenerType="02"
    ListeningToProcessTypeKey="RETURN_FULFILLMENT"
    ListeningToStatus="3780" ListeningToStatusKey="RT_STATUS_3780"
    Lockid="0" Modifyprogid="XMLMigrator"
    Modifyts="2020-02-19T13:26:42+00:00" Modifyuserid="SYSTEM"
    PipelineKey="SALES-BUNDLE-9.5"
    PipelineListenerKey="2015112414065120092" TransactionKey="UNRECEIVE_RETURN"/>
<PipelineListener Createprogid="XMLMigrator"
    Createts="2020-02-19T13:26:42+00:00" Createuserid="SYSTEM"
    DropStatus="3700.02" ListenerType="02"
    ListeningToProcessTypeKey="RETURN_FULFILLMENT"
    ListeningToStatus="3900"
    ListeningToStatusKey="RETURN_ORDER_STS_3900" Lockid="0"
    Modifyprogid="XMLMigrator" Modifyts="2020-02-19T13:26:42+00:00"
    Modifyuserid="SYSTEM" PipelineKey="SALES-BUNDLE-9.5"
    PipelineListenerKey="2015112414065120094" TransactionKey="20020619225301852"/>
<PipelineListener Createprogid="XMLMigrator"
    Createts="2020-02-19T13:26:42+00:00" Createuserid="SYSTEM"
    DropStatus="3700" ListenerType="02"
    ListeningToProcessTypeKey="RETURN_FULFILLMENT"
    ListeningToStatus="9000" ListeningToStatusKey="200206122311155866"
    Lockid="0" Modifyprogid="XMLMigrator"
    Modifyts="2020-02-19T13:26:42+00:00" Modifyuserid="SYSTEM"
    PipelineKey="SALES-BUNDLE-9.5"
    PipelineListenerKey="2015112414065120096" TransactionKey="20020628161026701"/>
<PipelineListener Createprogid="XMLMigrator"
    Createts="2020-02-19T13:26:42+00:00" Createuserid="SYSTEM"
    DropStatus="3700" ListenerType="02"
    ListeningToProcessTypeKey="RETURN_FULFILLMENT"
    ListeningToStatus="9020"
    ListeningToStatusKey="RETURN_ORDER_STS_9020" Lockid="0"
    Modifyprogid="XMLMigrator" Modifyts="2020-02-19T13:26:42+00:00"
    Modifyuserid="SYSTEM" PipelineKey="SALES-BUNDLE-9.5"
    PipelineListenerKey="2015112414065120098" TransactionKey="20020628161026701"/>
<PipelineListener Createprogid="XMLMigrator"
    Createts="2020-02-19T13:26:42+00:00" Createuserid="SYSTEM"
    DropStatus="3700.02" ListenerType="02"
    ListeningToProcessTypeKey="RETURN_FULFILLMENT"
    ListeningToStatus="9100"
    ListeningToStatusKey="RETURN_ORDER_STS_9100" Lockid="0"
    Modifyprogid="XMLMigrator" Modifyts="2020-02-19T13:26:42+00:00"
    Modifyuserid="SYSTEM" PipelineKey="SALES-BUNDLE-9.5"
    PipelineListenerKey="2015112414065120100" TransactionKey="20020619225301852"/>
<PipelineListener Createprogid="XMLMigrator"
    Createts="2020-02-19T13:26:42+00:00" Createuserid="SYSTEM"
    DropStatus="2141" ListenerType="08" ListeningToProcessTypeKey="VAS"
    ListeningToStatus="1400" ListeningToStatusKey="WORK_ORDER_CONFIRMED"
    Lockid="0" Modifyprogid="XMLMigrator"
    Modifyts="2020-02-19T13:26:42+00:00" Modifyuserid="SYSTEM"
    PipelineKey="SALES-BUNDLE-9.5"
    PipelineListenerKey="2015112414065120102" TransactionKey="WORK_ORDER_LISTENER.0001"/>
<PipelineListener Createprogid="XMLMigrator"
    Createts="2020-02-19T13:32:26+00:00" Createuserid="SYSTEM"
    DropStatus="3700.01" ListenerType="02"
    ListeningToProcessTypeKey="RETURN_FULFILLMENT"
    ListeningToStatus="3780" ListeningToStatusKey="RT_STATUS_3780"
    Lockid="0" Modifyprogid="XMLMigrator"
    Modifyts="2020-02-19T13:32:26+00:00" Modifyuserid="SYSTEM"
    PipelineKey="STORE-CARRYLINE-9.5"
    PipelineListenerKey="20160202184349126126" TransactionKey="UNRECEIVE_RETURN"/>
<PipelineListener Createprogid="XMLMigrator"
    Createts="2020-02-19T13:32:26+00:00" Createuserid="SYSTEM"
    DropStatus="3700.02" ListenerType="02"
    ListeningToProcessTypeKey="RETURN_FULFILLMENT"
    ListeningToStatus="3900"
    ListeningToStatusKey="RETURN_ORDER_STS_3900" Lockid="0"
    Modifyprogid="XMLMigrator" Modifyts="2020-02-19T13:32:26+00:00"
    Modifyuserid="SYSTEM" PipelineKey="STORE-CARRYLINE-9.5"
    PipelineListenerKey="20160202184349126128" TransactionKey="20020619225301852"/>
<PipelineListener Createprogid="XMLMigrator"
    Createts="2020-02-19T13:32:26+00:00" Createuserid="SYSTEM"
    DropStatus="3700" ListenerType="02"
    ListeningToProcessTypeKey="RETURN_FULFILLMENT"
    ListeningToStatus="9000" ListeningToStatusKey="200206122311155866"
    Lockid="0" Modifyprogid="XMLMigrator"
    Modifyts="2020-02-19T13:32:26+00:00" Modifyuserid="SYSTEM"
    PipelineKey="STORE-CARRYLINE-9.5"
    PipelineListenerKey="20160202184349126130" TransactionKey="20020628161026701"/>
<PipelineListener Createprogid="XMLMigrator"
    Createts="2020-02-19T13:32:26+00:00" Createuserid="SYSTEM"
    DropStatus="3700" ListenerType="02"
    ListeningToProcessTypeKey="RETURN_FULFILLMENT"
    ListeningToStatus="9020"
    ListeningToStatusKey="RETURN_ORDER_STS_9020" Lockid="0"
    Modifyprogid="XMLMigrator" Modifyts="2020-02-19T13:32:26+00:00"
    Modifyuserid="SYSTEM" PipelineKey="STORE-CARRYLINE-9.5"
    PipelineListenerKey="20160202184349126132" TransactionKey="20020628161026701"/>
<PipelineListener Createprogid="XMLMigrator"
    Createts="2020-02-19T13:32:26+00:00" Createuserid="SYSTEM"
    DropStatus="3700.02" ListenerType="02"
    ListeningToProcessTypeKey="RETURN_FULFILLMENT"
    ListeningToStatus="9100"
    ListeningToStatusKey="RETURN_ORDER_STS_9100" Lockid="0"
    Modifyprogid="XMLMigrator" Modifyts="2020-02-19T13:32:26+00:00"
    Modifyuserid="SYSTEM" PipelineKey="STORE-CARRYLINE-9.5"
    PipelineListenerKey="20160202184349126134" TransactionKey="20020619225301852"/>
<PipelineListener Createprogid="XMLMigrator"
    Createts="2020-04-12T18:26:14+00:00" Createuserid="SYSTEM"
    DropStatus="" ListenerType="02"
    ListeningToProcessTypeKey="RETURN_FULFILLMENT"
    ListeningToStatus="3780" ListeningToStatusKey="RT_STATUS_3780"
    Lockid="0" Modifyprogid="XMLMigrator"
    Modifyts="2020-04-12T18:26:14+00:00" Modifyuserid="SYSTEM"
    PipelineKey="2020041218261345490"
    PipelineListenerKey="2020041218261445715" TransactionKey="UNRECEIVE_RETURN"/>
<PipelineListener Createprogid="XMLMigrator"
    Createts="2020-04-12T18:26:14+00:00" Createuserid="SYSTEM"
    DropStatus="" ListenerType="02"
    ListeningToProcessTypeKey="RETURN_FULFILLMENT"
    ListeningToStatus="3900"
    ListeningToStatusKey="RETURN_ORDER_STS_3900" Lockid="0"
    Modifyprogid="XMLMigrator" Modifyts="2020-04-12T18:26:14+00:00"
    Modifyuserid="SYSTEM" PipelineKey="2020041218261345490"
    PipelineListenerKey="2020041218261445717" TransactionKey="20020619225301852"/>
<PipelineListener Createprogid="XMLMigrator"
    Createts="2020-04-12T18:26:14+00:00" Createuserid="SYSTEM"
    DropStatus="" ListenerType="02"
    ListeningToProcessTypeKey="RETURN_FULFILLMENT"
    ListeningToStatus="9000" ListeningToStatusKey="200206122311155866"
    Lockid="0" Modifyprogid="XMLMigrator"
    Modifyts="2020-04-12T18:26:14+00:00" Modifyuserid="SYSTEM"
    PipelineKey="2020041218261345490"
    PipelineListenerKey="2020041218261445719" TransactionKey="20020628161026701"/>
<PipelineListener Createprogid="XMLMigrator"
    Createts="2020-04-12T18:26:14+00:00" Createuserid="SYSTEM"
    DropStatus="" ListenerType="02"
    ListeningToProcessTypeKey="RETURN_FULFILLMENT"
    ListeningToStatus="9020"
    ListeningToStatusKey="RETURN_ORDER_STS_9020" Lockid="0"
    Modifyprogid="XMLMigrator" Modifyts="2020-04-12T18:26:14+00:00"
    Modifyuserid="SYSTEM" PipelineKey="2020041218261345490"
    PipelineListenerKey="2020041218261445721" TransactionKey="20020628161026701"/>
<PipelineListener Createprogid="XMLMigrator"
    Createts="2020-04-12T18:26:14+00:00" Createuserid="SYSTEM"
    DropStatus="" ListenerType="02"
    ListeningToProcessTypeKey="RETURN_FULFILLMENT"
    ListeningToStatus="9100"
    ListeningToStatusKey="RETURN_ORDER_STS_9100" Lockid="0"
    Modifyprogid="XMLMigrator" Modifyts="2020-04-12T18:26:14+00:00"
    Modifyuserid="SYSTEM" PipelineKey="2020041218261345490"
    PipelineListenerKey="2020041218261445723" TransactionKey="20020619225301852"/>
<PipelineListener Createprogid=".YCPWFRepositoryAPI"
    Createts="2020-04-13T13:00:11+00:00"
    Createuserid="bharat_rajagopalan@uk.ibm.com" DropStatus="3350.2000"
    ListenerType="03" ListeningToProcessTypeKey="ORDER_DELIVERY"
    ListeningToStatus="1100.70.06.30"
    ListeningToStatusKey="YCD_READY_CUSTOMER_PICK" Lockid="0"
    Modifyprogid=".YCPWFRepositoryAPI"
    Modifyts="2020-04-13T13:00:11+00:00"
    Modifyuserid="bharat_rajagopalan@uk.ibm.com"
    PipelineKey="2020041218261345490"
    PipelineListenerKey="2020041313001166354" TransactionKey="2020041311302255550"/>
</YFS_PIPELINE_LISTENERList>