<?xml version="1.0" encoding="UTF-8"?>
<YFS_BASE_CONFIG_TASK_DEPList TableName="YFS_BASE_CONFIG_TASK_DEP" TotalNumberOfRecords="58">
<BaseConfigTaskDependency BaseConfigTaskDependencyKey="CPManagementDep"
    ConfigTaskID="Change_Project_Management" Createprogid="XMLMigrator"
    Createts="2020-02-19T13:31:27+00:00" Createuserid="SYSTEM"
    Lockid="0" Modifyprogid="XMLMigrator"
    Modifyts="2020-02-19T13:31:27+00:00" Modifyuserid="SYSTEM"
    PCAModuleCode="SAA" PredecessorConfigTaskID="Enterprise_Data" PredecessorPCAModuleCode="SAA"/>
<BaseConfigTaskDependency BaseConfigTaskDependencyKey="Config_WMS_Task"
    ConfigTaskID="Config_WMS_Task" Createprogid="XMLMigrator"
    Createts="2020-02-19T13:31:27+00:00" Createuserid="SYSTEM"
    Lockid="0" Modifyprogid="XMLMigrator"
    Modifyts="2020-02-19T13:31:27+00:00" Modifyuserid="SYSTEM"
    PCAModuleCode="SAA" PredecessorConfigTaskID="Enterprise_Data" PredecessorPCAModuleCode="SAA"/>
<BaseConfigTaskDependency BaseConfigTaskDependencyKey="SOM_TASK_DEP_50"
    ConfigTaskID="YCD_Store_Specific_Tasks" Createprogid="XMLMigrator"
    Createts="2020-02-19T13:32:24+00:00" Createuserid="SYSTEM"
    Lockid="0" Modifyprogid="XMLMigrator"
    Modifyts="2020-02-19T13:32:24+00:00" Modifyuserid="SYSTEM"
    PCAModuleCode="SAA" PredecessorConfigTaskID="Enterprise_Data" PredecessorPCAModuleCode="SAA"/>
<BaseConfigTaskDependency BaseConfigTaskDependencyKey="SOM_TASK_DEP_51"
    ConfigTaskID="YCD_Store_Users" Createprogid="XMLMigrator"
    Createts="2020-02-19T13:32:24+00:00" Createuserid="SYSTEM"
    Lockid="0" Modifyprogid="XMLMigrator"
    Modifyts="2020-02-19T13:32:24+00:00" Modifyuserid="SYSTEM"
    PCAModuleCode="SAA" PredecessorConfigTaskID="Groups" PredecessorPCAModuleCode="SAA"/>
<BaseConfigTaskDependency BaseConfigTaskDependencyKey="YCD_TASK_DEP_100"
    ConfigTaskID="Users" Createprogid="XMLMigrator"
    Createts="2020-02-19T13:31:27+00:00" Createuserid="SYSTEM"
    Lockid="0" Modifyprogid="XMLMigrator"
    Modifyts="2020-02-19T13:31:27+00:00" Modifyuserid="SYSTEM"
    PCAModuleCode="SAA" PredecessorConfigTaskID="Groups" PredecessorPCAModuleCode="SAA"/>
<BaseConfigTaskDependency BaseConfigTaskDependencyKey="YCD_TASK_DEP_101"
    ConfigTaskID="System_Administration" Createprogid="XMLMigrator"
    Createts="2020-02-19T13:31:27+00:00" Createuserid="SYSTEM"
    Lockid="0" Modifyprogid="XMLMigrator"
    Modifyts="2020-02-19T13:31:27+00:00" Modifyuserid="SYSTEM"
    PCAModuleCode="SAA" PredecessorConfigTaskID="Enterprise_Data" PredecessorPCAModuleCode="SAA"/>
<BaseConfigTaskDependency BaseConfigTaskDependencyKey="YCD_TASK_DEP_102"
    ConfigTaskID="Modifications_Impacting_Pricing"
    Createprogid="XMLMigrator" Createts="2020-02-19T13:31:27+00:00"
    Createuserid="SYSTEM" Lockid="0" Modifyprogid="XMLMigrator"
    Modifyts="2020-02-19T13:31:27+00:00" Modifyuserid="SYSTEM"
    PCAModuleCode="SAA"
    PredecessorConfigTaskID="Order_Modification_Types" PredecessorPCAModuleCode="SAA"/>
<BaseConfigTaskDependency BaseConfigTaskDependencyKey="YCD_TASK_DEP_104"
    ConfigTaskID="Currency_Conversions" Createprogid="XMLMigrator"
    Createts="2020-02-19T13:31:27+00:00" Createuserid="SYSTEM"
    Lockid="0" Modifyprogid="XMLMigrator"
    Modifyts="2020-02-19T13:31:27+00:00" Modifyuserid="SYSTEM"
    PCAModuleCode="SAA" PredecessorConfigTaskID="Currency_Definitions" PredecessorPCAModuleCode="SAA"/>
<BaseConfigTaskDependency BaseConfigTaskDependencyKey="YCD_TASK_DEP_105"
    ConfigTaskID="Custom_Common_Codes" Createprogid="XMLMigrator"
    Createts="2020-02-19T13:31:27+00:00" Createuserid="SYSTEM"
    Lockid="0" Modifyprogid="XMLMigrator"
    Modifyts="2020-02-19T13:31:27+00:00" Modifyuserid="SYSTEM"
    PCAModuleCode="SAA"
    PredecessorConfigTaskID="Custom_Common_Code_Types" PredecessorPCAModuleCode="SAA"/>
<BaseConfigTaskDependency BaseConfigTaskDependencyKey="YCD_TASK_DEP_106"
    ConfigTaskID="Additional_Capacity" Createprogid="XMLMigrator"
    Createts="2020-02-19T13:31:27+00:00" Createuserid="SYSTEM"
    Lockid="0" Modifyprogid="XMLMigrator"
    Modifyts="2020-02-19T13:31:27+00:00" Modifyuserid="SYSTEM"
    PCAModuleCode="SAA" PredecessorConfigTaskID="Delivery_Service_Types" PredecessorPCAModuleCode="SAA"/>
<BaseConfigTaskDependency BaseConfigTaskDependencyKey="YCD_TASK_DEP_107"
    ConfigTaskID="Config_Qualified_Tag" Createprogid="XMLMigrator"
    Createts="2020-02-19T13:31:27+00:00" Createuserid="SYSTEM"
    Lockid="0" Modifyprogid="XMLMigrator"
    Modifyts="2020-02-19T13:31:27+00:00" Modifyuserid="SYSTEM"
    PCAModuleCode="SAA"
    PredecessorConfigTaskID="Config_Qualified_Tag_Type" PredecessorPCAModuleCode="SAA"/>
<BaseConfigTaskDependency BaseConfigTaskDependencyKey="YCD_TASK_DEP_108"
    ConfigTaskID="Config_Qualified_Tag_Ver_Compatibility"
    Createprogid="XMLMigrator" Createts="2020-02-19T13:31:27+00:00"
    Createuserid="SYSTEM" Lockid="0" Modifyprogid="XMLMigrator"
    Modifyts="2020-02-19T13:31:27+00:00" Modifyuserid="SYSTEM"
    PCAModuleCode="SAA" PredecessorConfigTaskID="Config_Qualified_Tag" PredecessorPCAModuleCode="SAA"/>
<BaseConfigTaskDependency BaseConfigTaskDependencyKey="YCD_TASK_DEP_109"
    ConfigTaskID="Config_Qualified_Tag_Ver_Compatibility"
    Createprogid="XMLMigrator" Createts="2020-02-19T13:31:27+00:00"
    Createuserid="SYSTEM" Lockid="0" Modifyprogid="XMLMigrator"
    Modifyts="2020-02-19T13:31:27+00:00" Modifyuserid="SYSTEM"
    PCAModuleCode="SAA"
    PredecessorConfigTaskID="Config_Application_Version" PredecessorPCAModuleCode="SAA"/>
<BaseConfigTaskDependency BaseConfigTaskDependencyKey="YCD_TASK_DEP_110"
    ConfigTaskID="Config_Version_Spec_Codes_Sales_Order"
    Createprogid="XMLMigrator" Createts="2020-02-19T13:31:27+00:00"
    Createuserid="SYSTEM" Lockid="0" Modifyprogid="XMLMigrator"
    Modifyts="2020-02-19T13:31:27+00:00" Modifyuserid="SYSTEM"
    PCAModuleCode="SAA" PredecessorConfigTaskID="Config_Qualified_Tag" PredecessorPCAModuleCode="SAA"/>
<BaseConfigTaskDependency BaseConfigTaskDependencyKey="YCD_TASK_DEP_111"
    ConfigTaskID="Config_Version_Spec_Codes_Return_Order"
    Createprogid="XMLMigrator" Createts="2020-02-19T13:31:27+00:00"
    Createuserid="SYSTEM" Lockid="0" Modifyprogid="XMLMigrator"
    Modifyts="2020-02-19T13:31:27+00:00" Modifyuserid="SYSTEM"
    PCAModuleCode="SAA" PredecessorConfigTaskID="Config_Qualified_Tag" PredecessorPCAModuleCode="SAA"/>
<BaseConfigTaskDependency BaseConfigTaskDependencyKey="YCD_TASK_DEP_112"
    ConfigTaskID="Config_Version_Specific_Rules"
    Createprogid="XMLMigrator" Createts="2020-02-19T13:31:27+00:00"
    Createuserid="SYSTEM" Lockid="0" Modifyprogid="XMLMigrator"
    Modifyts="2020-02-19T13:31:27+00:00" Modifyuserid="SYSTEM"
    PCAModuleCode="SAA" PredecessorConfigTaskID="Config_Qualified_Tag" PredecessorPCAModuleCode="SAA"/>
<BaseConfigTaskDependency BaseConfigTaskDependencyKey="YCD_TASK_DEP_113"
    ConfigTaskID="Config_Order_Tags_For_Sales_Order"
    Createprogid="XMLMigrator" Createts="2020-02-19T13:31:27+00:00"
    Createuserid="SYSTEM" Lockid="0" Modifyprogid="XMLMigrator"
    Modifyts="2020-02-19T13:31:27+00:00" Modifyuserid="SYSTEM"
    PCAModuleCode="SAA" PredecessorConfigTaskID="Config_Qualified_Tag" PredecessorPCAModuleCode="SAA"/>
<BaseConfigTaskDependency BaseConfigTaskDependencyKey="YCD_TASK_DEP_114"
    ConfigTaskID="Quote_Administration" Createprogid="XMLMigrator"
    Createts="2020-02-19T13:31:27+00:00" Createuserid="SYSTEM"
    Lockid="0" Modifyprogid="XMLMigrator"
    Modifyts="2020-02-19T13:31:27+00:00" Modifyuserid="SYSTEM"
    PCAModuleCode="SAA" PredecessorConfigTaskID="Enterprise_Data" PredecessorPCAModuleCode="SAA"/>
<BaseConfigTaskDependency BaseConfigTaskDependencyKey="YCD_TASK_DEP_115"
    ConfigTaskID="Opportunity_Administration" Createprogid="XMLMigrator"
    Createts="2020-02-19T13:31:27+00:00" Createuserid="SYSTEM"
    Lockid="0" Modifyprogid="XMLMigrator"
    Modifyts="2020-02-19T13:31:27+00:00" Modifyuserid="SYSTEM"
    PCAModuleCode="SAA" PredecessorConfigTaskID="Enterprise_Data" PredecessorPCAModuleCode="SAA"/>
<BaseConfigTaskDependency BaseConfigTaskDependencyKey="YCD_TASK_DEP_116"
    ConfigTaskID="Pricing_Administration" Createprogid="XMLMigrator"
    Createts="2020-02-19T13:31:27+00:00" Createuserid="SYSTEM"
    Lockid="0" Modifyprogid="XMLMigrator"
    Modifyts="2020-02-19T13:31:27+00:00" Modifyuserid="SYSTEM"
    PCAModuleCode="SAA" PredecessorConfigTaskID="Enterprise_Data" PredecessorPCAModuleCode="SAA"/>
<BaseConfigTaskDependency BaseConfigTaskDependencyKey="YCD_TASK_DEP_50"
    ConfigTaskID="Supply_Chain_Network_Model" Createprogid="XMLMigrator"
    Createts="2020-02-19T13:31:27+00:00" Createuserid="SYSTEM"
    Lockid="0" Modifyprogid="XMLMigrator"
    Modifyts="2020-02-19T13:31:27+00:00" Modifyuserid="SYSTEM"
    PCAModuleCode="SAA" PredecessorConfigTaskID="Enterprise_Data" PredecessorPCAModuleCode="SAA"/>
<BaseConfigTaskDependency BaseConfigTaskDependencyKey="YCD_TASK_DEP_51"
    ConfigTaskID="Fulfillment_Network_Model" Createprogid="XMLMigrator"
    Createts="2020-02-19T13:31:27+00:00" Createuserid="SYSTEM"
    Lockid="0" Modifyprogid="XMLMigrator"
    Modifyts="2020-02-19T13:31:27+00:00" Modifyuserid="SYSTEM"
    PCAModuleCode="SAA" PredecessorConfigTaskID="Node_Types" PredecessorPCAModuleCode="SAA"/>
<BaseConfigTaskDependency BaseConfigTaskDependencyKey="YCD_TASK_DEP_52"
    ConfigTaskID="Fulfillment_Network_Model" Createprogid="XMLMigrator"
    Createts="2020-02-19T13:31:27+00:00" Createuserid="SYSTEM"
    Lockid="0" Modifyprogid="XMLMigrator"
    Modifyts="2020-02-19T13:31:27+00:00" Modifyuserid="SYSTEM"
    PCAModuleCode="SAA" PredecessorConfigTaskID="Participant_Setup" PredecessorPCAModuleCode="SAA"/>
<BaseConfigTaskDependency BaseConfigTaskDependencyKey="YCD_TASK_DEP_53"
    ConfigTaskID="Region_Schemas" Createprogid="XMLMigrator"
    Createts="2020-02-19T13:31:27+00:00" Createuserid="SYSTEM"
    Lockid="0" Modifyprogid="XMLMigrator"
    Modifyts="2020-02-19T13:31:27+00:00" Modifyuserid="SYSTEM"
    PCAModuleCode="SAA" PredecessorConfigTaskID="Region_Levels" PredecessorPCAModuleCode="SAA"/>
<BaseConfigTaskDependency BaseConfigTaskDependencyKey="YCD_TASK_DEP_54"
    ConfigTaskID="Products" Createprogid="XMLMigrator"
    Createts="2020-02-19T13:31:27+00:00" Createuserid="SYSTEM"
    Lockid="0" Modifyprogid="XMLMigrator"
    Modifyts="2020-02-19T13:31:27+00:00" Modifyuserid="SYSTEM"
    PCAModuleCode="SAA" PredecessorConfigTaskID="Enterprise_Data" PredecessorPCAModuleCode="SAA"/>
<BaseConfigTaskDependency BaseConfigTaskDependencyKey="YCD_TASK_DEP_55"
    ConfigTaskID="Items" Createprogid="XMLMigrator"
    Createts="2020-02-19T13:31:27+00:00" Createuserid="SYSTEM"
    Lockid="0" Modifyprogid="XMLMigrator"
    Modifyts="2020-02-19T13:31:27+00:00" Modifyuserid="SYSTEM"
    PCAModuleCode="SAA" PredecessorConfigTaskID="Item_UOM_Master" PredecessorPCAModuleCode="SAA"/>
<BaseConfigTaskDependency BaseConfigTaskDependencyKey="YCD_TASK_DEP_57"
    ConfigTaskID="Item_Classification_Hierarchy"
    Createprogid="XMLMigrator" Createts="2020-02-19T13:31:27+00:00"
    Createuserid="SYSTEM" Lockid="0" Modifyprogid="XMLMigrator"
    Modifyts="2020-02-19T13:31:27+00:00" Modifyuserid="SYSTEM"
    PCAModuleCode="SAA"
    PredecessorConfigTaskID="Item_Classification_Definition" PredecessorPCAModuleCode="SAA"/>
<BaseConfigTaskDependency BaseConfigTaskDependencyKey="YCD_TASK_DEP_58"
    ConfigTaskID="Customer" Createprogid="XMLMigrator"
    Createts="2020-02-19T13:31:27+00:00" Createuserid="SYSTEM"
    Lockid="0" Modifyprogid="XMLMigrator"
    Modifyts="2020-02-19T13:31:27+00:00" Modifyuserid="SYSTEM"
    PCAModuleCode="SAA" PredecessorConfigTaskID="Enterprise_Data" PredecessorPCAModuleCode="SAA"/>
<BaseConfigTaskDependency BaseConfigTaskDependencyKey="YCD_TASK_DEP_59"
    ConfigTaskID="Customer_Rules" Createprogid="XMLMigrator"
    Createts="2020-02-19T13:31:27+00:00" Createuserid="SYSTEM"
    Lockid="0" Modifyprogid="XMLMigrator"
    Modifyts="2020-02-19T13:31:27+00:00" Modifyuserid="SYSTEM"
    PCAModuleCode="SAA" PredecessorConfigTaskID="Slot_Groups" PredecessorPCAModuleCode="SAA"/>
<BaseConfigTaskDependency BaseConfigTaskDependencyKey="YCD_TASK_DEP_60"
    ConfigTaskID="Customer_Definitions" Createprogid="XMLMigrator"
    Createts="2020-02-19T13:31:27+00:00" Createuserid="SYSTEM"
    Lockid="0" Modifyprogid="XMLMigrator"
    Modifyts="2020-02-19T13:31:27+00:00" Modifyuserid="SYSTEM"
    PCAModuleCode="SAA" PredecessorConfigTaskID="Customer_Rules" PredecessorPCAModuleCode="SAA"/>
<BaseConfigTaskDependency BaseConfigTaskDependencyKey="YCD_TASK_DEP_61"
    ConfigTaskID="Customer_Definitions" Createprogid="XMLMigrator"
    Createts="2020-02-19T13:31:27+00:00" Createuserid="SYSTEM"
    Lockid="0" Modifyprogid="XMLMigrator"
    Modifyts="2020-02-19T13:31:27+00:00" Modifyuserid="SYSTEM"
    PCAModuleCode="SAA" PredecessorConfigTaskID="Contact_Types" PredecessorPCAModuleCode="SAA"/>
<BaseConfigTaskDependency BaseConfigTaskDependencyKey="YCD_TASK_DEP_62"
    ConfigTaskID="Order_Promising" Createprogid="XMLMigrator"
    Createts="2020-02-19T13:31:27+00:00" Createuserid="SYSTEM"
    Lockid="0" Modifyprogid="XMLMigrator"
    Modifyts="2020-02-19T13:31:27+00:00" Modifyuserid="SYSTEM"
    PCAModuleCode="SAA" PredecessorConfigTaskID="Enterprise_Data" PredecessorPCAModuleCode="SAA"/>
<BaseConfigTaskDependency BaseConfigTaskDependencyKey="YCD_TASK_DEP_63"
    ConfigTaskID="Order_Promising" Createprogid="XMLMigrator"
    Createts="2020-02-19T13:31:27+00:00" Createuserid="SYSTEM"
    Lockid="0" Modifyprogid="XMLMigrator"
    Modifyts="2020-02-19T13:31:27+00:00" Modifyuserid="SYSTEM"
    PCAModuleCode="SAA"
    PredecessorConfigTaskID="Supply_Chain_Network_Model" PredecessorPCAModuleCode="SAA"/>
<BaseConfigTaskDependency BaseConfigTaskDependencyKey="YCD_TASK_DEP_64"
    ConfigTaskID="Order_Promising" Createprogid="XMLMigrator"
    Createts="2020-02-19T13:31:27+00:00" Createuserid="SYSTEM"
    Lockid="0" Modifyprogid="XMLMigrator"
    Modifyts="2020-02-19T13:31:27+00:00" Modifyuserid="SYSTEM"
    PCAModuleCode="SAA" PredecessorConfigTaskID="Advanced_System_Setups" PredecessorPCAModuleCode="SAA"/>
<BaseConfigTaskDependency BaseConfigTaskDependencyKey="YCD_TASK_DEP_65"
    ConfigTaskID="Basic_Configuration" Createprogid="XMLMigrator"
    Createts="2020-02-19T13:31:27+00:00" Createuserid="SYSTEM"
    Lockid="0" Modifyprogid="XMLMigrator"
    Modifyts="2020-02-19T13:31:27+00:00" Modifyuserid="SYSTEM"
    PCAModuleCode="SAA" PredecessorConfigTaskID="Fulfillment_Types" PredecessorPCAModuleCode="SAA"/>
<BaseConfigTaskDependency BaseConfigTaskDependencyKey="YCD_TASK_DEP_66"
    ConfigTaskID="Basic_Configuration" Createprogid="XMLMigrator"
    Createts="2020-02-19T13:31:27+00:00" Createuserid="SYSTEM"
    Lockid="0" Modifyprogid="XMLMigrator"
    Modifyts="2020-02-19T13:31:27+00:00" Modifyuserid="SYSTEM"
    PCAModuleCode="SAA"
    PredecessorConfigTaskID="Product_Distribution_Group" PredecessorPCAModuleCode="SAA"/>
<BaseConfigTaskDependency BaseConfigTaskDependencyKey="YCD_TASK_DEP_67"
    ConfigTaskID="Product_Sourcing_Rules_Shipping"
    Createprogid="XMLMigrator" Createts="2020-02-19T13:31:27+00:00"
    Createuserid="SYSTEM" Lockid="0" Modifyprogid="XMLMigrator"
    Modifyts="2020-02-19T13:31:27+00:00" Modifyuserid="SYSTEM"
    PCAModuleCode="SAA" PredecessorConfigTaskID="Products" PredecessorPCAModuleCode="SAA"/>
<BaseConfigTaskDependency BaseConfigTaskDependencyKey="YCD_TASK_DEP_68"
    ConfigTaskID="Product_Sourcing_Rules_Shipping"
    Createprogid="XMLMigrator" Createts="2020-02-19T13:31:27+00:00"
    Createuserid="SYSTEM" Lockid="0" Modifyprogid="XMLMigrator"
    Modifyts="2020-02-19T13:31:27+00:00" Modifyuserid="SYSTEM"
    PCAModuleCode="SAA"
    PredecessorConfigTaskID="Order_Sourcing_Classifications" PredecessorPCAModuleCode="SAA"/>
<BaseConfigTaskDependency BaseConfigTaskDependencyKey="YCD_TASK_DEP_69"
    ConfigTaskID="Product_Sourcing_Rules_Shipping"
    Createprogid="XMLMigrator" Createts="2020-02-19T13:31:27+00:00"
    Createuserid="SYSTEM" Lockid="0" Modifyprogid="XMLMigrator"
    Modifyts="2020-02-19T13:31:27+00:00" Modifyuserid="SYSTEM"
    PCAModuleCode="SAA" PredecessorConfigTaskID="Basic_Configuration" PredecessorPCAModuleCode="SAA"/>
<BaseConfigTaskDependency BaseConfigTaskDependencyKey="YCD_TASK_DEP_70"
    ConfigTaskID="Product_Sourcing_Rules_Shipping"
    Createprogid="XMLMigrator" Createts="2020-02-19T13:31:27+00:00"
    Createuserid="SYSTEM" Lockid="0" Modifyprogid="XMLMigrator"
    Modifyts="2020-02-19T13:31:27+00:00" Modifyuserid="SYSTEM"
    PCAModuleCode="SAA"
    PredecessorConfigTaskID="Select_Region_Schema_For_Sourcing" PredecessorPCAModuleCode="SAA"/>
<BaseConfigTaskDependency BaseConfigTaskDependencyKey="YCD_TASK_DEP_71"
    ConfigTaskID="Procurement_Sourcing_Rules" Createprogid="XMLMigrator"
    Createts="2020-02-19T13:31:27+00:00" Createuserid="SYSTEM"
    Lockid="0" Modifyprogid="XMLMigrator"
    Modifyts="2020-02-19T13:31:27+00:00" Modifyuserid="SYSTEM"
    PCAModuleCode="SAA" PredecessorConfigTaskID="Products" PredecessorPCAModuleCode="SAA"/>
<BaseConfigTaskDependency BaseConfigTaskDependencyKey="YCD_TASK_DEP_72"
    ConfigTaskID="Item_Level_Controls" Createprogid="XMLMigrator"
    Createts="2020-02-19T13:31:27+00:00" Createuserid="SYSTEM"
    Lockid="0" Modifyprogid="XMLMigrator"
    Modifyts="2020-02-19T13:31:27+00:00" Modifyuserid="SYSTEM"
    PCAModuleCode="SAA" PredecessorConfigTaskID="Products" PredecessorPCAModuleCode="SAA"/>
<BaseConfigTaskDependency BaseConfigTaskDependencyKey="YCD_TASK_DEP_73"
    ConfigTaskID="Delivery_And_Installation" Createprogid="XMLMigrator"
    Createts="2020-02-19T13:31:27+00:00" Createuserid="SYSTEM"
    Lockid="0" Modifyprogid="XMLMigrator"
    Modifyts="2020-02-19T13:31:27+00:00" Modifyuserid="SYSTEM"
    PCAModuleCode="SAA" PredecessorConfigTaskID="Enterprise_Data" PredecessorPCAModuleCode="SAA"/>
<BaseConfigTaskDependency BaseConfigTaskDependencyKey="YCD_TASK_DEP_74"
    ConfigTaskID="Delivery_And_Installation" Createprogid="XMLMigrator"
    Createts="2020-02-19T13:31:27+00:00" Createuserid="SYSTEM"
    Lockid="0" Modifyprogid="XMLMigrator"
    Modifyts="2020-02-19T13:31:27+00:00" Modifyuserid="SYSTEM"
    PCAModuleCode="SAA"
    PredecessorConfigTaskID="Supply_Chain_Network_Model" PredecessorPCAModuleCode="SAA"/>
<BaseConfigTaskDependency BaseConfigTaskDependencyKey="YCD_TASK_DEP_78"
    ConfigTaskID="Delivery_Service_Types" Createprogid="XMLMigrator"
    Createts="2020-02-19T13:31:27+00:00" Createuserid="SYSTEM"
    Lockid="0" Modifyprogid="XMLMigrator"
    Modifyts="2020-02-19T13:31:27+00:00" Modifyuserid="SYSTEM"
    PCAModuleCode="SAA"
    PredecessorConfigTaskID="Service_Complexity_Levels" PredecessorPCAModuleCode="SAA"/>
<BaseConfigTaskDependency BaseConfigTaskDependencyKey="YCD_TASK_DEP_79"
    ConfigTaskID="Provided_Service_Types" Createprogid="XMLMigrator"
    Createts="2020-02-19T13:31:27+00:00" Createuserid="SYSTEM"
    Lockid="0" Modifyprogid="XMLMigrator"
    Modifyts="2020-02-19T13:31:27+00:00" Modifyuserid="SYSTEM"
    PCAModuleCode="SAA"
    PredecessorConfigTaskID="Service_Complexity_Levels" PredecessorPCAModuleCode="SAA"/>
<BaseConfigTaskDependency BaseConfigTaskDependencyKey="YCD_TASK_DEP_85"
    ConfigTaskID="Provided_Service_Sourcing_Rules"
    Createprogid="XMLMigrator" Createts="2020-02-19T13:31:27+00:00"
    Createuserid="SYSTEM" Lockid="0" Modifyprogid="XMLMigrator"
    Modifyts="2020-02-19T13:31:27+00:00" Modifyuserid="SYSTEM"
    PCAModuleCode="SAA" PredecessorConfigTaskID="PS_Distribution_Group" PredecessorPCAModuleCode="SAA"/>
<BaseConfigTaskDependency BaseConfigTaskDependencyKey="YCD_TASK_DEP_86"
    ConfigTaskID="Resource_Pools" Createprogid="XMLMigrator"
    Createts="2020-02-19T13:31:27+00:00" Createuserid="SYSTEM"
    Lockid="0" Modifyprogid="XMLMigrator"
    Modifyts="2020-02-19T13:31:27+00:00" Modifyuserid="SYSTEM"
    PCAModuleCode="SAA" PredecessorConfigTaskID="Slot_Groups" PredecessorPCAModuleCode="SAA"/>
<BaseConfigTaskDependency BaseConfigTaskDependencyKey="YCD_TASK_DEP_87"
    ConfigTaskID="Resource_Pools" Createprogid="XMLMigrator"
    Createts="2020-02-19T13:31:27+00:00" Createuserid="SYSTEM"
    Lockid="0" Modifyprogid="XMLMigrator"
    Modifyts="2020-02-19T13:31:27+00:00" Modifyuserid="SYSTEM"
    PCAModuleCode="SAA"
    PredecessorConfigTaskID="Region_Usage_For_Resource_Pools" PredecessorPCAModuleCode="SAA"/>
<BaseConfigTaskDependency BaseConfigTaskDependencyKey="YCD_TASK_DEP_88"
    ConfigTaskID="Service_Supervisors" Createprogid="XMLMigrator"
    Createts="2020-02-19T13:31:27+00:00" Createuserid="SYSTEM"
    Lockid="0" Modifyprogid="XMLMigrator"
    Modifyts="2020-02-19T13:31:27+00:00" Modifyuserid="SYSTEM"
    PCAModuleCode="SAA" PredecessorConfigTaskID="Users" PredecessorPCAModuleCode="SAA"/>
<BaseConfigTaskDependency BaseConfigTaskDependencyKey="YCD_TASK_DEP_89"
    ConfigTaskID="Payments" Createprogid="XMLMigrator"
    Createts="2020-02-19T13:31:27+00:00" Createuserid="SYSTEM"
    Lockid="0" Modifyprogid="XMLMigrator"
    Modifyts="2020-02-19T13:31:27+00:00" Modifyuserid="SYSTEM"
    PCAModuleCode="SAA" PredecessorConfigTaskID="Enterprise_Data" PredecessorPCAModuleCode="SAA"/>
<BaseConfigTaskDependency BaseConfigTaskDependencyKey="YCD_TASK_DEP_90"
    ConfigTaskID="Order_Administration" Createprogid="XMLMigrator"
    Createts="2020-02-19T13:31:27+00:00" Createuserid="SYSTEM"
    Lockid="0" Modifyprogid="XMLMigrator"
    Modifyts="2020-02-19T13:31:27+00:00" Modifyuserid="SYSTEM"
    PCAModuleCode="SAA" PredecessorConfigTaskID="Enterprise_Data" PredecessorPCAModuleCode="SAA"/>
<BaseConfigTaskDependency BaseConfigTaskDependencyKey="YCD_TASK_DEP_91"
    ConfigTaskID="OutboundLogistics" Createprogid="XMLMigrator"
    Createts="2020-02-19T13:31:27+00:00" Createuserid="SYSTEM"
    Lockid="0" Modifyprogid="XMLMigrator"
    Modifyts="2020-02-19T13:31:27+00:00" Modifyuserid="SYSTEM"
    PCAModuleCode="SAA" PredecessorConfigTaskID="Enterprise_Data" PredecessorPCAModuleCode="SAA"/>
<BaseConfigTaskDependency BaseConfigTaskDependencyKey="YCD_TASK_DEP_92"
    ConfigTaskID="Process_Modeling" Createprogid="XMLMigrator"
    Createts="2020-02-19T13:31:27+00:00" Createuserid="SYSTEM"
    Lockid="0" Modifyprogid="XMLMigrator"
    Modifyts="2020-02-19T13:31:27+00:00" Modifyuserid="SYSTEM"
    PCAModuleCode="SAA" PredecessorConfigTaskID="Enterprise_Data" PredecessorPCAModuleCode="SAA"/>
<BaseConfigTaskDependency BaseConfigTaskDependencyKey="YCD_TASK_DEP_93"
    ConfigTaskID="Status_Inventory_Types" Createprogid="XMLMigrator"
    Createts="2020-02-19T13:31:27+00:00" Createuserid="SYSTEM"
    Lockid="0" Modifyprogid="XMLMigrator"
    Modifyts="2020-02-19T13:31:27+00:00" Modifyuserid="SYSTEM"
    PCAModuleCode="SAA"
    PredecessorConfigTaskID="Fulfillment_Process_Model" PredecessorPCAModuleCode="SAA"/>
<BaseConfigTaskDependency BaseConfigTaskDependencyKey="YCD_TASK_DEP_94"
    ConfigTaskID="Inventory_Node_Type_Rules" Createprogid="XMLMigrator"
    Createts="2020-02-19T13:31:27+00:00" Createuserid="SYSTEM"
    Lockid="0" Modifyprogid="XMLMigrator"
    Modifyts="2020-02-19T13:31:27+00:00" Modifyuserid="SYSTEM"
    PCAModuleCode="SAA" PredecessorConfigTaskID="Node_Types" PredecessorPCAModuleCode="SAA"/>
<BaseConfigTaskDependency BaseConfigTaskDependencyKey="YCD_TASK_DEP_98"
    ConfigTaskID="Returns" Createprogid="XMLMigrator"
    Createts="2020-02-19T13:31:27+00:00" Createuserid="SYSTEM"
    Lockid="0" Modifyprogid="XMLMigrator"
    Modifyts="2020-02-19T13:31:27+00:00" Modifyuserid="SYSTEM"
    PCAModuleCode="SAA" PredecessorConfigTaskID="Enterprise_Data" PredecessorPCAModuleCode="SAA"/>
<BaseConfigTaskDependency BaseConfigTaskDependencyKey="YCD_TASK_DEP_99"
    ConfigTaskID="Event_Management_And_Alerts"
    Createprogid="XMLMigrator" Createts="2020-02-19T13:31:27+00:00"
    Createuserid="SYSTEM" Lockid="0" Modifyprogid="XMLMigrator"
    Modifyts="2020-02-19T13:31:27+00:00" Modifyuserid="SYSTEM"
    PCAModuleCode="SAA" PredecessorConfigTaskID="Enterprise_Data" PredecessorPCAModuleCode="SAA"/>
</YFS_BASE_CONFIG_TASK_DEPList>