<?xml version="1.0" encoding="UTF-8"?>
<YFS_CHARGE_NAMEList TableName="YFS_CHARGE_NAME" TotalNumberOfRecords="33">
<ChargeName ChargeCategory="Shipping" ChargeName=""
    ChargeNameKey="200206122311135804" Createprogid="XMLMigrator"
    Createts="2020-02-19T13:27:27+00:00" Createuserid="SYSTEM"
    Description="Shipping" DocumentType="0003" Lockid="0"
    Modifyprogid="XMLMigrator" Modifyts="2020-02-19T13:27:27+00:00"
    Modifyuserid="SYSTEM" OrganizationCode="DEFAULT"/>
<ChargeName ChargeCategory="Handling" ChargeName=""
    ChargeNameKey="200206122311135806" Createprogid="XMLMigrator"
    Createts="2020-02-19T13:27:27+00:00" Createuserid="SYSTEM"
    Description="Handling" DocumentType="0003" Lockid="0"
    Modifyprogid="XMLMigrator" Modifyts="2020-02-19T13:27:27+00:00"
    Modifyuserid="SYSTEM" OrganizationCode="DEFAULT"/>
<ChargeName ChargeCategory="Personalization" ChargeName=""
    ChargeNameKey="200206122311135808" Createprogid="XMLMigrator"
    Createts="2020-02-19T13:27:27+00:00" Createuserid="SYSTEM"
    Description="Personalization" DocumentType="0003" Lockid="0"
    Modifyprogid="XMLMigrator" Modifyts="2020-02-19T13:27:27+00:00"
    Modifyuserid="SYSTEM" OrganizationCode="DEFAULT"/>
<ChargeName ChargeCategory="Fee" ChargeName=""
    ChargeNameKey="200206122311135810" Createprogid="XMLMigrator"
    Createts="2020-02-19T13:27:27+00:00" Createuserid="SYSTEM"
    Description="Fee" DocumentType="0003" Lockid="0"
    Modifyprogid="XMLMigrator" Modifyts="2020-02-19T13:27:27+00:00"
    Modifyuserid="SYSTEM" OrganizationCode="DEFAULT"/>
<ChargeName ChargeCategory="Discount" ChargeName=""
    ChargeNameKey="200206122311135812" Createprogid="XMLMigrator"
    Createts="2020-02-19T13:27:27+00:00" Createuserid="SYSTEM"
    Description="Discount" DocumentType="0003" Lockid="0"
    Modifyprogid="XMLMigrator" Modifyts="2020-02-19T13:27:27+00:00"
    Modifyuserid="SYSTEM" OrganizationCode="DEFAULT"/>
<ChargeName ChargeCategory="Shipping" ChargeName=""
    ChargeNameKey="200206122335406734" Createprogid="XMLMigrator"
    Createts="2020-02-19T13:27:27+00:00" Createuserid="SYSTEM"
    Description="Shipping" DocumentType="0005" Lockid="0"
    Modifyprogid="XMLMigrator" Modifyts="2020-02-19T13:27:27+00:00"
    Modifyuserid="SYSTEM" OrganizationCode="DEFAULT"/>
<ChargeName ChargeCategory="Handling" ChargeName=""
    ChargeNameKey="200206122335406736" Createprogid="XMLMigrator"
    Createts="2020-02-19T13:27:27+00:00" Createuserid="SYSTEM"
    Description="Handling" DocumentType="0005" Lockid="0"
    Modifyprogid="XMLMigrator" Modifyts="2020-02-19T13:27:27+00:00"
    Modifyuserid="SYSTEM" OrganizationCode="DEFAULT"/>
<ChargeName ChargeCategory="Personalization" ChargeName=""
    ChargeNameKey="200206122335406738" Createprogid="XMLMigrator"
    Createts="2020-02-19T13:27:27+00:00" Createuserid="SYSTEM"
    Description="Personalization" DocumentType="0005" Lockid="0"
    Modifyprogid="XMLMigrator" Modifyts="2020-02-19T13:27:27+00:00"
    Modifyuserid="SYSTEM" OrganizationCode="DEFAULT"/>
<ChargeName ChargeCategory="Discount" ChargeName=""
    ChargeNameKey="200206122335406740" Createprogid="XMLMigrator"
    Createts="2020-02-19T13:27:27+00:00" Createuserid="SYSTEM"
    Description="Discount" DocumentType="0005" Lockid="0"
    Modifyprogid="XMLMigrator" Modifyts="2020-02-19T13:27:27+00:00"
    Modifyuserid="SYSTEM" OrganizationCode="DEFAULT"/>
<ChargeName ChargeCategory="Shipping" ChargeName=""
    ChargeNameKey="20030708142437509" Createprogid="XMLMigrator"
    Createts="2020-02-19T13:27:27+00:00" Createuserid="SYSTEM"
    Description="Shipping" DocumentType="0006" Lockid="0"
    Modifyprogid="XMLMigrator" Modifyts="2020-02-19T13:27:27+00:00"
    Modifyuserid="SYSTEM" OrganizationCode="DEFAULT"/>
<ChargeName ChargeCategory="Handling" ChargeName=""
    ChargeNameKey="20030708142437511" Createprogid="XMLMigrator"
    Createts="2020-02-19T13:27:27+00:00" Createuserid="SYSTEM"
    Description="Handling" DocumentType="0006" Lockid="0"
    Modifyprogid="XMLMigrator" Modifyts="2020-02-19T13:27:27+00:00"
    Modifyuserid="SYSTEM" OrganizationCode="DEFAULT"/>
<ChargeName ChargeCategory="Personalization" ChargeName=""
    ChargeNameKey="20030708142437513" Createprogid="XMLMigrator"
    Createts="2020-02-19T13:27:27+00:00" Createuserid="SYSTEM"
    Description="Personalization" DocumentType="0006" Lockid="0"
    Modifyprogid="XMLMigrator" Modifyts="2020-02-19T13:27:27+00:00"
    Modifyuserid="SYSTEM" OrganizationCode="DEFAULT"/>
<ChargeName ChargeCategory="Discount" ChargeName=""
    ChargeNameKey="20030708142437515" Createprogid="XMLMigrator"
    Createts="2020-02-19T13:27:27+00:00" Createuserid="SYSTEM"
    Description="Discount" DocumentType="0006" Lockid="0"
    Modifyprogid="XMLMigrator" Modifyts="2020-02-19T13:27:27+00:00"
    Modifyuserid="SYSTEM" OrganizationCode="DEFAULT"/>
<ChargeName ChargeCategory="Shipping" ChargeName=""
    ChargeNameKey="DEFAULT_CHARGE_KEY_11" Createprogid="XMLMigrator"
    Createts="2020-02-19T13:27:27+00:00" Createuserid="SYSTEM"
    Description="Shipping" DocumentType="0001" Lockid="0"
    Modifyprogid="XMLMigrator" Modifyts="2020-02-19T13:27:27+00:00"
    Modifyuserid="SYSTEM" OrganizationCode="DEFAULT"/>
<ChargeName ChargeCategory="Handling" ChargeName=""
    ChargeNameKey="DEFAULT_CHARGE_KEY_12" Createprogid="XMLMigrator"
    Createts="2020-02-19T13:27:27+00:00" Createuserid="SYSTEM"
    Description="Handling" DocumentType="0001" Lockid="0"
    Modifyprogid="XMLMigrator" Modifyts="2020-02-19T13:27:27+00:00"
    Modifyuserid="SYSTEM" OrganizationCode="DEFAULT"/>
<ChargeName ChargeCategory="Personalization" ChargeName=""
    ChargeNameKey="DEFAULT_CHARGE_KEY_13" Createprogid="XMLMigrator"
    Createts="2020-02-19T13:27:27+00:00" Createuserid="SYSTEM"
    Description="Personalization" DocumentType="0001" Lockid="0"
    Modifyprogid="XMLMigrator" Modifyts="2020-02-19T13:27:27+00:00"
    Modifyuserid="SYSTEM" OrganizationCode="DEFAULT"/>
<ChargeName ChargeCategory="Discount" ChargeName=""
    ChargeNameKey="DEFAULT_CHARGE_KEY_14" Createprogid="XMLMigrator"
    Createts="2020-02-19T13:27:27+00:00" Createuserid="SYSTEM"
    Description="Discount" DocumentType="0001" Lockid="0"
    Modifyprogid="XMLMigrator" Modifyts="2020-02-19T13:27:27+00:00"
    Modifyuserid="SYSTEM" OrganizationCode="DEFAULT"/>
<ChargeName ChargeCategory="Shipping" ChargeName=""
    ChargeNameKey="DEFAULT_CHARGE_KEY_21" Createprogid="XMLMigrator"
    Createts="2020-02-19T13:27:27+00:00" Createuserid="SYSTEM"
    Description="Shipping" DocumentType="0002" Lockid="0"
    Modifyprogid="XMLMigrator" Modifyts="2020-02-19T13:27:27+00:00"
    Modifyuserid="SYSTEM" OrganizationCode="DEFAULT"/>
<ChargeName ChargeCategory="Handling" ChargeName=""
    ChargeNameKey="DEFAULT_CHARGE_KEY_22" Createprogid="XMLMigrator"
    Createts="2020-02-19T13:27:27+00:00" Createuserid="SYSTEM"
    Description="Handling" DocumentType="0002" Lockid="0"
    Modifyprogid="XMLMigrator" Modifyts="2020-02-19T13:27:27+00:00"
    Modifyuserid="SYSTEM" OrganizationCode="DEFAULT"/>
<ChargeName ChargeCategory="Personalization" ChargeName=""
    ChargeNameKey="DEFAULT_CHARGE_KEY_23" Createprogid="XMLMigrator"
    Createts="2020-02-19T13:27:27+00:00" Createuserid="SYSTEM"
    Description="Personalization" DocumentType="0002" Lockid="0"
    Modifyprogid="XMLMigrator" Modifyts="2020-02-19T13:27:27+00:00"
    Modifyuserid="SYSTEM" OrganizationCode="DEFAULT"/>
<ChargeName ChargeCategory="Discount" ChargeName=""
    ChargeNameKey="DEFAULT_CHARGE_KEY_24" Createprogid="XMLMigrator"
    Createts="2020-02-19T13:27:27+00:00" Createuserid="SYSTEM"
    Description="Discount" DocumentType="0002" Lockid="0"
    Modifyprogid="XMLMigrator" Modifyts="2020-02-19T13:27:27+00:00"
    Modifyuserid="SYSTEM" OrganizationCode="DEFAULT"/>
<ChargeName ChargeCategory="Shipping" ChargeName=""
    ChargeNameKey="DEFAULT_CHARGE_KEY_L1" Createprogid="XMLMigrator"
    Createts="2020-02-19T13:27:27+00:00" Createuserid="SYSTEM"
    Description="Shipping" DocumentType="1001" Lockid="0"
    Modifyprogid="XMLMigrator" Modifyts="2020-02-19T13:27:27+00:00"
    Modifyuserid="SYSTEM" OrganizationCode="DEFAULT"/>
<ChargeName ChargeCategory="Handling" ChargeName=""
    ChargeNameKey="DEFAULT_CHARGE_KEY_L2" Createprogid="XMLMigrator"
    Createts="2020-02-19T13:27:27+00:00" Createuserid="SYSTEM"
    Description="Handling" DocumentType="1001" Lockid="0"
    Modifyprogid="XMLMigrator" Modifyts="2020-02-19T13:27:27+00:00"
    Modifyuserid="SYSTEM" OrganizationCode="DEFAULT"/>
<ChargeName ChargeCategory="Personalization" ChargeName=""
    ChargeNameKey="DEFAULT_CHARGE_KEY_L3" Createprogid="XMLMigrator"
    Createts="2020-02-19T13:27:27+00:00" Createuserid="SYSTEM"
    Description="Personalization" DocumentType="1001" Lockid="0"
    Modifyprogid="XMLMigrator" Modifyts="2020-02-19T13:27:27+00:00"
    Modifyuserid="SYSTEM" OrganizationCode="DEFAULT"/>
<ChargeName ChargeCategory="Discount" ChargeName=""
    ChargeNameKey="DEFAULT_CHARGE_KEY_L4" Createprogid="XMLMigrator"
    Createts="2020-02-19T13:27:27+00:00" Createuserid="SYSTEM"
    Description="Discount" DocumentType="1001" Lockid="0"
    Modifyprogid="XMLMigrator" Modifyts="2020-02-19T13:27:27+00:00"
    Modifyuserid="SYSTEM" OrganizationCode="DEFAULT"/>
<ChargeName ChargeCategory="Discount" ChargeName=""
    ChargeNameKey="Discount0007" Createprogid="XMLMigrator"
    Createts="2020-02-19T13:27:27+00:00" Createuserid="SYSTEM"
    Description="Discount" DocumentType="0007" Lockid="0"
    Modifyprogid="XMLMigrator" Modifyts="2020-02-19T13:27:27+00:00"
    Modifyuserid="SYSTEM" OrganizationCode="DEFAULT"/>
<ChargeName ChargeCategory="Discount" ChargeName=""
    ChargeNameKey="Discount0015" Createprogid="XMLMigrator"
    Createts="2020-02-19T13:27:27+00:00" Createuserid="SYSTEM"
    Description="Discount" DocumentType="0015" Lockid="0"
    Modifyprogid="XMLMigrator" Modifyts="2020-02-19T13:27:27+00:00"
    Modifyuserid="SYSTEM" OrganizationCode="DEFAULT"/>
<ChargeName ChargeCategory="Handling" ChargeName=""
    ChargeNameKey="Handling0007" Createprogid="XMLMigrator"
    Createts="2020-02-19T13:27:27+00:00" Createuserid="SYSTEM"
    Description="Handling" DocumentType="0007" Lockid="0"
    Modifyprogid="XMLMigrator" Modifyts="2020-02-19T13:27:27+00:00"
    Modifyuserid="SYSTEM" OrganizationCode="DEFAULT"/>
<ChargeName ChargeCategory="Handling" ChargeName=""
    ChargeNameKey="Handling0015" Createprogid="XMLMigrator"
    Createts="2020-02-19T13:27:27+00:00" Createuserid="SYSTEM"
    Description="Handling" DocumentType="0015" Lockid="0"
    Modifyprogid="XMLMigrator" Modifyts="2020-02-19T13:27:27+00:00"
    Modifyuserid="SYSTEM" OrganizationCode="DEFAULT"/>
<ChargeName ChargeCategory="Personalization" ChargeName=""
    ChargeNameKey="Personalization0007" Createprogid="XMLMigrator"
    Createts="2020-02-19T13:27:27+00:00" Createuserid="SYSTEM"
    Description="Personalization" DocumentType="0007" Lockid="0"
    Modifyprogid="XMLMigrator" Modifyts="2020-02-19T13:27:27+00:00"
    Modifyuserid="SYSTEM" OrganizationCode="DEFAULT"/>
<ChargeName ChargeCategory="Personalization" ChargeName=""
    ChargeNameKey="Personalization0015" Createprogid="XMLMigrator"
    Createts="2020-02-19T13:27:27+00:00" Createuserid="SYSTEM"
    Description="Personalization" DocumentType="0015" Lockid="0"
    Modifyprogid="XMLMigrator" Modifyts="2020-02-19T13:27:27+00:00"
    Modifyuserid="SYSTEM" OrganizationCode="DEFAULT"/>
<ChargeName ChargeCategory="Shipping" ChargeName=""
    ChargeNameKey="Shipping0007" Createprogid="XMLMigrator"
    Createts="2020-02-19T13:27:27+00:00" Createuserid="SYSTEM"
    Description="Shipping" DocumentType="0007" Lockid="0"
    Modifyprogid="XMLMigrator" Modifyts="2020-02-19T13:27:27+00:00"
    Modifyuserid="SYSTEM" OrganizationCode="DEFAULT"/>
<ChargeName ChargeCategory="Shipping" ChargeName=""
    ChargeNameKey="Shipping0015" Createprogid="XMLMigrator"
    Createts="2020-02-19T13:27:27+00:00" Createuserid="SYSTEM"
    Description="Shipping" DocumentType="0015" Lockid="0"
    Modifyprogid="XMLMigrator" Modifyts="2020-02-19T13:27:27+00:00"
    Modifyuserid="SYSTEM" OrganizationCode="DEFAULT"/>
</YFS_CHARGE_NAMEList>