<?xml version="1.0" encoding="UTF-8"?>
<YFS_PURGE_CRITERIAList TableName="YFS_PURGE_CRITERIA" TotalNumberOfRecords="104">
<PurgeCriteria CommitCount="100" Createprogid="XMLMigrator"
    Createts="2020-02-19T13:26:43+00:00" Createuserid="SYSTEM"
    DelPackage="" DocumentType="0003"
    ErrFileName="Negotiation_hist_purge_error.log"
    LastRunEndTs="2001-06-27" LastRunStartTs="2001-06-27" LeadDays="30"
    Lockid="0" LogFileName="Negotiation_hist_purge_data.log"
    Modifyprogid="XMLMigrator" Modifyts="2020-02-19T13:26:43+00:00"
    Modifyuserid="SYSTEM" OrganizationCode="DEFAULT"
    PurgeCode="NEGOTIATIONHISTPRG"
    PurgeCodeDescription="Negotiation History Purge"
    PurgeCriteriaKey="200206122311145820" RbSegment="" SelPackage="" WriteToLog="N"/>
<PurgeCriteria CommitCount="100" Createprogid="XMLMigrator"
    Createts="2020-02-19T13:26:43+00:00" Createuserid="SYSTEM"
    DelPackage="" DocumentType="0003"
    ErrFileName="Negotiation_purge_error.log" LastRunEndTs="2001-06-27"
    LastRunStartTs="2001-06-27" LeadDays="30" Lockid="0"
    LogFileName="Negotiation_purge_data.log" Modifyprogid="XMLMigrator"
    Modifyts="2020-02-19T13:26:43+00:00" Modifyuserid="SYSTEM"
    OrganizationCode="DEFAULT" PurgeCode="NEGOTIATIONPRG"
    PurgeCodeDescription="Negotiation Purge"
    PurgeCriteriaKey="200206122311145821" RbSegment="" SelPackage="" WriteToLog="N"/>
<PurgeCriteria CommitCount="100" Createprogid="XMLMigrator"
    Createts="2020-02-19T13:26:43+00:00" Createuserid="SYSTEM"
    DelPackage="" DocumentType="0003"
    ErrFileName="Order_history_purge_error.log"
    LastRunEndTs="2001-06-27" LastRunStartTs="2001-06-27" LeadDays="30"
    Lockid="0" LogFileName="Order_history_purge_data.log"
    Modifyprogid="XMLMigrator" Modifyts="2020-02-19T13:26:43+00:00"
    Modifyuserid="SYSTEM" OrganizationCode="DEFAULT"
    PurgeCode="ORDERHISTPRG" PurgeCodeDescription="Order History Purge"
    PurgeCriteriaKey="200206122311145822" RbSegment="" SelPackage="" WriteToLog="N"/>
<PurgeCriteria CommitCount="100" Createprogid="XMLMigrator"
    Createts="2020-02-19T13:26:43+00:00" Createuserid="SYSTEM"
    DelPackage="" DocumentType="0003"
    ErrFileName="order_purge_error.log" LastRunEndTs="2001-06-27"
    LastRunStartTs="2001-06-27" LeadDays="30" Lockid="0"
    LogFileName="order_purge_data.log" Modifyprogid="XMLMigrator"
    Modifyts="2020-02-19T13:26:43+00:00" Modifyuserid="SYSTEM"
    OrganizationCode="DEFAULT" PurgeCode="ORDERPRG"
    PurgeCodeDescription="Order Purge"
    PurgeCriteriaKey="200206122311145823" RbSegment="" SelPackage="" WriteToLog="N"/>
<PurgeCriteria CommitCount="100" Createprogid="XMLMigrator"
    Createts="2020-02-19T13:26:43+00:00" Createuserid="SYSTEM"
    DelPackage="" DocumentType="0003"
    ErrFileName="PickList_purge_error.log" LastRunEndTs="2001-06-27"
    LastRunStartTs="2001-06-27" LeadDays="30" Lockid="0"
    LogFileName="PickList_purge_data.log" Modifyprogid="XMLMigrator"
    Modifyts="2020-02-19T13:26:43+00:00" Modifyuserid="SYSTEM"
    OrganizationCode="DEFAULT" PurgeCode="PICKLISTPRG"
    PurgeCodeDescription="PickList Purge"
    PurgeCriteriaKey="200206122311145824" RbSegment="" SelPackage="" WriteToLog="N"/>
<PurgeCriteria CommitCount="100" Createprogid="XMLMigrator"
    Createts="2020-02-19T13:26:43+00:00" Createuserid="SYSTEM"
    DelPackage="" DocumentType="0003"
    ErrFileName="Shipment_history_purge_error.log"
    LastRunEndTs="2001-06-27" LastRunStartTs="2001-06-27" LeadDays="30"
    Lockid="0" LogFileName="Shipment_history_purge_data.log"
    Modifyprogid="XMLMigrator" Modifyts="2020-02-19T13:26:43+00:00"
    Modifyuserid="SYSTEM" OrganizationCode="DEFAULT"
    PurgeCode="SHIPMENTHISTPRG"
    PurgeCodeDescription="Shipment History Purge"
    PurgeCriteriaKey="200206122311145827" RbSegment="" SelPackage="" WriteToLog="N"/>
<PurgeCriteria CommitCount="100" Createprogid="XMLMigrator"
    Createts="2020-02-19T13:26:43+00:00" Createuserid="SYSTEM"
    DelPackage="" DocumentType="0003"
    ErrFileName="Shipment_purge_error.log" LastRunEndTs="2001-06-27"
    LastRunStartTs="2001-06-27" LeadDays="30" Lockid="0"
    LogFileName="Shipment_purge_data.log" Modifyprogid="XMLMigrator"
    Modifyts="2020-02-19T13:26:43+00:00" Modifyuserid="SYSTEM"
    OrganizationCode="DEFAULT" PurgeCode="SHIPMENTPRG"
    PurgeCodeDescription="Shipment Purge"
    PurgeCriteriaKey="200206122311145828" RbSegment="" SelPackage="" WriteToLog="N"/>
<PurgeCriteria CommitCount="100" Createprogid="XMLMigrator"
    Createts="2020-02-19T13:26:43+00:00" Createuserid="SYSTEM"
    DelPackage="" DocumentType="0003"
    ErrFileName="Status_audit_purge_error.log" LastRunEndTs="2001-06-27"
    LastRunStartTs="2001-06-27" LeadDays="30" Lockid="0"
    LogFileName="Status_audit_purge_data.log" Modifyprogid="XMLMigrator"
    Modifyts="2020-02-19T13:26:43+00:00" Modifyuserid="SYSTEM"
    OrganizationCode="DEFAULT" PurgeCode="STATUSAUDITPRG"
    PurgeCodeDescription="Status Audit Purge"
    PurgeCriteriaKey="200206122311145829" RbSegment="" SelPackage="" WriteToLog="N"/>
<PurgeCriteria CommitCount="100" Createprogid="XMLMigrator"
    Createts="2020-02-19T13:26:43+00:00" Createuserid="SYSTEM"
    DelPackage="" DocumentType="0005"
    ErrFileName="Negotiation_hist_purge_error.log"
    LastRunEndTs="2001-06-27" LastRunStartTs="2001-06-27" LeadDays="30"
    Lockid="0" LogFileName="Negotiation_hist_purge_data.log"
    Modifyprogid="XMLMigrator" Modifyts="2020-02-19T13:26:43+00:00"
    Modifyuserid="SYSTEM" OrganizationCode="DEFAULT"
    PurgeCode="NEGOTIATIONHISTPRG"
    PurgeCodeDescription="Negotiation History Purge"
    PurgeCriteriaKey="200206122335406750" RbSegment="" SelPackage="" WriteToLog="N"/>
<PurgeCriteria CommitCount="100" Createprogid="XMLMigrator"
    Createts="2020-02-19T13:26:43+00:00" Createuserid="SYSTEM"
    DelPackage="" DocumentType="0005"
    ErrFileName="Negotiation_purge_error.log" LastRunEndTs="2001-06-27"
    LastRunStartTs="2001-06-27" LeadDays="30" Lockid="0"
    LogFileName="Negotiation_purge_data.log" Modifyprogid="XMLMigrator"
    Modifyts="2020-02-19T13:26:43+00:00" Modifyuserid="SYSTEM"
    OrganizationCode="DEFAULT" PurgeCode="NEGOTIATIONPRG"
    PurgeCodeDescription="Negotiation Purge"
    PurgeCriteriaKey="200206122335406751" RbSegment="" SelPackage="" WriteToLog="N"/>
<PurgeCriteria CommitCount="100" Createprogid="XMLMigrator"
    Createts="2020-02-19T13:26:43+00:00" Createuserid="SYSTEM"
    DelPackage="" DocumentType="0005"
    ErrFileName="Order_history_purge_error.log"
    LastRunEndTs="2001-06-27" LastRunStartTs="2001-06-27" LeadDays="30"
    Lockid="0" LogFileName="Order_history_purge_data.log"
    Modifyprogid="XMLMigrator" Modifyts="2020-02-19T13:26:43+00:00"
    Modifyuserid="SYSTEM" OrganizationCode="DEFAULT"
    PurgeCode="ORDERHISTPRG" PurgeCodeDescription="Order History Purge"
    PurgeCriteriaKey="200206122335406752" RbSegment="" SelPackage="" WriteToLog="N"/>
<PurgeCriteria CommitCount="100" Createprogid="XMLMigrator"
    Createts="2020-02-19T13:26:43+00:00" Createuserid="SYSTEM"
    DelPackage="" DocumentType="0005"
    ErrFileName="order_purge_error.log" LastRunEndTs="2001-06-27"
    LastRunStartTs="2001-06-27" LeadDays="30" Lockid="0"
    LogFileName="order_purge_data.log" Modifyprogid="XMLMigrator"
    Modifyts="2020-02-19T13:26:43+00:00" Modifyuserid="SYSTEM"
    OrganizationCode="DEFAULT" PurgeCode="ORDERPRG"
    PurgeCodeDescription="Order Purge"
    PurgeCriteriaKey="200206122335406753" RbSegment="" SelPackage="" WriteToLog="N"/>
<PurgeCriteria CommitCount="100" Createprogid="XMLMigrator"
    Createts="2020-02-19T13:26:43+00:00" Createuserid="SYSTEM"
    DelPackage="" DocumentType="0005"
    ErrFileName="PickList_purge_error.log" LastRunEndTs="2001-06-27"
    LastRunStartTs="2001-06-27" LeadDays="30" Lockid="0"
    LogFileName="PickList_purge_data.log" Modifyprogid="XMLMigrator"
    Modifyts="2020-02-19T13:26:43+00:00" Modifyuserid="SYSTEM"
    OrganizationCode="DEFAULT" PurgeCode="PICKLISTPRG"
    PurgeCodeDescription="PickList Purge"
    PurgeCriteriaKey="200206122335406754" RbSegment="" SelPackage="" WriteToLog="N"/>
<PurgeCriteria CommitCount="100" Createprogid="XMLMigrator"
    Createts="2020-02-19T13:26:43+00:00" Createuserid="SYSTEM"
    DelPackage="" DocumentType="0005"
    ErrFileName="Shipment_history_purge_error.log"
    LastRunEndTs="2001-06-27" LastRunStartTs="2001-06-27" LeadDays="30"
    Lockid="0" LogFileName="Shipment_history_purge_data.log"
    Modifyprogid="XMLMigrator" Modifyts="2020-02-19T13:26:43+00:00"
    Modifyuserid="SYSTEM" OrganizationCode="DEFAULT"
    PurgeCode="SHIPMENTHISTPRG"
    PurgeCodeDescription="Shipment History Purge"
    PurgeCriteriaKey="200206122335406757" RbSegment="" SelPackage="" WriteToLog="N"/>
<PurgeCriteria CommitCount="100" Createprogid="XMLMigrator"
    Createts="2020-02-19T13:26:43+00:00" Createuserid="SYSTEM"
    DelPackage="" DocumentType="0005"
    ErrFileName="Shipment_purge_error.log" LastRunEndTs="2001-06-27"
    LastRunStartTs="2001-06-27" LeadDays="30" Lockid="0"
    LogFileName="Shipment_purge_data.log" Modifyprogid="XMLMigrator"
    Modifyts="2020-02-19T13:26:43+00:00" Modifyuserid="SYSTEM"
    OrganizationCode="DEFAULT" PurgeCode="SHIPMENTPRG"
    PurgeCodeDescription="Shipment Purge"
    PurgeCriteriaKey="200206122335416758" RbSegment="" SelPackage="" WriteToLog="N"/>
<PurgeCriteria CommitCount="100" Createprogid="XMLMigrator"
    Createts="2020-02-19T13:26:43+00:00" Createuserid="SYSTEM"
    DelPackage="" DocumentType="0005"
    ErrFileName="Status_audit_purge_error.log" LastRunEndTs="2001-06-27"
    LastRunStartTs="2001-06-27" LeadDays="30" Lockid="0"
    LogFileName="Status_audit_purge_data.log" Modifyprogid="XMLMigrator"
    Modifyts="2020-02-19T13:26:43+00:00" Modifyuserid="SYSTEM"
    OrganizationCode="DEFAULT" PurgeCode="STATUSAUDITPRG"
    PurgeCodeDescription="Status Audit Purge"
    PurgeCriteriaKey="200206122335416759" RbSegment="" SelPackage="" WriteToLog="N"/>
<PurgeCriteria CommitCount="100" Createprogid="XMLMigrator"
    Createts="2020-02-19T13:26:43+00:00" Createuserid="SYSTEM"
    DelPackage="" DocumentType="0006"
    ErrFileName="Negotiation_hist_purge_error.log"
    LastRunEndTs="2001-06-27" LastRunStartTs="2001-06-27" LeadDays="30"
    Lockid="0" LogFileName="Negotiation_hist_purge_data.log"
    Modifyprogid="XMLMigrator" Modifyts="2020-02-19T13:26:43+00:00"
    Modifyuserid="SYSTEM" OrganizationCode="DEFAULT"
    PurgeCode="NEGOTIATIONHISTPRG"
    PurgeCodeDescription="Negotiation History Purge"
    PurgeCriteriaKey="20030708142437522" RbSegment="" SelPackage="" WriteToLog="N"/>
<PurgeCriteria CommitCount="100" Createprogid="XMLMigrator"
    Createts="2020-02-19T13:26:43+00:00" Createuserid="SYSTEM"
    DelPackage="" DocumentType="0006"
    ErrFileName="Negotiation_purge_error.log" LastRunEndTs="2001-06-27"
    LastRunStartTs="2001-06-27" LeadDays="30" Lockid="0"
    LogFileName="Negotiation_purge_data.log" Modifyprogid="XMLMigrator"
    Modifyts="2020-02-19T13:26:43+00:00" Modifyuserid="SYSTEM"
    OrganizationCode="DEFAULT" PurgeCode="NEGOTIATIONPRG"
    PurgeCodeDescription="Negotiation Purge"
    PurgeCriteriaKey="20030708142437523" RbSegment="" SelPackage="" WriteToLog="N"/>
<PurgeCriteria CommitCount="100" Createprogid="XMLMigrator"
    Createts="2020-02-19T13:26:43+00:00" Createuserid="SYSTEM"
    DelPackage="" DocumentType="0006"
    ErrFileName="Order_history_purge_error.log"
    LastRunEndTs="2001-06-27" LastRunStartTs="2001-06-27" LeadDays="30"
    Lockid="0" LogFileName="Order_history_purge_data.log"
    Modifyprogid="XMLMigrator" Modifyts="2020-02-19T13:26:43+00:00"
    Modifyuserid="SYSTEM" OrganizationCode="DEFAULT"
    PurgeCode="ORDERHISTPRG" PurgeCodeDescription="Order History Purge"
    PurgeCriteriaKey="20030708142437524" RbSegment="" SelPackage="" WriteToLog="N"/>
<PurgeCriteria CommitCount="100" Createprogid="XMLMigrator"
    Createts="2020-02-19T13:26:43+00:00" Createuserid="SYSTEM"
    DelPackage="" DocumentType="0006"
    ErrFileName="order_purge_error.log" LastRunEndTs="2001-06-27"
    LastRunStartTs="2001-06-27" LeadDays="30" Lockid="0"
    LogFileName="order_purge_data.log" Modifyprogid="XMLMigrator"
    Modifyts="2020-02-19T13:26:43+00:00" Modifyuserid="SYSTEM"
    OrganizationCode="DEFAULT" PurgeCode="ORDERPRG"
    PurgeCodeDescription="Order Purge"
    PurgeCriteriaKey="20030708142437525" RbSegment="" SelPackage="" WriteToLog="N"/>
<PurgeCriteria CommitCount="100" Createprogid="XMLMigrator"
    Createts="2020-02-19T13:26:43+00:00" Createuserid="SYSTEM"
    DelPackage="" DocumentType="0006"
    ErrFileName="PickList_purge_error.log" LastRunEndTs="2001-06-27"
    LastRunStartTs="2001-06-27" LeadDays="30" Lockid="0"
    LogFileName="PickList_purge_data.log" Modifyprogid="XMLMigrator"
    Modifyts="2020-02-19T13:26:43+00:00" Modifyuserid="SYSTEM"
    OrganizationCode="DEFAULT" PurgeCode="PICKLISTPRG"
    PurgeCodeDescription="PickList Purge"
    PurgeCriteriaKey="20030708142437526" RbSegment="" SelPackage="" WriteToLog="N"/>
<PurgeCriteria CommitCount="100" Createprogid="XMLMigrator"
    Createts="2020-02-19T13:26:43+00:00" Createuserid="SYSTEM"
    DelPackage="" DocumentType="0006"
    ErrFileName="Shipment_history_purge_error.log"
    LastRunEndTs="2001-06-27" LastRunStartTs="2001-06-27" LeadDays="30"
    Lockid="0" LogFileName="Shipment_history_purge_data.log"
    Modifyprogid="XMLMigrator" Modifyts="2020-02-19T13:26:43+00:00"
    Modifyuserid="SYSTEM" OrganizationCode="DEFAULT"
    PurgeCode="SHIPMENTHISTPRG"
    PurgeCodeDescription="Shipment History Purge"
    PurgeCriteriaKey="20030708142437527" RbSegment="" SelPackage="" WriteToLog="N"/>
<PurgeCriteria CommitCount="100" Createprogid="XMLMigrator"
    Createts="2020-02-19T13:26:43+00:00" Createuserid="SYSTEM"
    DelPackage="" DocumentType="0006"
    ErrFileName="Shipment_purge_error.log" LastRunEndTs="2001-06-27"
    LastRunStartTs="2001-06-27" LeadDays="30" Lockid="0"
    LogFileName="Shipment_purge_data.log" Modifyprogid="XMLMigrator"
    Modifyts="2020-02-19T13:26:43+00:00" Modifyuserid="SYSTEM"
    OrganizationCode="DEFAULT" PurgeCode="SHIPMENTPRG"
    PurgeCodeDescription="Shipment Purge"
    PurgeCriteriaKey="20030708142437528" RbSegment="" SelPackage="" WriteToLog="N"/>
<PurgeCriteria CommitCount="100" Createprogid="XMLMigrator"
    Createts="2020-02-19T13:26:43+00:00" Createuserid="SYSTEM"
    DelPackage="" DocumentType="0006"
    ErrFileName="Status_audit_purge_error.log" LastRunEndTs="2001-06-27"
    LastRunStartTs="2001-06-27" LeadDays="30" Lockid="0"
    LogFileName="Status_audit_purge_data.log" Modifyprogid="XMLMigrator"
    Modifyts="2020-02-19T13:26:43+00:00" Modifyuserid="SYSTEM"
    OrganizationCode="DEFAULT" PurgeCode="STATUSAUDITPRG"
    PurgeCodeDescription="Status Audit Purge"
    PurgeCriteriaKey="20030708142437529" RbSegment="" SelPackage="" WriteToLog="N"/>
<PurgeCriteria CommitCount="100" Createprogid="XMLMigrator"
    Createts="2020-02-19T13:30:26+00:00" Createuserid="SYSTEM"
    DelPackage="" DocumentType="" ErrFileName="wave_purge_error.log"
    LastRunEndTs="2001-06-27" LastRunStartTs="2001-06-27" LeadDays="30"
    Lockid="0" LogFileName="wave_purge_data.log"
    Modifyprogid="XMLMigrator" Modifyts="2020-02-19T13:30:26+00:00"
    Modifyuserid="SYSTEM" OrganizationCode="DEFAULT"
    PurgeCode="WAVEPURGE" PurgeCodeDescription="Wave Purge"
    PurgeCriteriaKey="200310101555406752" RbSegment="" SelPackage="" WriteToLog="N"/>
<PurgeCriteria CommitCount="100" Createprogid="XMLMigrator"
    Createts="2020-02-19T13:26:43+00:00" Createuserid="SYSTEM"
    DelPackage="" DocumentType="0001"
    ErrFileName="Shipment_Stats_purge_error.log"
    LastRunEndTs="2001-06-27" LastRunStartTs="2001-06-27" LeadDays="30"
    Lockid="0" LogFileName="Shipment_Stats_purge_data.log"
    Modifyprogid="XMLMigrator" Modifyts="2020-02-19T13:26:43+00:00"
    Modifyuserid="SYSTEM" OrganizationCode="DEFAULT"
    PurgeCode="PRG_SHIP_STATS"
    PurgeCodeDescription="Shipment Statistics Purge"
    PurgeCriteriaKey="200408122046155929" RbSegment="" SelPackage="" WriteToLog="N"/>
<PurgeCriteria CommitCount="100" Createprogid="XMLMigrator"
    Createts="2020-02-19T13:26:43+00:00" Createuserid="SYSTEM"
    DelPackage="" DocumentType="0006"
    ErrFileName="Shipment_Stats_purge_error.log"
    LastRunEndTs="2001-06-27" LastRunStartTs="2001-06-27" LeadDays="30"
    Lockid="0" LogFileName="Shipment_Stats_purge_data.log"
    Modifyprogid="XMLMigrator" Modifyts="2020-02-19T13:26:43+00:00"
    Modifyuserid="SYSTEM" OrganizationCode="DEFAULT"
    PurgeCode="PRG_SHIP_STATS"
    PurgeCodeDescription="Shipment Statistics Purge"
    PurgeCriteriaKey="200408122055155929" RbSegment="" SelPackage="" WriteToLog="N"/>
<PurgeCriteria CommitCount="100" Createprogid="XMLMigrator"
    Createts="2020-02-19T13:26:43+00:00" Createuserid="SYSTEM"
    DelPackage="" DocumentType="0005"
    ErrFileName="Shipment_Stats_purge_error.log"
    LastRunEndTs="2001-06-27" LastRunStartTs="2001-06-27" LeadDays="30"
    Lockid="0" LogFileName="Shipment_Stats_purge_data.log"
    Modifyprogid="XMLMigrator" Modifyts="2020-02-19T13:26:43+00:00"
    Modifyuserid="SYSTEM" OrganizationCode="DEFAULT"
    PurgeCode="PRG_SHIP_STATS"
    PurgeCodeDescription="Shipment Statistics Purge"
    PurgeCriteriaKey="200408122057164534" RbSegment="" SelPackage="" WriteToLog="N"/>
<PurgeCriteria CommitCount="100" Createprogid="XMLMigrator"
    Createts="2020-02-19T13:26:43+00:00" Createuserid="SYSTEM"
    DelPackage="" DocumentType=""
    ErrFileName="Access_Token_purge_error.log" LastRunEndTs="2001-06-27"
    LastRunStartTs="2001-06-27" LeadDays="30" Lockid="0"
    LogFileName="Access_Token_data.log" Modifyprogid="XMLMigrator"
    Modifyts="2020-02-19T13:26:43+00:00" Modifyuserid="SYSTEM"
    OrganizationCode="DEFAULT" PurgeCode="ACCESSTOKPRG"
    PurgeCodeDescription="Access Token Purge"
    PurgeCriteriaKey="ACCESSTOKPRG" RbSegment="" SelPackage="" WriteToLog="N"/>
<PurgeCriteria CommitCount="100" Createprogid="XMLMigrator"
    Createts="2020-02-19T13:30:26+00:00" Createuserid="SYSTEM"
    DelPackage="" DocumentType=""
    ErrFileName="activity_demand_purge_error.log"
    LastRunEndTs="2001-06-27" LastRunStartTs="2001-06-27" LeadDays="30"
    Lockid="0" LogFileName="activity_demand_purge_data.log"
    Modifyprogid="XMLMigrator" Modifyts="2020-02-19T13:30:26+00:00"
    Modifyuserid="SYSTEM" OrganizationCode="DEFAULT"
    PurgeCode="ACTIVITYDEMANDPRG"
    PurgeCodeDescription="Activity Demand Purge"
    PurgeCriteriaKey="ACTIVITYDEMANDPRG" RbSegment="" SelPackage="" WriteToLog="N"/>
<PurgeCriteria CommitCount="100" Createprogid="XMLMigrator"
    Createts="2020-02-19T13:26:43+00:00" Createuserid="SYSTEM"
    DelPackage="" DocumentType="" ErrFileName="Audit_purge_error.log"
    LastRunEndTs="2001-06-27" LastRunStartTs="2001-06-27" LeadDays="30"
    Lockid="0" LogFileName="audit_data.log" Modifyprogid="XMLMigrator"
    Modifyts="2020-02-19T13:26:43+00:00" Modifyuserid="SYSTEM"
    OrganizationCode="DEFAULT" PurgeCode="AUDITPRG"
    PurgeCodeDescription="Audit Purge" PurgeCriteriaKey="AUDITPRG"
    RbSegment="" SelPackage="" WriteToLog="N"/>
<PurgeCriteria CommitCount="100" Createprogid="XMLMigrator"
    Createts="2020-02-19T13:26:43+00:00" Createuserid="SYSTEM"
    DelPackage="" DocumentType="" ErrFileName="Capacity_purge_error.log"
    LastRunEndTs="2001-06-27" LastRunStartTs="2001-06-27" LeadDays="30"
    Lockid="0" LogFileName="Capacity_purge_data.log"
    Modifyprogid="XMLMigrator" Modifyts="2020-02-19T13:26:43+00:00"
    Modifyuserid="SYSTEM" OrganizationCode="DEFAULT"
    PurgeCode="CAPACITYPRG" PurgeCodeDescription="Capacity Purge"
    PurgeCriteriaKey="CAPACITYPRG" RbSegment="" SelPackage="" WriteToLog="N"/>
<PurgeCriteria CommitCount="100" Createprogid="XMLMigrator"
    Createts="2020-02-19T13:26:43+00:00" Createuserid="SYSTEM"
    DelPackage="" DocumentType=""
    ErrFileName="catalog_mass_audit_purge_error.log"
    LastRunEndTs="2008-12-01" LastRunStartTs="2008-12-01" LeadDays="30"
    Lockid="0" LogFileName="catalog_mass_audit_purge_data.log"
    Modifyprogid="XMLMigrator" Modifyts="2020-02-19T13:26:43+00:00"
    Modifyuserid="SYSTEM" OrganizationCode="DEFAULT"
    PurgeCode="CATALOG_MASS_AUDIT_PURGE"
    PurgeCodeDescription="Catalog Mass Audit Purge"
    PurgeCriteriaKey="CATALOG_MASS_AUDIT_PURGE" RbSegment=""
    SelPackage="" WriteToLog="N"/>
<PurgeCriteria CommitCount="100" Createprogid="XMLMigrator"
    Createts="2020-02-19T13:30:26+00:00" Createuserid="SYSTEM"
    DelPackage="" DocumentType="3001"
    ErrFileName="Count_purge_error.log" LastRunEndTs="2001-06-27"
    LastRunStartTs="2001-06-27" LeadDays="30" Lockid="0"
    LogFileName="Count_purge_data.log" Modifyprogid="XMLMigrator"
    Modifyts="2020-02-19T13:30:26+00:00" Modifyuserid="SYSTEM"
    OrganizationCode="DEFAULT" PurgeCode="COUNTPRG"
    PurgeCodeDescription="COUNTPRG" PurgeCriteriaKey="COUNTPRG"
    RbSegment="" SelPackage="" WriteToLog="N"/>
<PurgeCriteria CommitCount="100" Createprogid="XMLMigrator"
    Createts="2020-02-19T13:30:26+00:00" Createuserid="SYSTEM"
    DelPackage="" DocumentType="3001"
    ErrFileName="Count_program_purge_error.log"
    LastRunEndTs="2001-06-27" LastRunStartTs="2001-06-27" LeadDays="30"
    Lockid="0" LogFileName="Count_program_purge_data.log"
    Modifyprogid="XMLMigrator" Modifyts="2020-02-19T13:30:26+00:00"
    Modifyuserid="SYSTEM" OrganizationCode="DEFAULT"
    PurgeCode="COUNTPROGPRG"
    PurgeCodeDescription="Corporate Count Request Purge"
    PurgeCriteriaKey="COUNTPROGPRG" RbSegment="" SelPackage="" WriteToLog="N"/>
<PurgeCriteria CommitCount="100" Createprogid="XMLMigrator"
    Createts="2020-02-19T13:26:43+00:00" Createuserid="SYSTEM"
    DelPackage="" DocumentType="1001"
    ErrFileName="DeliveryPlan_purge_error.log" LastRunEndTs="2001-06-27"
    LastRunStartTs="2001-06-27" LeadDays="30" Lockid="0"
    LogFileName="DeliveryPlan_purge_data.log" Modifyprogid="XMLMigrator"
    Modifyts="2020-02-19T13:26:43+00:00" Modifyuserid="SYSTEM"
    OrganizationCode="DEFAULT" PurgeCode="DELIVERYPLANPRG"
    PurgeCodeDescription="DeliveryPlan Purge"
    PurgeCriteriaKey="DELIVERYPLANPRG_0001" RbSegment="" SelPackage="" WriteToLog="N"/>
<PurgeCriteria CommitCount="100" Createprogid="XMLMigrator"
    Createts="2020-02-19T13:28:21+00:00" Createuserid="SYSTEM"
    DelPackage="" DocumentType=""
    ErrFileName="dock_appointment_purge_error.log"
    LastRunEndTs="2001-06-27" LastRunStartTs="2001-06-27" LeadDays="30"
    Lockid="0" LogFileName="dock_appointment_purge_data.log"
    Modifyprogid="XMLMigrator" Modifyts="2020-02-19T13:28:21+00:00"
    Modifyuserid="SYSTEM" OrganizationCode="DEFAULT"
    PurgeCode="DOCKAPPOINTMENTPRG"
    PurgeCodeDescription="Dock Appointment Purge"
    PurgeCriteriaKey="DOCKAPPOINTMENTPRG" RbSegment="" SelPackage="" WriteToLog="N"/>
<PurgeCriteria CommitCount="100" Createprogid="XMLMigrator"
    Createts="2020-02-19T13:26:43+00:00" Createuserid="SYSTEM"
    DelPackage="" DocumentType=""
    ErrFileName="Sync_Export_Table_purge_error.log"
    LastRunEndTs="2001-06-27" LastRunStartTs="2001-06-27" LeadDays="30"
    Lockid="0" LogFileName="Entity_Change_purge_data.log"
    Modifyprogid="XMLMigrator" Modifyts="2020-02-19T13:26:43+00:00"
    Modifyuserid="SYSTEM" OrganizationCode="DEFAULT"
    PurgeCode="ENTITY_CHANGE_PRG"
    PurgeCodeDescription="Entity Change Table Purge"
    PurgeCriteriaKey="ENTITY_CHANGE_PRG" RbSegment="" SelPackage="" WriteToLog="N"/>
<PurgeCriteria CommitCount="100" Createprogid="XMLMigrator"
    Createts="2020-02-19T13:30:26+00:00" Createuserid="SYSTEM"
    DelPackage="" DocumentType=""
    ErrFileName="exec_excep_audit_purge_error.log"
    LastRunEndTs="2001-06-27" LastRunStartTs="2001-06-27" LeadDays="30"
    Lockid="0" LogFileName="exec_excep_audit_purge_data.log"
    Modifyprogid="XMLMigrator" Modifyts="2020-02-19T13:30:26+00:00"
    Modifyuserid="SYSTEM" OrganizationCode="DEFAULT"
    PurgeCode="EXECEXCEPAUDITPURGE"
    PurgeCodeDescription="Execution Exception Audit Purge"
    PurgeCriteriaKey="EXECEXCEPAUDITPURGE" RbSegment="" SelPackage="" WriteToLog="N"/>
<PurgeCriteria CommitCount="100" Createprogid="XMLMigrator"
    Createts="2020-02-19T13:26:43+00:00" Createuserid="SYSTEM"
    DelPackage="" DocumentType="" ErrFileName="export_purge_error.log"
    LastRunEndTs="2001-06-27" LastRunStartTs="2001-06-27" LeadDays="30"
    Lockid="0" LogFileName="export_purge_data.log"
    Modifyprogid="XMLMigrator" Modifyts="2020-02-19T13:26:43+00:00"
    Modifyuserid="SYSTEM" OrganizationCode="DEFAULT"
    PurgeCode="EXPORTTBLPRG" PurgeCodeDescription="Export Purge"
    PurgeCriteriaKey="EXPORTTBLPRG" RbSegment="" SelPackage="" WriteToLog="N"/>
<PurgeCriteria CommitCount="100" Createprogid="XMLMigrator"
    Createts="2020-02-19T13:26:43+00:00" Createuserid="SYSTEM"
    DelPackage="" DocumentType=""
    ErrFileName="global_serial_num_purge_error.log"
    LastRunEndTs="2001-06-27" LastRunStartTs="2001-06-27" LeadDays="30"
    Lockid="0" LogFileName="global_serial_num_purge_purge_data.log"
    Modifyprogid="XMLMigrator" Modifyts="2020-02-19T13:26:43+00:00"
    Modifyuserid="SYSTEM" OrganizationCode="DEFAULT"
    PurgeCode="GLOBALSERIALNUMPURGE"
    PurgeCodeDescription="Global Serial Number Purge"
    PurgeCriteriaKey="GLOBALSERIALNUMPURGE" RbSegment="" SelPackage="" WriteToLog="N"/>
<PurgeCriteria CommitCount="100" Createprogid="XMLMigrator"
    Createts="2020-02-19T13:26:43+00:00" Createuserid="SYSTEM"
    DelPackage="" DocumentType="" ErrFileName="import_purge_error.log"
    LastRunEndTs="2001-06-27" LastRunStartTs="2001-06-27" LeadDays="30"
    Lockid="0" LogFileName="import_purge_data.log"
    Modifyprogid="XMLMigrator" Modifyts="2020-02-19T13:26:43+00:00"
    Modifyuserid="SYSTEM" OrganizationCode="DEFAULT"
    PurgeCode="IMPORTTBLPRG" PurgeCodeDescription="Import Purge"
    PurgeCriteriaKey="IMPORTTBLPRG" RbSegment="" SelPackage="" WriteToLog="N"/>
<PurgeCriteria CommitCount="100" Createprogid="XMLMigrator"
    Createts="2020-02-19T13:26:43+00:00" Createuserid="SYSTEM"
    DelPackage="" DocumentType="" ErrFileName="Inbox_purge_error.log"
    LastRunEndTs="2001-06-27" LastRunStartTs="2001-06-27" LeadDays="30"
    Lockid="0" LogFileName="Inbox_purge_data.log"
    Modifyprogid="XMLMigrator" Modifyts="2020-02-19T13:26:43+00:00"
    Modifyuserid="SYSTEM" OrganizationCode="DEFAULT"
    PurgeCode="INBOXPRG" PurgeCodeDescription="Inbox Purge"
    PurgeCriteriaKey="INBOXPRG" RbSegment="" SelPackage="" WriteToLog="N"/>
<PurgeCriteria CommitCount="100" Createprogid="XMLMigrator"
    Createts="2020-02-19T13:26:43+00:00" Createuserid="SYSTEM"
    DelPackage="" DocumentType=""
    ErrFileName="Inventory_audit_purge_error.log"
    LastRunEndTs="2001-06-27" LastRunStartTs="2001-06-27" LeadDays="60"
    Lockid="0" LogFileName="Inventory_audit_purge_data.log"
    Modifyprogid="XMLMigrator" Modifyts="2020-02-19T13:26:43+00:00"
    Modifyuserid="SYSTEM" OrganizationCode="DEFAULT"
    PurgeCode="INVENTORYAUDITPRG"
    PurgeCodeDescription="Inventory Audit Purge"
    PurgeCriteriaKey="INVENTORYAUDITPRG" RbSegment="" SelPackage="" WriteToLog="N"/>
<PurgeCriteria CommitCount="100" Createprogid="XMLMigrator"
    Createts="2020-02-19T13:26:43+00:00" Createuserid="SYSTEM"
    DelPackage="" DocumentType=""
    ErrFileName="Inventory_purge_error.log" LastRunEndTs="2001-06-27"
    LastRunStartTs="2001-06-27" LeadDays="30" Lockid="0"
    LogFileName="Inventory_purge_data.log" Modifyprogid="XMLMigrator"
    Modifyts="2020-02-19T13:26:43+00:00" Modifyuserid="SYSTEM"
    OrganizationCode="DEFAULT" PurgeCode="INVENTORYPRG"
    PurgeCodeDescription="Inventory Purge"
    PurgeCriteriaKey="INVENTORYPRG" RbSegment="" SelPackage="" WriteToLog="N"/>
<PurgeCriteria CommitCount="100" Createprogid="XMLMigrator"
    Createts="2020-02-19T13:26:43+00:00" Createuserid="SYSTEM"
    DelPackage="" DocumentType="1001"
    ErrFileName="Load_history_purge_error.log" LastRunEndTs="2006-10-17"
    LastRunStartTs="2006-10-17" LeadDays="30" Lockid="0"
    LogFileName="Load_history_purge_data.log" Modifyprogid="XMLMigrator"
    Modifyts="2020-02-19T13:26:43+00:00" Modifyuserid="SYSTEM"
    OrganizationCode="DEFAULT" PurgeCode="LOADHISTPRG"
    PurgeCodeDescription="Load History Purge"
    PurgeCriteriaKey="LOADHISTPRG" RbSegment="" SelPackage="" WriteToLog="N"/>
<PurgeCriteria CommitCount="100" Createprogid="XMLMigrator"
    Createts="2020-02-19T13:26:43+00:00" Createuserid="SYSTEM"
    DelPackage="" DocumentType="1001" ErrFileName="Load_purge_error.log"
    LastRunEndTs="2001-06-27" LastRunStartTs="2001-06-27" LeadDays="30"
    Lockid="0" LogFileName="Load_purge_data.log"
    Modifyprogid="XMLMigrator" Modifyts="2020-02-19T13:26:43+00:00"
    Modifyuserid="SYSTEM" OrganizationCode="DEFAULT" PurgeCode="LOADPRG"
    PurgeCodeDescription="Load Purge" PurgeCriteriaKey="LOADPRG"
    RbSegment="" SelPackage="" WriteToLog="N"/>
<PurgeCriteria CommitCount="100" Createprogid="XMLMigrator"
    Createts="2020-02-19T13:30:26+00:00" Createuserid="SYSTEM"
    DelPackage="" DocumentType=""
    ErrFileName="Locn_Inv_Audit_purge_error.log"
    LastRunEndTs="2001-06-27" LastRunStartTs="2001-06-27" LeadDays="30"
    Lockid="0" LogFileName="Locn_Inv_Audit_purge_data.log"
    Modifyprogid="XMLMigrator" Modifyts="2020-02-19T13:30:26+00:00"
    Modifyuserid="SYSTEM" OrganizationCode="DEFAULT"
    PurgeCode="LOCNINVAUDITPRG"
    PurgeCodeDescription="Locn Inv Audit Purge"
    PurgeCriteriaKey="LOCNINVAUDITPRG" RbSegment="" SelPackage="" WriteToLog="N"/>
<PurgeCriteria CommitCount="100" Createprogid="XMLMigrator"
    Createts="2020-02-19T13:26:43+00:00" Createuserid="SYSTEM"
    DelPackage="" DocumentType="" ErrFileName="Manifest_purge_error.log"
    LastRunEndTs="2001-06-27" LastRunStartTs="2001-06-27" LeadDays="30"
    Lockid="0" LogFileName="Manifest_purge_data.log"
    Modifyprogid="XMLMigrator" Modifyts="2020-02-19T13:26:43+00:00"
    Modifyuserid="SYSTEM" OrganizationCode="DEFAULT"
    PurgeCode="MANIFESTPRG" PurgeCodeDescription="Manifest Purge"
    PurgeCriteriaKey="MANIFESTPRG" RbSegment="" SelPackage="" WriteToLog="N"/>
<PurgeCriteria CommitCount="100" Createprogid="XMLMigrator"
    Createts="2020-02-19T13:26:43+00:00" Createuserid="SYSTEM"
    DelPackage="" DocumentType=""
    ErrFileName="Master_Upload_Purge_error.log"
    LastRunEndTs="2001-06-27" LastRunStartTs="2001-06-27" LeadDays="5"
    Lockid="0" LogFileName="Master_Upload_Purge_Data.log"
    Modifyprogid="XMLMigrator" Modifyts="2020-02-19T13:26:43+00:00"
    Modifyuserid="SYSTEM" OrganizationCode="DEFAULT"
    PurgeCode="MASTER_UPLOAD_PURGE"
    PurgeCodeDescription="Master Upload Purge"
    PurgeCriteriaKey="MASTER_UPLOAD_PURGE" RbSegment="" SelPackage="" WriteToLog="N"/>
<PurgeCriteria CommitCount="100" Createprogid="XMLMigrator"
    Createts="2020-02-19T13:30:26+00:00" Createuserid="SYSTEM"
    DelPackage="" DocumentType=""
    ErrFileName="move_request_purge_error.log" LastRunEndTs="2001-06-27"
    LastRunStartTs="2001-06-27" LeadDays="30" Lockid="0"
    LogFileName="move_request_purge_data.log" Modifyprogid="XMLMigrator"
    Modifyts="2020-02-19T13:30:26+00:00" Modifyuserid="SYSTEM"
    OrganizationCode="DEFAULT" PurgeCode="MOVEREQUESTPRG"
    PurgeCodeDescription="Move Request Purge"
    PurgeCriteriaKey="MOVEREQUESTPRG" RbSegment="" SelPackage="" WriteToLog="N"/>
<PurgeCriteria CommitCount="100" Createprogid="XMLMigrator"
    Createts="2020-02-19T13:26:43+00:00" Createuserid="SYSTEM"
    DelPackage="" DocumentType="0001"
    ErrFileName="Negotiation_hist_purge_error.log"
    LastRunEndTs="2001-06-27" LastRunStartTs="2001-06-27" LeadDays="30"
    Lockid="0" LogFileName="Negotiation_hist_purge_data.log"
    Modifyprogid="XMLMigrator" Modifyts="2020-02-19T13:26:43+00:00"
    Modifyuserid="SYSTEM" OrganizationCode="DEFAULT"
    PurgeCode="NEGOTIATIONHISTPRG"
    PurgeCodeDescription="Negotiation History Purge"
    PurgeCriteriaKey="NEGOTIATIONHISTPRG" RbSegment="" SelPackage="" WriteToLog="N"/>
<PurgeCriteria CommitCount="100" Createprogid="XMLMigrator"
    Createts="2020-02-19T13:26:43+00:00" Createuserid="SYSTEM"
    DelPackage="" DocumentType="0001"
    ErrFileName="Negotiation_purge_error.log" LastRunEndTs="2001-06-27"
    LastRunStartTs="2001-06-27" LeadDays="30" Lockid="0"
    LogFileName="Negotiation_purge_data.log" Modifyprogid="XMLMigrator"
    Modifyts="2020-02-19T13:26:43+00:00" Modifyuserid="SYSTEM"
    OrganizationCode="DEFAULT" PurgeCode="NEGOTIATIONPRG"
    PurgeCodeDescription="Negotiation Purge"
    PurgeCriteriaKey="NEGOTIATIONPRG" RbSegment="" SelPackage="" WriteToLog="N"/>
<PurgeCriteria CommitCount="100" Createprogid="XMLMigrator"
    Createts="2020-02-19T13:26:43+00:00" Createuserid="SYSTEM"
    DelPackage="" DocumentType="0020"
    ErrFileName="opportunity_history_purge_error.log"
    LastRunEndTs="2001-06-27" LastRunStartTs="2001-06-27" LeadDays="30"
    Lockid="0" LogFileName="opportunity_history_purge_data.log"
    Modifyprogid="XMLMigrator" Modifyts="2020-02-19T13:26:43+00:00"
    Modifyuserid="SYSTEM" OrganizationCode="DEFAULT"
    PurgeCode="OPPORTUNITYHISTPRG"
    PurgeCodeDescription="Opportunity History Purge"
    PurgeCriteriaKey="OPPORTUNITYHISTPRG" RbSegment="" SelPackage="" WriteToLog="N"/>
<PurgeCriteria CommitCount="100" Createprogid="XMLMigrator"
    Createts="2020-02-19T13:26:43+00:00" Createuserid="SYSTEM"
    DelPackage="" DocumentType="0020"
    ErrFileName="opportunity_purge_error.log" LastRunEndTs="2001-06-27"
    LastRunStartTs="2001-06-27" LeadDays="30" Lockid="0"
    LogFileName="opportunity_purge_data.log" Modifyprogid="XMLMigrator"
    Modifyts="2020-02-19T13:26:43+00:00" Modifyuserid="SYSTEM"
    OrganizationCode="DEFAULT" PurgeCode="OPPORTUNITYPRG"
    PurgeCodeDescription="Opportunity Purge"
    PurgeCriteriaKey="OPPORTUNITYPRG" RbSegment="" SelPackage="" WriteToLog="N"/>
<PurgeCriteria CommitCount="100" Createprogid="XMLMigrator"
    Createts="2020-02-19T13:26:43+00:00" Createuserid="SYSTEM"
    DelPackage="" DocumentType="0001"
    ErrFileName="Order_history_purge_error.log"
    LastRunEndTs="2001-06-27" LastRunStartTs="2001-06-27" LeadDays="30"
    Lockid="0" LogFileName="Order_history_purge_data.log"
    Modifyprogid="XMLMigrator" Modifyts="2020-02-19T13:26:43+00:00"
    Modifyuserid="SYSTEM" OrganizationCode="DEFAULT"
    PurgeCode="ORDERHISTPRG" PurgeCodeDescription="Order History Purge"
    PurgeCriteriaKey="ORDERHISTPRG" RbSegment="" SelPackage="" WriteToLog="N"/>
<PurgeCriteria CommitCount="100" Createprogid="XMLMigrator"
    Createts="2020-02-19T13:26:43+00:00" Createuserid="SYSTEM"
    DelPackage="" DocumentType="0007"
    ErrFileName="Order_history_purge_error.log"
    LastRunEndTs="2001-06-27" LastRunStartTs="2001-06-27" LeadDays="30"
    Lockid="0" LogFileName="Order_history_purge_data.log"
    Modifyprogid="XMLMigrator" Modifyts="2020-02-19T13:26:43+00:00"
    Modifyuserid="SYSTEM" OrganizationCode="DEFAULT"
    PurgeCode="ORDERHISTPRG" PurgeCodeDescription="Order History Purge"
    PurgeCriteriaKey="ORDERHISTPRG0007" RbSegment="" SelPackage="" WriteToLog="N"/>
<PurgeCriteria CommitCount="100" Createprogid="XMLMigrator"
    Createts="2020-02-19T13:26:43+00:00" Createuserid="SYSTEM"
    DelPackage="" DocumentType="0001"
    ErrFileName="order_purge_error.log" LastRunEndTs="2001-06-27"
    LastRunStartTs="2001-06-27" LeadDays="30" Lockid="0"
    LogFileName="order_purge_data.log" Modifyprogid="XMLMigrator"
    Modifyts="2020-02-19T13:26:43+00:00" Modifyuserid="SYSTEM"
    OrganizationCode="DEFAULT" PurgeCode="ORDERPRG"
    PurgeCodeDescription="Order Purge" PurgeCriteriaKey="ORDERPRG"
    RbSegment="" SelPackage="" WriteToLog="N"/>
<PurgeCriteria CommitCount="100" Createprogid="XMLMigrator"
    Createts="2020-02-19T13:26:43+00:00" Createuserid="SYSTEM"
    DelPackage="" DocumentType="0007"
    ErrFileName="order_purge_error.log" LastRunEndTs="2001-06-27"
    LastRunStartTs="2001-06-27" LeadDays="30" Lockid="0"
    LogFileName="order_purge_data.log" Modifyprogid="XMLMigrator"
    Modifyts="2020-02-19T13:26:43+00:00" Modifyuserid="SYSTEM"
    OrganizationCode="DEFAULT" PurgeCode="ORDERPRG"
    PurgeCodeDescription="Order Purge" PurgeCriteriaKey="ORDERPRG0007"
    RbSegment="" SelPackage="" WriteToLog="N"/>
<PurgeCriteria CommitCount="100" Createprogid="XMLMigrator"
    Createts="2020-02-19T13:26:43+00:00" Createuserid="SYSTEM"
    DelPackage="" DocumentType="0001" ErrFileName="ors_purge_error.log"
    LastRunEndTs="2009-01-26" LastRunStartTs="2009-01-26" LeadDays="30"
    Lockid="0" LogFileName="ors_purge_data.log"
    Modifyprogid="XMLMigrator" Modifyts="2020-02-19T13:26:43+00:00"
    Modifyuserid="SYSTEM" OrganizationCode="DEFAULT"
    PurgeCode="ORDER_RELEASE_STATUS_PURGE"
    PurgeCodeDescription="Order Release Status Purge"
    PurgeCriteriaKey="ORSPURGE.0001" RbSegment="" SelPackage="" WriteToLog="N"/>
<PurgeCriteria CommitCount="100" Createprogid="XMLMigrator"
    Createts="2020-02-19T13:26:43+00:00" Createuserid="SYSTEM"
    DelPackage="" DocumentType="0002"
    ErrFileName="Planned_ors_purge_error.log" LastRunEndTs="2009-01-26"
    LastRunStartTs="2009-01-26" LeadDays="30" Lockid="0"
    LogFileName="Planned_ors_purge_data.log" Modifyprogid="XMLMigrator"
    Modifyts="2020-02-19T13:26:43+00:00" Modifyuserid="SYSTEM"
    OrganizationCode="DEFAULT" PurgeCode="ORDER_RELEASE_STATUS_PURGE"
    PurgeCodeDescription="Planned Order Release Status Purge"
    PurgeCriteriaKey="ORSPURGE.0002" RbSegment="" SelPackage="" WriteToLog="N"/>
<PurgeCriteria CommitCount="100" Createprogid="XMLMigrator"
    Createts="2020-02-19T13:26:43+00:00" Createuserid="SYSTEM"
    DelPackage="" DocumentType="0003" ErrFileName="ors_purge_error.log"
    LastRunEndTs="2009-01-26" LastRunStartTs="2009-01-26" LeadDays="30"
    Lockid="0" LogFileName="ors_purge_data.log"
    Modifyprogid="XMLMigrator" Modifyts="2020-02-19T13:26:43+00:00"
    Modifyuserid="SYSTEM" OrganizationCode="DEFAULT"
    PurgeCode="ORDER_RELEASE_STATUS_PURGE"
    PurgeCodeDescription="Order Release Status Purge"
    PurgeCriteriaKey="ORSPURGE.0003" RbSegment="" SelPackage="" WriteToLog="N"/>
<PurgeCriteria CommitCount="100" Createprogid="XMLMigrator"
    Createts="2020-02-19T13:26:43+00:00" Createuserid="SYSTEM"
    DelPackage="" DocumentType="0005" ErrFileName="ors_purge_error.log"
    LastRunEndTs="2009-01-26" LastRunStartTs="2009-01-26" LeadDays="30"
    Lockid="0" LogFileName="ors_purge_data.log"
    Modifyprogid="XMLMigrator" Modifyts="2020-02-19T13:26:43+00:00"
    Modifyuserid="SYSTEM" OrganizationCode="DEFAULT"
    PurgeCode="ORDER_RELEASE_STATUS_PURGE"
    PurgeCodeDescription="Order Release Status Purge"
    PurgeCriteriaKey="ORSPURGE.0005" RbSegment="" SelPackage="" WriteToLog="N"/>
<PurgeCriteria CommitCount="100" Createprogid="XMLMigrator"
    Createts="2020-02-19T13:26:43+00:00" Createuserid="SYSTEM"
    DelPackage="" DocumentType="0006" ErrFileName="ors_purge_error.log"
    LastRunEndTs="2009-01-26" LastRunStartTs="2009-01-26" LeadDays="30"
    Lockid="0" LogFileName="ors_purge_data.log"
    Modifyprogid="XMLMigrator" Modifyts="2020-02-19T13:26:43+00:00"
    Modifyuserid="SYSTEM" OrganizationCode="DEFAULT"
    PurgeCode="ORDER_RELEASE_STATUS_PURGE"
    PurgeCodeDescription="Order Release Status Purge"
    PurgeCriteriaKey="ORSPURGE.0006" RbSegment="" SelPackage="" WriteToLog="N"/>
<PurgeCriteria CommitCount="100" Createprogid="XMLMigrator"
    Createts="2020-02-19T13:26:43+00:00" Createuserid="SYSTEM"
    DelPackage="" DocumentType=""
    ErrFileName="Person_Info_History_purge_error.log"
    LastRunEndTs="2001-06-27" LastRunStartTs="2001-06-27" LeadDays="30"
    Lockid="0" LogFileName="Person_Info_History_purge_data.log"
    Modifyprogid="XMLMigrator" Modifyts="2020-02-19T13:26:43+00:00"
    Modifyuserid="SYSTEM" OrganizationCode="DEFAULT"
    PurgeCode="PERSONINFOHISTPRG"
    PurgeCodeDescription="Purge Person Info History"
    PurgeCriteriaKey="PERSONINFOHISTPRG" RbSegment="" SelPackage="" WriteToLog="N"/>
<PurgeCriteria CommitCount="100" Createprogid="XMLMigrator"
    Createts="2020-02-19T13:26:43+00:00" Createuserid="SYSTEM"
    DelPackage="" DocumentType=""
    ErrFileName="Person_Info_purge_error.log" LastRunEndTs="2001-06-27"
    LastRunStartTs="2001-06-27" LeadDays="30" Lockid="0"
    LogFileName="Person_Info_purge_data.log" Modifyprogid="XMLMigrator"
    Modifyts="2020-02-19T13:26:43+00:00" Modifyuserid="SYSTEM"
    OrganizationCode="DEFAULT" PurgeCode="PERSONINFOPRG"
    PurgeCodeDescription="Purge Person Info"
    PurgeCriteriaKey="PERSONINFOPRG" RbSegment="" SelPackage="" WriteToLog="N"/>
<PurgeCriteria CommitCount="100" Createprogid="XMLMigrator"
    Createts="2020-02-19T13:26:43+00:00" Createuserid="SYSTEM"
    DelPackage="" DocumentType="0001"
    ErrFileName="PickList_purge_error.log" LastRunEndTs="2001-06-27"
    LastRunStartTs="2001-06-27" LeadDays="30" Lockid="0"
    LogFileName="PickList_purge_data.log" Modifyprogid="XMLMigrator"
    Modifyts="2020-02-19T13:26:43+00:00" Modifyuserid="SYSTEM"
    OrganizationCode="DEFAULT" PurgeCode="PICKLISTPRG"
    PurgeCodeDescription="PickList Purge"
    PurgeCriteriaKey="PICKLISTPRG_0001" RbSegment="" SelPackage="" WriteToLog="N"/>
<PurgeCriteria CommitCount="100" Createprogid="XMLMigrator"
    Createts="2020-02-19T13:26:43+00:00" Createuserid="SYSTEM"
    DelPackage="" DocumentType="0002"
    ErrFileName="Planned_order_history_purge_error.log"
    LastRunEndTs="2001-06-27" LastRunStartTs="2001-06-27" LeadDays="30"
    Lockid="0" LogFileName="Planned_order_history_purge_data.log"
    Modifyprogid="XMLMigrator" Modifyts="2020-02-19T13:26:43+00:00"
    Modifyuserid="SYSTEM" OrganizationCode="DEFAULT"
    PurgeCode="ORDERHISTPRG"
    PurgeCodeDescription="Planned Order history Purge"
    PurgeCriteriaKey="PLANHISTORDERPRG" RbSegment="" SelPackage="" WriteToLog="N"/>
<PurgeCriteria CommitCount="100" Createprogid="XMLMigrator"
    Createts="2020-02-19T13:28:21+00:00" Createuserid="SYSTEM"
    DelPackage="" DocumentType=""
    ErrFileName="planned_task_purge_error.log" LastRunEndTs="2001-06-27"
    LastRunStartTs="2001-06-27" LeadDays="30" Lockid="0"
    LogFileName="planned_task_purge_data.log" Modifyprogid="XMLMigrator"
    Modifyts="2020-02-19T13:28:21+00:00" Modifyuserid="SYSTEM"
    OrganizationCode="DEFAULT" PurgeCode="PLANNEDTASKPRG"
    PurgeCodeDescription="Planned Task Purge"
    PurgeCriteriaKey="PLANNEDTASKPRG" RbSegment="" SelPackage="" WriteToLog="N"/>
<PurgeCriteria CommitCount="100" Createprogid="XMLMigrator"
    Createts="2020-02-19T13:26:43+00:00" Createuserid="SYSTEM"
    DelPackage="" DocumentType="0002"
    ErrFileName="Plan_Negotiation_hist_purge_error.log"
    LastRunEndTs="2001-06-27" LastRunStartTs="2001-06-27" LeadDays="30"
    Lockid="0" LogFileName="Plan_Negotiation_hist_purge_data.log"
    Modifyprogid="XMLMigrator" Modifyts="2020-02-19T13:26:43+00:00"
    Modifyuserid="SYSTEM" OrganizationCode="DEFAULT"
    PurgeCode="NEGOTIATIONHISTPRG"
    PurgeCodeDescription="Plan Order Negotiation History Purge"
    PurgeCriteriaKey="PLANNEGOTIATIONHISTPRG" RbSegment="" SelPackage="" WriteToLog="N"/>
<PurgeCriteria CommitCount="100" Createprogid="XMLMigrator"
    Createts="2020-02-19T13:26:43+00:00" Createuserid="SYSTEM"
    DelPackage="" DocumentType="0002"
    ErrFileName="Plan_Negotiation_purge_error.log"
    LastRunEndTs="2001-06-27" LastRunStartTs="2001-06-27" LeadDays="30"
    Lockid="0" LogFileName="Plan_Negotiation_purge_data.log"
    Modifyprogid="XMLMigrator" Modifyts="2020-02-19T13:26:43+00:00"
    Modifyuserid="SYSTEM" OrganizationCode="DEFAULT"
    PurgeCode="NEGOTIATIONPRG"
    PurgeCodeDescription="Plan Order Negotiation Purge"
    PurgeCriteriaKey="PLANNEGOTIATIONPRG" RbSegment="" SelPackage="" WriteToLog="N"/>
<PurgeCriteria CommitCount="100" Createprogid="XMLMigrator"
    Createts="2020-02-19T13:26:43+00:00" Createuserid="SYSTEM"
    DelPackage="" DocumentType="0002"
    ErrFileName="Planned_order_purge_error.log"
    LastRunEndTs="2001-06-27" LastRunStartTs="2001-06-27" LeadDays="30"
    Lockid="0" LogFileName="Planned_order_purge_data.log"
    Modifyprogid="XMLMigrator" Modifyts="2020-02-19T13:26:43+00:00"
    Modifyuserid="SYSTEM" OrganizationCode="DEFAULT"
    PurgeCode="ORDERPRG" PurgeCodeDescription="Planned Order Purge"
    PurgeCriteriaKey="PLANORDERPRG" RbSegment="" SelPackage="" WriteToLog="N"/>
<PurgeCriteria CommitCount="100" Createprogid="XMLMigrator"
    Createts="2020-02-19T13:26:43+00:00" Createuserid="SYSTEM"
    DelPackage="" DocumentType="0003"
    ErrFileName="Shipment_Stats_purge_error.log"
    LastRunEndTs="2001-06-27" LastRunStartTs="2001-06-27" LeadDays="30"
    Lockid="0" LogFileName="Shipment_Stats_purge_data.log"
    Modifyprogid="XMLMigrator" Modifyts="2020-02-19T13:26:43+00:00"
    Modifyuserid="SYSTEM" OrganizationCode="DEFAULT"
    PurgeCode="PRG_SHIP_STATS"
    PurgeCodeDescription="Shipment Statistics Purge"
    PurgeCriteriaKey="PRG_SHIP_STATS" RbSegment="" SelPackage="" WriteToLog="N"/>
<PurgeCriteria CommitCount="100" Createprogid="XMLMigrator"
    Createts="2020-02-19T13:26:43+00:00" Createuserid="SYSTEM"
    DelPackage="" DocumentType=""
    ErrFileName="price_list_purge_error.log" LastRunEndTs="2001-06-27"
    LastRunStartTs="2001-06-27" LeadDays="30" Lockid="0"
    LogFileName="price_list_purge_data.log" Modifyprogid="XMLMigrator"
    Modifyts="2020-02-19T13:26:43+00:00" Modifyuserid="SYSTEM"
    OrganizationCode="DEFAULT" PurgeCode="PRICELISTPRG"
    PurgeCodeDescription="Price Purge" PurgeCriteriaKey="PRICELISTPRG"
    RbSegment="" SelPackage="" WriteToLog="N"/>
<PurgeCriteria CommitCount="100" Createprogid="XMLMigrator"
    Createts="2020-02-19T13:28:23+00:00" Createuserid="SYSTEM"
    DelPackage="" DocumentType=""
    ErrFileName="promotion_usage_history_purge_error.log"
    LastRunEndTs="2001-06-27" LastRunStartTs="2001-06-27" LeadDays="30"
    Lockid="0" LogFileName="promotion_usage_history_purge_data.log"
    Modifyprogid="XMLMigrator" Modifyts="2020-02-19T13:28:23+00:00"
    Modifyuserid="SYSTEM" OrganizationCode="DEFAULT"
    PurgeCode="PRICPROMOUSGHSTPRG"
    PurgeCodeDescription="Promotion Usage History"
    PurgeCriteriaKey="PRICPROMOUSGHSTPRG" RbSegment="" SelPackage="" WriteToLog="N"/>
<PurgeCriteria CommitCount="100" Createprogid="XMLMigrator"
    Createts="2020-02-19T13:28:23+00:00" Createuserid="SYSTEM"
    DelPackage="" DocumentType=""
    ErrFileName="promotion_usage_purge_error.log"
    LastRunEndTs="2001-06-27" LastRunStartTs="2001-06-27" LeadDays="30"
    Lockid="0" LogFileName="promotion_usage_purge_data.log"
    Modifyprogid="XMLMigrator" Modifyts="2020-02-19T13:28:23+00:00"
    Modifyuserid="SYSTEM" OrganizationCode="DEFAULT"
    PurgeCode="PRICPROMOUSGPRG" PurgeCodeDescription="Promotion Usage"
    PurgeCriteriaKey="PRICPROMOUSGPRG" RbSegment="" SelPackage="" WriteToLog="N"/>
<PurgeCriteria CommitCount="100" Createprogid="XMLMigrator"
    Createts="2020-02-19T13:28:21+00:00" Createuserid="SYSTEM"
    DelPackage="" DocumentType=""
    ErrFileName="productivity_purge_error.log" LastRunEndTs="2001-06-27"
    LastRunStartTs="2001-06-27" LeadDays="30" Lockid="0"
    LogFileName="productivity_purge_data.log" Modifyprogid="XMLMigrator"
    Modifyts="2020-02-19T13:28:21+00:00" Modifyuserid="SYSTEM"
    OrganizationCode="DEFAULT" PurgeCode="PRODUCTIVITYPRG"
    PurgeCodeDescription="Productivity Purge"
    PurgeCriteriaKey="PRODUCTIVITYPRG" RbSegment="" SelPackage="" WriteToLog="N"/>
<PurgeCriteria CommitCount="100" Createprogid="XMLMigrator"
    Createts="2020-02-19T13:26:43+00:00" Createuserid="SYSTEM"
    DelPackage="" DocumentType=""
    ErrFileName="PURGE_INV_TRNSFR_RECORDS_error.log"
    LastRunEndTs="2001-06-27" LastRunStartTs="2001-06-27" LeadDays="30"
    Lockid="0" LogFileName="PURGE_INV_TRNSFR_RECORDS_data.log"
    Modifyprogid="XMLMigrator" Modifyts="2020-02-19T13:26:43+00:00"
    Modifyuserid="SYSTEM" OrganizationCode="DEFAULT"
    PurgeCode="PURGE_INV_TRNSFR_RECORDS"
    PurgeCodeDescription="Purge Inventory Transfer Records"
    PurgeCriteriaKey="PURGE_INV_TRNSFR_RECORDS" RbSegment=""
    SelPackage="" WriteToLog="N"/>
<PurgeCriteria CommitCount="100" Createprogid="XMLMigrator"
    Createts="2020-02-19T13:26:43+00:00" Createuserid="SYSTEM"
    DelPackage="" DocumentType=""
    ErrFileName="Password_Request_temp_purge_error.log"
    LastRunEndTs="2001-06-27" LastRunStartTs="2001-06-27" LeadDays="30"
    Lockid="0" LogFileName="Password_Request_temp_data.log"
    Modifyprogid="XMLMigrator" Modifyts="2020-02-19T13:26:43+00:00"
    Modifyuserid="SYSTEM" OrganizationCode="DEFAULT"
    PurgeCode="PWDREQPRG"
    PurgeCodeDescription="Password Reset Request Purge"
    PurgeCriteriaKey="PWDREQPRG" RbSegment="" SelPackage="" WriteToLog="N"/>
<PurgeCriteria CommitCount="100" Createprogid="XMLMigrator"
    Createts="2020-02-19T13:26:43+00:00" Createuserid="SYSTEM"
    DelPackage="" DocumentType="0015"
    ErrFileName="quote_history_purge_error.log"
    LastRunEndTs="2001-06-27" LastRunStartTs="2001-06-27" LeadDays="30"
    Lockid="0" LogFileName="quote_history_purge_data.log"
    Modifyprogid="XMLMigrator" Modifyts="2020-02-19T13:26:43+00:00"
    Modifyuserid="SYSTEM" OrganizationCode="DEFAULT"
    PurgeCode="DRAFTORDERHISTPRG"
    PurgeCodeDescription="Quote History Purge"
    PurgeCriteriaKey="QUOTEHISTPRG" RbSegment="" SelPackage="" WriteToLog="N"/>
<PurgeCriteria CommitCount="100" Createprogid="XMLMigrator"
    Createts="2020-02-19T13:26:43+00:00" Createuserid="SYSTEM"
    DelPackage="" DocumentType="0015"
    ErrFileName="quote_purge_error.log" LastRunEndTs="2001-06-27"
    LastRunStartTs="2001-06-27" LeadDays="30" Lockid="0"
    LogFileName="quote_purge_data.log" Modifyprogid="XMLMigrator"
    Modifyts="2020-02-19T13:26:43+00:00" Modifyuserid="SYSTEM"
    OrganizationCode="DEFAULT" PurgeCode="ORDERPRG"
    PurgeCodeDescription="Quote Purge" PurgeCriteriaKey="QUOTEPRG"
    RbSegment="" SelPackage="" WriteToLog="N"/>
<PurgeCriteria CommitCount="100" Createprogid="XMLMigrator"
    Createts="2020-02-19T13:26:43+00:00" Createuserid="SYSTEM"
    DelPackage="" DocumentType="0001"
    ErrFileName="Receipt_history_purge_error.log"
    LastRunEndTs="2001-06-27" LastRunStartTs="2001-06-27" LeadDays="30"
    Lockid="0" LogFileName="Receipt_history_purge_data.log"
    Modifyprogid="XMLMigrator" Modifyts="2020-02-19T13:26:43+00:00"
    Modifyuserid="SYSTEM" OrganizationCode="DEFAULT"
    PurgeCode="RECEIPTHISTPRG"
    PurgeCodeDescription="Receipt History Purge"
    PurgeCriteriaKey="RECEIPTHISTPRG.0001" RbSegment="" SelPackage="" WriteToLog="N"/>
<PurgeCriteria CommitCount="100" Createprogid="XMLMigrator"
    Createts="2020-02-19T13:26:43+00:00" Createuserid="SYSTEM"
    DelPackage="" DocumentType="0003"
    ErrFileName="Receipt_history_purge_error.log"
    LastRunEndTs="2001-06-27" LastRunStartTs="2001-06-27" LeadDays="30"
    Lockid="0" LogFileName="Receipt_history_purge_data.log"
    Modifyprogid="XMLMigrator" Modifyts="2020-02-19T13:26:43+00:00"
    Modifyuserid="SYSTEM" OrganizationCode="DEFAULT"
    PurgeCode="RECEIPTHISTPRG"
    PurgeCodeDescription="Receipt History Purge"
    PurgeCriteriaKey="RECEIPTHISTPRG.0003" RbSegment="" SelPackage="" WriteToLog="N"/>
<PurgeCriteria CommitCount="100" Createprogid="XMLMigrator"
    Createts="2020-02-19T13:26:43+00:00" Createuserid="SYSTEM"
    DelPackage="" DocumentType="0005"
    ErrFileName="Receipt_history_purge_error.log"
    LastRunEndTs="2001-06-27" LastRunStartTs="2001-06-27" LeadDays="30"
    Lockid="0" LogFileName="Receipt_history_purge_data.log"
    Modifyprogid="XMLMigrator" Modifyts="2020-02-19T13:26:43+00:00"
    Modifyuserid="SYSTEM" OrganizationCode="DEFAULT"
    PurgeCode="RECEIPTHISTPRG"
    PurgeCodeDescription="Receipt History Purge"
    PurgeCriteriaKey="RECEIPTHISTPRG.0005" RbSegment="" SelPackage="" WriteToLog="N"/>
<PurgeCriteria CommitCount="100" Createprogid="XMLMigrator"
    Createts="2020-02-19T13:26:43+00:00" Createuserid="SYSTEM"
    DelPackage="" DocumentType="0006"
    ErrFileName="Receipt_history_purge_error.log"
    LastRunEndTs="2001-06-27" LastRunStartTs="2001-06-27" LeadDays="30"
    Lockid="0" LogFileName="Receipt_history_purge_data.log"
    Modifyprogid="XMLMigrator" Modifyts="2020-02-19T13:26:43+00:00"
    Modifyuserid="SYSTEM" OrganizationCode="DEFAULT"
    PurgeCode="RECEIPTHISTPRG"
    PurgeCodeDescription="Receipt History Purge"
    PurgeCriteriaKey="RECEIPTHISTPRG.0006" RbSegment="" SelPackage="" WriteToLog="N"/>
<PurgeCriteria CommitCount="100" Createprogid="XMLMigrator"
    Createts="2020-02-19T13:26:43+00:00" Createuserid="SYSTEM"
    DelPackage="" DocumentType="0001"
    ErrFileName="Receipt_purge_error.log" LastRunEndTs="2001-06-27"
    LastRunStartTs="2001-06-27" LeadDays="30" Lockid="0"
    LogFileName="Receipt_purge_data.log" Modifyprogid="XMLMigrator"
    Modifyts="2020-02-19T13:26:43+00:00" Modifyuserid="SYSTEM"
    OrganizationCode="DEFAULT" PurgeCode="RECEIPTPRG"
    PurgeCodeDescription="Receipt Purge"
    PurgeCriteriaKey="RECEIPTPRG.0001" RbSegment="" SelPackage="" WriteToLog="N"/>
<PurgeCriteria CommitCount="100" Createprogid="XMLMigrator"
    Createts="2020-02-19T13:26:43+00:00" Createuserid="SYSTEM"
    DelPackage="" DocumentType="0003"
    ErrFileName="Receipt_purge_error.log" LastRunEndTs="2001-06-27"
    LastRunStartTs="2001-06-27" LeadDays="30" Lockid="0"
    LogFileName="Receipt_purge_data.log" Modifyprogid="XMLMigrator"
    Modifyts="2020-02-19T13:26:43+00:00" Modifyuserid="SYSTEM"
    OrganizationCode="DEFAULT" PurgeCode="RECEIPTPRG"
    PurgeCodeDescription="Receipt Purge"
    PurgeCriteriaKey="RECEIPTPRG.0003" RbSegment="" SelPackage="" WriteToLog="N"/>
<PurgeCriteria CommitCount="100" Createprogid="XMLMigrator"
    Createts="2020-02-19T13:26:43+00:00" Createuserid="SYSTEM"
    DelPackage="" DocumentType="0005"
    ErrFileName="Receipt_purge_error.log" LastRunEndTs="2001-06-27"
    LastRunStartTs="2001-06-27" LeadDays="30" Lockid="0"
    LogFileName="Receipt_purge_data.log" Modifyprogid="XMLMigrator"
    Modifyts="2020-02-19T13:26:43+00:00" Modifyuserid="SYSTEM"
    OrganizationCode="DEFAULT" PurgeCode="RECEIPTPRG"
    PurgeCodeDescription="Receipt Purge"
    PurgeCriteriaKey="RECEIPTPRG.0005" RbSegment="" SelPackage="" WriteToLog="N"/>
<PurgeCriteria CommitCount="100" Createprogid="XMLMigrator"
    Createts="2020-02-19T13:26:43+00:00" Createuserid="SYSTEM"
    DelPackage="" DocumentType="0006"
    ErrFileName="Receipt_purge_error.log" LastRunEndTs="2001-06-27"
    LastRunStartTs="2001-06-27" LeadDays="30" Lockid="0"
    LogFileName="Receipt_purge_data.log" Modifyprogid="XMLMigrator"
    Modifyts="2020-02-19T13:26:43+00:00" Modifyuserid="SYSTEM"
    OrganizationCode="DEFAULT" PurgeCode="RECEIPTPRG"
    PurgeCodeDescription="Receipt Purge"
    PurgeCriteriaKey="RECEIPTPRG.0006" RbSegment="" SelPackage="" WriteToLog="N"/>
<PurgeCriteria CommitCount="100" Createprogid="XMLMigrator"
    Createts="2020-02-19T13:26:43+00:00" Createuserid="SYSTEM"
    DelPackage="" DocumentType=""
    ErrFileName="reprocess_purge_error.log" LastRunEndTs="2001-06-27"
    LastRunStartTs="2001-06-27" LeadDays="30" Lockid="0"
    LogFileName="reprocess_purge_data.log" Modifyprogid="XMLMigrator"
    Modifyts="2020-02-19T13:26:43+00:00" Modifyuserid="SYSTEM"
    OrganizationCode="DEFAULT" PurgeCode="REPROCESSPRG"
    PurgeCodeDescription="Reprocess Purge"
    PurgeCriteriaKey="REPROCESSPRG" RbSegment="" SelPackage="" WriteToLog="N"/>
<PurgeCriteria CommitCount="100" Createprogid="XMLMigrator"
    Createts="2020-02-19T13:26:43+00:00" Createuserid="SYSTEM"
    DelPackage="" DocumentType=""
    ErrFileName="Inventory_reservation_purge_error.log"
    LastRunEndTs="2001-06-27" LastRunStartTs="2001-06-27" LeadDays="0"
    Lockid="0" LogFileName="Inventory_reservation_data.log"
    Modifyprogid="XMLMigrator" Modifyts="2020-02-19T13:26:43+00:00"
    Modifyuserid="SYSTEM" OrganizationCode="DEFAULT"
    PurgeCode="RESERVATIONPRG"
    PurgeCodeDescription="Inventory Reservation Purge"
    PurgeCriteriaKey="RESERVATIONPRG" RbSegment="" SelPackage="" WriteToLog="N"/>
<PurgeCriteria CommitCount="100" Createprogid="XMLMigrator"
    Createts="2020-02-19T13:26:43+00:00" Createuserid="SYSTEM"
    DelPackage="" DocumentType="0001"
    ErrFileName="Shipment_history_purge_error.log"
    LastRunEndTs="2001-06-27" LastRunStartTs="2001-06-27" LeadDays="30"
    Lockid="0" LogFileName="Shipment_history_purge_data.log"
    Modifyprogid="XMLMigrator" Modifyts="2020-02-19T13:26:43+00:00"
    Modifyuserid="SYSTEM" OrganizationCode="DEFAULT"
    PurgeCode="SHIPMENTHISTPRG"
    PurgeCodeDescription="Shipment History Purge"
    PurgeCriteriaKey="SHIPMENTHISTPRG" RbSegment="" SelPackage="" WriteToLog="N"/>
<PurgeCriteria CommitCount="100" Createprogid="XMLMigrator"
    Createts="2020-02-19T13:26:43+00:00" Createuserid="SYSTEM"
    DelPackage="" DocumentType="0001"
    ErrFileName="Shipment_purge_error.log" LastRunEndTs="2001-06-27"
    LastRunStartTs="2001-06-27" LeadDays="30" Lockid="0"
    LogFileName="Shipment_purge_data.log" Modifyprogid="XMLMigrator"
    Modifyts="2020-02-19T13:26:43+00:00" Modifyuserid="SYSTEM"
    OrganizationCode="DEFAULT" PurgeCode="SHIPMENTPRG"
    PurgeCodeDescription="Shipment Purge" PurgeCriteriaKey="SHIPMENTPRG"
    RbSegment="" SelPackage="" WriteToLog="N"/>
<PurgeCriteria CommitCount="100" Createprogid="XMLMigrator"
    Createts="2020-02-19T13:26:43+00:00" Createuserid="SYSTEM"
    DelPackage="" DocumentType=""
    ErrFileName="statistics_purge_error.log" LastRunEndTs="2001-06-27"
    LastRunStartTs="2001-06-27" LeadDays="30" Lockid="0"
    LogFileName="statistics_purge_data.log" Modifyprogid="XMLMigrator"
    Modifyts="2020-02-19T13:26:43+00:00" Modifyuserid="SYSTEM"
    OrganizationCode="DEFAULT" PurgeCode="STATTBLPRG"
    PurgeCodeDescription="Statistics Purge"
    PurgeCriteriaKey="STATTBLPRG" RbSegment="" SelPackage="" WriteToLog="N"/>
<PurgeCriteria CommitCount="100" Createprogid="XMLMigrator"
    Createts="2020-02-19T13:26:43+00:00" Createuserid="SYSTEM"
    DelPackage="" DocumentType="0001"
    ErrFileName="Status_audit_purge_error.log" LastRunEndTs="2001-06-27"
    LastRunStartTs="2001-06-27" LeadDays="30" Lockid="0"
    LogFileName="Status_audit_purge_data.log" Modifyprogid="XMLMigrator"
    Modifyts="2020-02-19T13:26:43+00:00" Modifyuserid="SYSTEM"
    OrganizationCode="DEFAULT" PurgeCode="STATUSAUDITPRG"
    PurgeCodeDescription="Status Audit Purge"
    PurgeCriteriaKey="STATUSAUDITPRG" RbSegment="" SelPackage="" WriteToLog="N"/>
<PurgeCriteria CommitCount="100" Createprogid="XMLMigrator"
    Createts="2020-02-19T13:26:43+00:00" Createuserid="SYSTEM"
    DelPackage="" DocumentType=""
    ErrFileName="Inventory_supply_temp_purge_error.log"
    LastRunEndTs="2001-06-27" LastRunStartTs="2001-06-27" LeadDays="0"
    Lockid="0" LogFileName="Inventory_supply_temp_data.log"
    Modifyprogid="XMLMigrator" Modifyts="2020-02-19T13:26:43+00:00"
    Modifyuserid="SYSTEM" OrganizationCode="DEFAULT"
    PurgeCode="SUPPLYTEMPPRG"
    PurgeCodeDescription="Inventory Supply Temp Purge"
    PurgeCriteriaKey="SUPPLYTEMPPRG" RbSegment="" SelPackage="" WriteToLog="N"/>
<PurgeCriteria CommitCount="100" Createprogid="XMLMigrator"
    Createts="2020-02-19T13:26:43+00:00" Createuserid="SYSTEM"
    DelPackage="" DocumentType=""
    ErrFileName="Sync_Export_Table_purge_error.log"
    LastRunEndTs="2001-06-27" LastRunStartTs="2001-06-27" LeadDays="30"
    Lockid="0" LogFileName="Sync_export_table_purge_data.log"
    Modifyprogid="XMLMigrator" Modifyts="2020-02-19T13:26:43+00:00"
    Modifyuserid="SYSTEM" OrganizationCode="DEFAULT"
    PurgeCode="SYNCEXPRTPRG"
    PurgeCodeDescription="Sync Export Table Purge"
    PurgeCriteriaKey="SYNCEXPRTPRG" RbSegment="" SelPackage="" WriteToLog="N"/>
<PurgeCriteria CommitCount="100" Createprogid="XMLMigrator"
    Createts="2020-02-19T13:28:21+00:00" Createuserid="SYSTEM"
    DelPackage="" DocumentType=""
    ErrFileName="task_purge_hist_error.log" LastRunEndTs="2001-06-27"
    LastRunStartTs="2001-06-27" LeadDays="30" Lockid="0"
    LogFileName="task_hist_purge_data.log" Modifyprogid="XMLMigrator"
    Modifyts="2020-02-19T13:28:21+00:00" Modifyuserid="SYSTEM"
    OrganizationCode="DEFAULT" PurgeCode="TASKHISTPURGE"
    PurgeCodeDescription="Task History Purge"
    PurgeCriteriaKey="TASKHISTPURGE" RbSegment="" SelPackage="" WriteToLog="N"/>
<PurgeCriteria CommitCount="100" Createprogid="XMLMigrator"
    Createts="2020-02-19T13:28:21+00:00" Createuserid="SYSTEM"
    DelPackage="" DocumentType="" ErrFileName="task_purge_error.log"
    LastRunEndTs="2001-06-27" LastRunStartTs="2001-06-27" LeadDays="30"
    Lockid="0" LogFileName="task_purge_data.log"
    Modifyprogid="XMLMigrator" Modifyts="2020-02-19T13:28:21+00:00"
    Modifyuserid="SYSTEM" OrganizationCode="DEFAULT"
    PurgeCode="TASKPURGE" PurgeCodeDescription="Task Purge"
    PurgeCriteriaKey="TASKPURGE" RbSegment="" SelPackage="" WriteToLog="N"/>
<PurgeCriteria CommitCount="100" Createprogid="XMLMigrator"
    Createts="2020-02-19T13:26:43+00:00" Createuserid="SYSTEM"
    DelPackage="" DocumentType=""
    ErrFileName="User_Act_Audit_purge_error.log"
    LastRunEndTs="2001-06-27" LastRunStartTs="2001-06-27" LeadDays="30"
    Lockid="0" LogFileName="User_Act_Audit_purge_data.log"
    Modifyprogid="XMLMigrator" Modifyts="2020-02-19T13:26:43+00:00"
    Modifyuserid="SYSTEM" OrganizationCode="DEFAULT"
    PurgeCode="USERACTAUDITPRG"
    PurgeCodeDescription="User Activity Audit Purge"
    PurgeCriteriaKey="USERACTAUDITPRG" RbSegment="" SelPackage="" WriteToLog="N"/>
<PurgeCriteria CommitCount="100" Createprogid="XMLMigrator"
    Createts="2020-02-19T13:26:43+00:00" Createuserid="SYSTEM"
    DelPackage="" DocumentType=""
    ErrFileName="User_Activity_purge_error.log"
    LastRunEndTs="2001-06-27" LastRunStartTs="2001-06-27" LeadDays="30"
    Lockid="0" LogFileName="User_Activity_purge_data.log"
    Modifyprogid="XMLMigrator" Modifyts="2020-02-19T13:26:43+00:00"
    Modifyuserid="SYSTEM" OrganizationCode="DEFAULT"
    PurgeCode="USERACTIVITYPRG"
    PurgeCodeDescription="User Activity Purge"
    PurgeCriteriaKey="USERACTIVITYPRG" RbSegment="" SelPackage="" WriteToLog="N"/>
<PurgeCriteria CommitCount="100" Createprogid="XMLMigrator"
    Createts="2020-02-19T13:26:43+00:00" Createuserid="SYSTEM"
    DelPackage="" DocumentType=""
    ErrFileName="User_login_fail_temp_purge_error.log"
    LastRunEndTs="2001-06-27" LastRunStartTs="2001-06-27" LeadDays="30"
    Lockid="0" LogFileName="User_login_fail_temp_data.log"
    Modifyprogid="XMLMigrator" Modifyts="2020-02-19T13:26:43+00:00"
    Modifyuserid="SYSTEM" OrganizationCode="DEFAULT"
    PurgeCode="USERLOGINFAILPRG"
    PurgeCodeDescription="User Login Fail Purge"
    PurgeCriteriaKey="USERLOGINFAILPRG" RbSegment="" SelPackage="" WriteToLog="N"/>
<PurgeCriteria CommitCount="100" Createprogid="XMLMigrator"
    Createts="2020-02-19T13:26:43+00:00" Createuserid="SYSTEM"
    DelPackage="" DocumentType="7001"
    ErrFileName="Work_Order_History_purge_error.log"
    LastRunEndTs="2001-06-27" LastRunStartTs="2001-06-27" LeadDays="30"
    Lockid="0" LogFileName="Work_Order_History_purge_data.log"
    Modifyprogid="XMLMigrator" Modifyts="2020-02-19T13:26:43+00:00"
    Modifyuserid="SYSTEM" OrganizationCode="DEFAULT"
    PurgeCode="WORK_ORDER_HISTORY_PURGE"
    PurgeCodeDescription="Work Order History Purge"
    PurgeCriteriaKey="WORK_ORDER_HISTORY_PURGE" RbSegment=""
    SelPackage="" WriteToLog="N"/>
<PurgeCriteria CommitCount="100" Createprogid="XMLMigrator"
    Createts="2020-02-19T13:26:43+00:00" Createuserid="SYSTEM"
    DelPackage="" DocumentType="7001"
    ErrFileName="Work_Order_purge_error.log" LastRunEndTs="2001-06-27"
    LastRunStartTs="2001-06-27" LeadDays="30" Lockid="0"
    LogFileName="Work_Order_purge_data.log" Modifyprogid="XMLMigrator"
    Modifyts="2020-02-19T13:26:43+00:00" Modifyuserid="SYSTEM"
    OrganizationCode="DEFAULT" PurgeCode="WORK_ORDER_PURGE"
    PurgeCodeDescription="Work Order Purge"
    PurgeCriteriaKey="WORK_ORDER_PURGE" RbSegment="" SelPackage="" WriteToLog="N"/>
</YFS_PURGE_CRITERIAList>