<?xml version="1.0" encoding="UTF-8"?>
<YFS_USER_EXIT_IMPLList TableName="YFS_USER_EXIT_IMPL" TotalNumberOfRecords="12">
<UserExitImpl CallsPerJvm="0" Createprogid="XMLMigrator"
    Createts="2020-02-19T13:31:39+00:00" Createuserid="SYSTEM"
    DocumentTypeKey="0001" FlowKey="200506231124435066"
    ImplementationNotes="" JavaClassName="" Lockid="0"
    Modifyprogid="XMLMigrator" Modifyts="2020-02-19T13:31:39+00:00"
    Modifyuserid="SYSTEM" OrgKey="DEFAULT" UseFlow="Y"
    UserExitImplKey="200506231129045069" UserExitKey="YCDUE00002"
    Version="" WaitTime="0" WaitingCalls="0"/>
<UserExitImpl CallsPerJvm="0" Createprogid="XMLMigrator"
    Createts="2020-02-19T13:31:39+00:00" Createuserid="SYSTEM"
    DocumentTypeKey="" FlowKey="" ImplementationNotes=""
    JavaClassName="com.yantra.pca.ycd.ue.YCDCanPriceMatchBePerformedUEImpl"
    Lockid="0" Modifyprogid="XMLMigrator"
    Modifyts="2020-02-19T13:31:39+00:00" Modifyuserid="SYSTEM"
    OrgKey="DEFAULT" UseFlow="" UserExitImplKey="200602031414154214"
    UserExitKey="YCDUE00015" Version="" WaitTime="0" WaitingCalls="0"/>
<UserExitImpl CallsPerJvm="0" Createprogid="XMLMigrator"
    Createts="2020-02-19T13:31:39+00:00" Createuserid="SYSTEM"
    DocumentTypeKey="" FlowKey="" ImplementationNotes=""
    JavaClassName="com.yantra.pca.ycd.ue.YCDProcessReturnCompletionUEImpl"
    Lockid="0" Modifyprogid="XMLMigrator"
    Modifyts="2020-02-19T13:31:39+00:00" Modifyuserid="SYSTEM"
    OrgKey="DEFAULT" UseFlow="" UserExitImplKey="200608081800000014"
    UserExitKey="YCDUE00020" Version="" WaitTime="0" WaitingCalls="0"/>
<UserExitImpl CallsPerJvm="0" Createprogid="XMLMigrator"
    Createts="2020-02-19T13:31:39+00:00" Createuserid="SYSTEM"
    DocumentTypeKey="" FlowKey="" ImplementationNotes=""
    JavaClassName="com.yantra.pca.ycd.ue.YCDEmailOrderUEImpl" Lockid="0"
    Modifyprogid="XMLMigrator" Modifyts="2020-02-19T13:31:39+00:00"
    Modifyuserid="SYSTEM" OrgKey="DEFAULT" UseFlow=""
    UserExitImplKey="200608081800000020" UserExitKey="YCDUE00028"
    Version="" WaitTime="0" WaitingCalls="0"/>
<UserExitImpl CallsPerJvm="0" Createprogid=".YEntityServlet"
    Createts="2020-04-12T23:20:11+00:00"
    Createuserid="bharat_rajagopalan@uk.ibm.com" DocumentTypeKey=""
    FlowKey="" ImplementationNotes=""
    JavaClassName="com.ibm.gbs.sterling.payments.CollectionCreditCardUEimpl"
    Lockid="0" Modifyprogid=".YEntityServlet"
    Modifyts="2020-04-12T23:20:11+00:00"
    Modifyuserid="bharat_rajagopalan@uk.ibm.com" OrgKey="DEFAULT"
    UseFlow="" UserExitImplKey="2020041223201155359"
    UserExitKey="YFSUE00004" Version="" WaitTime="0" WaitingCalls="0"/>
<UserExitImpl CallsPerJvm="0" Createprogid="XMLMigrator"
    Createts="2020-02-19T13:30:25+00:00" Createuserid="SYSTEM"
    DocumentTypeKey="" FlowKey=""
    ImplementationNotes="Default Implementation of GetLocationPriorityScheme UserExit"
    JavaClassName="com.yantra.wms.business.ue.impl.WMSGetLocationPrioritySchemeUEDefaultImpl"
    Lockid="0" Modifyprogid="XMLMigrator"
    Modifyts="2020-02-19T13:30:25+00:00" Modifyuserid="SYSTEM"
    OrgKey="DEFAULT" UseFlow="" UserExitImplKey="WMSUEIMPL00001"
    UserExitKey="WMSUE00007" Version="" WaitTime="0" WaitingCalls="0"/>
<UserExitImpl CallsPerJvm="0" Createprogid="XMLMigrator"
    Createts="2020-02-19T13:30:25+00:00" Createuserid="SYSTEM"
    DocumentTypeKey="" FlowKey=""
    ImplementationNotes="Default Implementation of GetPreferenceZoneList UserExit"
    JavaClassName="com.yantra.wms.business.ue.impl.WMSGetPreferenceZoneListUEDefaultImpl"
    Lockid="0" Modifyprogid="XMLMigrator"
    Modifyts="2020-02-19T13:30:25+00:00" Modifyuserid="SYSTEM"
    OrgKey="DEFAULT" UseFlow="" UserExitImplKey="WMSUEIMPL00002"
    UserExitKey="WMSUE00009" Version="" WaitTime="0" WaitingCalls="0"/>
<UserExitImpl CallsPerJvm="0" Createprogid="XMLMigrator"
    Createts="2020-02-19T13:27:30+00:00" Createuserid="SYSTEM"
    DocumentTypeKey="0001" FlowKey=""
    ImplementationNotes="Default implementation for GetReceiptNo User Exit."
    JavaClassName="com.yantra.omp.business.ue.impl.YFSGetReceiptNoUEDefaultImpl"
    Lockid="0" Modifyprogid="XMLMigrator"
    Modifyts="2020-02-19T13:27:30+00:00" Modifyuserid="SYSTEM"
    OrgKey="DEFAULT" UseFlow="N" UserExitImplKey="YFSUE00050Impl0001"
    UserExitKey="YFSUE00050" Version="" WaitTime="0" WaitingCalls="0"/>
<UserExitImpl CallsPerJvm="0" Createprogid="XMLMigrator"
    Createts="2020-02-19T13:27:30+00:00" Createuserid="SYSTEM"
    DocumentTypeKey="0003" FlowKey=""
    ImplementationNotes="Default implementation for GetReceiptNo User Exit."
    JavaClassName="com.yantra.omp.business.ue.impl.YFSGetReceiptNoUEDefaultImpl"
    Lockid="0" Modifyprogid="XMLMigrator"
    Modifyts="2020-02-19T13:27:30+00:00" Modifyuserid="SYSTEM"
    OrgKey="DEFAULT" UseFlow="N" UserExitImplKey="YFSUE00050Impl0003"
    UserExitKey="YFSUE00050" Version="" WaitTime="0" WaitingCalls="0"/>
<UserExitImpl CallsPerJvm="0" Createprogid="XMLMigrator"
    Createts="2020-02-19T13:27:30+00:00" Createuserid="SYSTEM"
    DocumentTypeKey="0005" FlowKey=""
    ImplementationNotes="Default implementation for GetReceiptNo User Exit."
    JavaClassName="com.yantra.omp.business.ue.impl.YFSGetReceiptNoUEDefaultImpl"
    Lockid="0" Modifyprogid="XMLMigrator"
    Modifyts="2020-02-19T13:27:30+00:00" Modifyuserid="SYSTEM"
    OrgKey="DEFAULT" UseFlow="N" UserExitImplKey="YFSUE00050Impl0005"
    UserExitKey="YFSUE00050" Version="" WaitTime="0" WaitingCalls="0"/>
<UserExitImpl CallsPerJvm="0" Createprogid="XMLMigrator"
    Createts="2020-02-19T13:27:30+00:00" Createuserid="SYSTEM"
    DocumentTypeKey="0006" FlowKey=""
    ImplementationNotes="Default implementation for GetReceiptNo User Exit."
    JavaClassName="com.yantra.omp.business.ue.impl.YFSGetReceiptNoUEDefaultImpl"
    Lockid="0" Modifyprogid="XMLMigrator"
    Modifyts="2020-02-19T13:27:30+00:00" Modifyuserid="SYSTEM"
    OrgKey="DEFAULT" UseFlow="N" UserExitImplKey="YFSUE00050Impl0006"
    UserExitKey="YFSUE00050" Version="" WaitTime="0" WaitingCalls="0"/>
<UserExitImpl CallsPerJvm="0" Createprogid="XMLMigrator"
    Createts="2020-02-19T13:27:25+00:00" Createuserid="SYSTEM"
    DocumentTypeKey="" FlowKey=""
    ImplementationNotes="Default Implementation of GetTagNo UserExit"
    JavaClassName="com.yantra.inv.business.ue.impl.YFSGetTagNoUEDefaultImpl"
    Lockid="0" Modifyprogid="XMLMigrator"
    Modifyts="2020-02-19T13:27:25+00:00" Modifyuserid="SYSTEM"
    OrgKey="DEFAULT" UseFlow="N" UserExitImplKey="YFSUEIMPL00001"
    UserExitKey="YFSUE000049" Version="" WaitTime="0" WaitingCalls="0"/>
</YFS_USER_EXIT_IMPLList>