<?xml version="1.0" encoding="UTF-8"?>
<YFS_PROCESS_TYPEList TableName="YFS_PROCESS_TYPE" TotalNumberOfRecords="35">
<ProcessType BaseProcessType="ORDER_FULFILLMENT"
    Createprogid="XMLMigrator" Createts="2020-02-19T13:26:31+00:00"
    Createuserid="SYSTEM" Description="Transfer Order Execution"
    DocumentType="0006" Lockid="0" Modifyprogid="XMLMigrator"
    Modifyts="2020-02-19T13:26:31+00:00" Modifyuserid="SYSTEM"
    PreDefined="N" ProcessCreateType="" ProcessType="TO_FULFILLMENT"
    ProcessTypeKey="20030708142438541"
    ProcessTypeName="Transfer Order Execution" UseAdvancedMonitor="Y"/>
<ProcessType BaseProcessType="ORDER_DELIVERY" Createprogid="XMLMigrator"
    Createts="2020-02-19T13:26:31+00:00" Createuserid="SYSTEM"
    Description="Transfer Order Delivery" DocumentType="0006" Lockid="0"
    Modifyprogid="XMLMigrator" Modifyts="2020-02-19T13:26:31+00:00"
    Modifyuserid="SYSTEM" PreDefined="N" ProcessCreateType=""
    ProcessType="TO_DELIVERY" ProcessTypeKey="200307081424521056"
    ProcessTypeName="Transfer Order Delivery" UseAdvancedMonitor="Y"/>
<ProcessType BaseProcessType="RECEIPT" Createprogid="XMLMigrator"
    Createts="2020-02-19T13:26:31+00:00" Createuserid="SYSTEM"
    Description="Transfer Order Receipt" DocumentType="0006" Lockid="0"
    Modifyprogid="XMLMigrator" Modifyts="2020-02-19T13:26:31+00:00"
    Modifyuserid="SYSTEM" PreDefined="N" ProcessCreateType=""
    ProcessType="TO_RECEIPT" ProcessTypeKey="200307081424551176"
    ProcessTypeName="Transfer Order Receipt" UseAdvancedMonitor="N"/>
<ProcessType BaseProcessType="COUNT_EXECUTION"
    Createprogid="XMLMigrator" Createts="2020-02-19T13:30:08+00:00"
    Createuserid="SYSTEM" Description="Count Execution"
    DocumentType="3001" Lockid="0" Modifyprogid="XMLMigrator"
    Modifyts="2020-02-19T13:30:08+00:00" Modifyuserid="SYSTEM"
    PreDefined="Y" ProcessCreateType="" ProcessType="COUNT_EXECUTION"
    ProcessTypeKey="COUNT_EXECUTION" ProcessTypeName="Count Execution" UseAdvancedMonitor="N"/>
<ProcessType BaseProcessType="GENERAL" Createprogid="XMLMigrator"
    Createts="2020-02-19T13:26:31+00:00" Createuserid="SYSTEM"
    Description="General" DocumentType="2001" Lockid="0"
    Modifyprogid="XMLMigrator" Modifyts="2020-02-19T13:26:31+00:00"
    Modifyuserid="SYSTEM" PreDefined="Y" ProcessCreateType=""
    ProcessType="GENERAL" ProcessTypeKey="GENERAL"
    ProcessTypeName="General" UseAdvancedMonitor="N"/>
<ProcessType BaseProcessType="LOAD_DELIVERY" Createprogid="XMLMigrator"
    Createts="2020-02-19T13:26:31+00:00" Createuserid="SYSTEM"
    Description="Load Execution" DocumentType="1001" Lockid="0"
    Modifyprogid="XMLMigrator" Modifyts="2020-02-19T13:26:31+00:00"
    Modifyuserid="SYSTEM" PreDefined="Y" ProcessCreateType=""
    ProcessType="LOAD_DELIVERY" ProcessTypeKey="LOAD_DELIVERY"
    ProcessTypeName="Load Execution" UseAdvancedMonitor="N"/>
<ProcessType BaseProcessType="GENERAL" Createprogid="XMLMigrator"
    Createts="2020-02-19T13:26:31+00:00" Createuserid="SYSTEM"
    Description="General" DocumentType="2008" Lockid="0"
    Modifyprogid="XMLMigrator" Modifyts="2020-02-19T13:26:31+00:00"
    Modifyuserid="SYSTEM" PreDefined="Y" ProcessCreateType=""
    ProcessType="MANIFESTING" ProcessTypeKey="MANIFESTING"
    ProcessTypeName="Manifesting" UseAdvancedMonitor="N"/>
<ProcessType BaseProcessType="GENERAL" Createprogid="XMLMigrator"
    Createts="2020-02-19T13:30:08+00:00" Createuserid="SYSTEM"
    Description="General" DocumentType="2007" Lockid="0"
    Modifyprogid="XMLMigrator" Modifyts="2020-02-19T13:30:08+00:00"
    Modifyuserid="SYSTEM" PreDefined="Y" ProcessCreateType=""
    ProcessType="MOVE_REQUEST_EXECUTION"
    ProcessTypeKey="MOVE_REQUEST_EXECUTION"
    ProcessTypeName="Move Request Execution" UseAdvancedMonitor="N"/>
<ProcessType BaseProcessType="ORDER_FULFILLMENT"
    Createprogid="XMLMigrator" Createts="2020-02-19T13:26:31+00:00"
    Createuserid="SYSTEM" Description="Master Order Fulfillment"
    DocumentType="0007" Lockid="0" Modifyprogid="XMLMigrator"
    Modifyts="2020-02-19T13:26:31+00:00" Modifyuserid="SYSTEM"
    PreDefined="Y" ProcessCreateType="" ProcessType="MO_FULFILLMENT"
    ProcessTypeKey="MO_FULFILLMENT"
    ProcessTypeName="Master Order Fulfillment" UseAdvancedMonitor="Y"/>
<ProcessType BaseProcessType="OPPORTUNITY_FULFILLMENT"
    Createprogid="XMLMigrator" Createts="2020-02-19T13:26:31+00:00"
    Createuserid="SYSTEM" Description="Opportunity Fulfillment"
    DocumentType="0020" Lockid="0" Modifyprogid="XMLMigrator"
    Modifyts="2020-02-19T13:26:31+00:00" Modifyuserid="SYSTEM"
    PreDefined="Y" ProcessCreateType=""
    ProcessType="OPPORTUNITY_FULFILLMENT"
    ProcessTypeKey="OPPORTUNITY_FULFILLMENT"
    ProcessTypeName="Opportunity Fulfillment" UseAdvancedMonitor="N"/>
<ProcessType BaseProcessType="ORDER_DELIVERY" Createprogid="XMLMigrator"
    Createts="2020-02-19T13:26:31+00:00" Createuserid="SYSTEM"
    Description="Outbound Shipment" DocumentType="0001" Lockid="0"
    Modifyprogid="XMLMigrator" Modifyts="2020-02-19T13:26:31+00:00"
    Modifyuserid="SYSTEM" PreDefined="Y" ProcessCreateType=""
    ProcessType="ORDER_DELIVERY" ProcessTypeKey="ORDER_DELIVERY"
    ProcessTypeName="Outbound Shipment" UseAdvancedMonitor="Y"/>
<ProcessType BaseProcessType="ORDER_FULFILLMENT"
    Createprogid="XMLMigrator" Createts="2020-02-19T13:26:31+00:00"
    Createuserid="SYSTEM" Description="Order Fulfillment"
    DocumentType="0001" Lockid="0" Modifyprogid="XMLMigrator"
    Modifyts="2020-02-19T13:26:31+00:00" Modifyuserid="SYSTEM"
    PreDefined="Y" ProcessCreateType="" ProcessType="ORDER_FULFILLMENT"
    ProcessTypeKey="ORDER_FULFILLMENT"
    ProcessTypeName="Order Fulfillment" UseAdvancedMonitor="Y"/>
<ProcessType BaseProcessType="ORDER_NEGOTIATION"
    Createprogid="XMLMigrator" Createts="2020-02-19T13:26:31+00:00"
    Createuserid="SYSTEM" Description="Order Negotiation"
    DocumentType="0001" Lockid="0" Modifyprogid="XMLMigrator"
    Modifyts="2020-02-19T13:26:31+00:00" Modifyuserid="SYSTEM"
    PreDefined="Y" ProcessCreateType="" ProcessType="ORDER_NEGOTIATION"
    ProcessTypeKey="ORDER_NEGOTIATION"
    ProcessTypeName="Order Negotiation" UseAdvancedMonitor="N"/>
<ProcessType BaseProcessType="OUTBOUND_PICKING"
    Createprogid="XMLMigrator" Createts="2020-02-19T13:30:08+00:00"
    Createuserid="SYSTEM" Description="Outbound Picking"
    DocumentType="4001" Lockid="0" Modifyprogid="XMLMigrator"
    Modifyts="2020-02-19T13:30:08+00:00" Modifyuserid="SYSTEM"
    PreDefined="Y" ProcessCreateType="" ProcessType="OUTBOUND_PICKING"
    ProcessTypeKey="OUTBOUND_PICKING" ProcessTypeName="Outbound Picking" UseAdvancedMonitor="N"/>
<ProcessType BaseProcessType="GENERAL" Createprogid="XMLMigrator"
    Createts="2020-02-19T13:30:08+00:00" Createuserid="SYSTEM"
    Description="General" DocumentType="2009" Lockid="0"
    Modifyprogid="XMLMigrator" Modifyts="2020-02-19T13:30:08+00:00"
    Modifyuserid="SYSTEM" PreDefined="Y" ProcessCreateType=""
    ProcessType="OVER_PACK_BUILD" ProcessTypeKey="OVER_PACK_BUILD"
    ProcessTypeName="Over Pack Build" UseAdvancedMonitor="N"/>
<ProcessType BaseProcessType="PACK" Createprogid="XMLMigrator"
    Createts="2020-02-19T13:26:31+00:00" Createuserid="SYSTEM"
    Description="Pack Process" DocumentType="5001" Lockid="0"
    Modifyprogid="XMLMigrator" Modifyts="2020-02-19T13:26:31+00:00"
    Modifyuserid="SYSTEM" PreDefined="Y" ProcessCreateType=""
    ProcessType="PACK" ProcessTypeKey="PACK"
    ProcessTypeName="Pack Process" UseAdvancedMonitor="N"/>
<ProcessType BaseProcessType="ORDER_FULFILLMENT"
    Createprogid="XMLMigrator" Createts="2020-02-19T13:26:31+00:00"
    Createuserid="SYSTEM" Description="Planned Order Execution"
    DocumentType="0002" Lockid="0" Modifyprogid="XMLMigrator"
    Modifyts="2020-02-19T13:26:31+00:00" Modifyuserid="SYSTEM"
    PreDefined="Y" ProcessCreateType=""
    ProcessType="PLAN_ORDER_FULFILLMENT"
    ProcessTypeKey="PLAN_ORDER_FULFILLMENT"
    ProcessTypeName="Planned Order Execution" UseAdvancedMonitor="Y"/>
<ProcessType BaseProcessType="ORDER_NEGOTIATION"
    Createprogid="XMLMigrator" Createts="2020-02-19T13:26:31+00:00"
    Createuserid="SYSTEM" Description="Planned Order Negotiation"
    DocumentType="0002" Lockid="0" Modifyprogid="XMLMigrator"
    Modifyts="2020-02-19T13:26:31+00:00" Modifyuserid="SYSTEM"
    PreDefined="Y" ProcessCreateType=""
    ProcessType="PLAN_ORDER_NEGOTIATION"
    ProcessTypeKey="PLAN_ORDER_NEGOTIATION"
    ProcessTypeName="Planned Order Negotiation" UseAdvancedMonitor="N"/>
<ProcessType BaseProcessType="ORDER_FULFILLMENT"
    Createprogid="XMLMigrator" Createts="2020-02-19T13:26:31+00:00"
    Createuserid="SYSTEM" Description="Purchase Order Execution"
    DocumentType="0005" Lockid="0" Modifyprogid="XMLMigrator"
    Modifyts="2020-02-19T13:26:31+00:00" Modifyuserid="SYSTEM"
    PreDefined="Y" ProcessCreateType="" ProcessType="PO_FULFILLMENT"
    ProcessTypeKey="PO_FULFILLMENT"
    ProcessTypeName="Purchase Order Execution" UseAdvancedMonitor="Y"/>
<ProcessType BaseProcessType="ORDER_NEGOTIATION"
    Createprogid="XMLMigrator" Createts="2020-02-19T13:26:31+00:00"
    Createuserid="SYSTEM" Description="Purchase Order Negotiation"
    DocumentType="0005" Lockid="0" Modifyprogid="XMLMigrator"
    Modifyts="2020-02-19T13:26:31+00:00" Modifyuserid="SYSTEM"
    PreDefined="Y" ProcessCreateType="" ProcessType="PO_NEGOTIATION"
    ProcessTypeKey="PO_NEGOTIATION"
    ProcessTypeName="Purchase Order Negotiation" UseAdvancedMonitor="N"/>
<ProcessType BaseProcessType="RECEIPT" Createprogid="XMLMigrator"
    Createts="2020-02-19T13:26:31+00:00" Createuserid="SYSTEM"
    Description="Purchase Order Receipt" DocumentType="0005" Lockid="0"
    Modifyprogid="XMLMigrator" Modifyts="2020-02-19T13:26:31+00:00"
    Modifyuserid="SYSTEM" PreDefined="Y" ProcessCreateType=""
    ProcessType="PO_RECEIPT" ProcessTypeKey="PO_RECEIPT"
    ProcessTypeName="Purchase Order Receipt" UseAdvancedMonitor="N"/>
<ProcessType BaseProcessType="ORDER_DELIVERY" Createprogid="XMLMigrator"
    Createts="2020-02-19T13:26:31+00:00" Createuserid="SYSTEM"
    Description="Inbound Shipment" DocumentType="0005" Lockid="0"
    Modifyprogid="XMLMigrator" Modifyts="2020-02-19T13:26:31+00:00"
    Modifyuserid="SYSTEM" PreDefined="Y" ProcessCreateType=""
    ProcessType="PO_SHIPMENT" ProcessTypeKey="PO_SHIPMENT"
    ProcessTypeName="Inbound Shipment" UseAdvancedMonitor="Y"/>
<ProcessType BaseProcessType="ORDER_FULFILLMENT"
    Createprogid="XMLMigrator" Createts="2020-02-19T13:26:31+00:00"
    Createuserid="SYSTEM" Description="Quote Fulfillment"
    DocumentType="0015" Lockid="0" Modifyprogid="XMLMigrator"
    Modifyts="2020-02-19T13:26:31+00:00" Modifyuserid="SYSTEM"
    PreDefined="Y" ProcessCreateType="" ProcessType="QUOTE_FULFILLMENT"
    ProcessTypeKey="QUOTE_FULFILLMENT"
    ProcessTypeName="Quote Fulfillment" UseAdvancedMonitor="Y"/>
<ProcessType BaseProcessType="GENERAL" Createprogid="XMLMigrator"
    Createts="2020-02-19T13:26:31+00:00" Createuserid="SYSTEM"
    Description="Resource Planning" DocumentType="2010" Lockid="0"
    Modifyprogid="XMLMigrator" Modifyts="2020-02-19T13:26:31+00:00"
    Modifyuserid="SYSTEM" PreDefined="Y" ProcessCreateType=""
    ProcessType="RESOURCE_PLANNING" ProcessTypeKey="RESOURCE_PLANNING"
    ProcessTypeName="Resource Planning" UseAdvancedMonitor="N"/>
<ProcessType BaseProcessType="ORDER_FULFILLMENT"
    Createprogid="XMLMigrator" Createts="2020-02-19T13:26:31+00:00"
    Createuserid="SYSTEM" Description="Reverse Logistics"
    DocumentType="0003" Lockid="0" Modifyprogid="XMLMigrator"
    Modifyts="2020-02-19T13:26:31+00:00" Modifyuserid="SYSTEM"
    PreDefined="Y" ProcessCreateType="" ProcessType="RETURN_FULFILLMENT"
    ProcessTypeKey="RETURN_FULFILLMENT"
    ProcessTypeName="Reverse Logistics" UseAdvancedMonitor="Y"/>
<ProcessType BaseProcessType="RECEIPT" Createprogid="XMLMigrator"
    Createts="2020-02-19T13:26:31+00:00" Createuserid="SYSTEM"
    Description="Return Receipt" DocumentType="0003" Lockid="0"
    Modifyprogid="XMLMigrator" Modifyts="2020-02-19T13:26:31+00:00"
    Modifyuserid="SYSTEM" PreDefined="Y" ProcessCreateType=""
    ProcessType="RETURN_RECEIPT" ProcessTypeKey="RETURN_RECEIPT"
    ProcessTypeName="Return Receipt" UseAdvancedMonitor="N"/>
<ProcessType BaseProcessType="ORDER_DELIVERY" Createprogid="XMLMigrator"
    Createts="2020-02-19T13:26:31+00:00" Createuserid="SYSTEM"
    Description="Return Shipment" DocumentType="0003" Lockid="0"
    Modifyprogid="XMLMigrator" Modifyts="2020-02-19T13:26:31+00:00"
    Modifyuserid="SYSTEM" PreDefined="Y" ProcessCreateType=""
    ProcessType="RETURN_SHIPMENT" ProcessTypeKey="RETURN_SHIPMENT"
    ProcessTypeName="Return Shipment" UseAdvancedMonitor="Y"/>
<ProcessType BaseProcessType="RECEIPT" Createprogid="XMLMigrator"
    Createts="2020-02-19T13:26:31+00:00" Createuserid="SYSTEM"
    Description="Sales Order Receipt" DocumentType="0001" Lockid="0"
    Modifyprogid="XMLMigrator" Modifyts="2020-02-19T13:26:31+00:00"
    Modifyuserid="SYSTEM" PreDefined="Y" ProcessCreateType=""
    ProcessType="SO_RECEIPT" ProcessTypeKey="SO_RECEIPT"
    ProcessTypeName="Sales Order Receipt" UseAdvancedMonitor="N"/>
<ProcessType BaseProcessType="GENERAL" Createprogid="XMLMigrator"
    Createts="2020-02-19T13:26:31+00:00" Createuserid="SYSTEM"
    Description="General" DocumentType="2006" Lockid="0"
    Modifyprogid="XMLMigrator" Modifyts="2020-02-19T13:26:31+00:00"
    Modifyuserid="SYSTEM" PreDefined="Y" ProcessCreateType=""
    ProcessType="TASK_EXECUTION" ProcessTypeKey="TASK_EXECUTION"
    ProcessTypeName="Task Execution" UseAdvancedMonitor="N"/>
<ProcessType BaseProcessType="ORDER_FULFILLMENT"
    Createprogid="XMLMigrator" Createts="2020-02-19T13:26:31+00:00"
    Createuserid="SYSTEM" Description="Template Order"
    DocumentType="0004" Lockid="0" Modifyprogid="XMLMigrator"
    Modifyts="2020-02-19T13:26:31+00:00" Modifyuserid="SYSTEM"
    PreDefined="Y" ProcessCreateType=""
    ProcessType="TEMPLATEORDERFULFILLMENT"
    ProcessTypeKey="TEMPLATEORDERFULFILLMENT"
    ProcessTypeName="Template Order" UseAdvancedMonitor="N"/>
<ProcessType BaseProcessType="GENERAL" Createprogid="XMLMigrator"
    Createts="2020-02-19T13:26:31+00:00" Createuserid="SYSTEM"
    Description="General" DocumentType="2005" Lockid="0"
    Modifyprogid="XMLMigrator" Modifyts="2020-02-19T13:26:31+00:00"
    Modifyuserid="SYSTEM" PreDefined="Y" ProcessCreateType=""
    ProcessType="TRAILER_LOADING" ProcessTypeKey="TRAILER_LOADING"
    ProcessTypeName="Trailer Loading" UseAdvancedMonitor="N"/>
<ProcessType BaseProcessType="VAS" Createprogid="XMLMigrator"
    Createts="2020-02-19T13:26:31+00:00" Createuserid="SYSTEM"
    Description="VAS Process" DocumentType="7001" Lockid="0"
    Modifyprogid="XMLMigrator" Modifyts="2020-02-19T13:26:31+00:00"
    Modifyuserid="SYSTEM" PreDefined="Y" ProcessCreateType=""
    ProcessType="VAS" ProcessTypeKey="VAS" ProcessTypeName="VAS Process" UseAdvancedMonitor="Y"/>
<ProcessType BaseProcessType="GENERAL" Createprogid="XMLMigrator"
    Createts="2020-02-19T13:30:08+00:00" Createuserid="SYSTEM"
    Description="General" DocumentType="2004" Lockid="0"
    Modifyprogid="XMLMigrator" Modifyts="2020-02-19T13:30:08+00:00"
    Modifyuserid="SYSTEM" PreDefined="Y" ProcessCreateType=""
    ProcessType="WMS_INVENTORY" ProcessTypeKey="WMS_INVENTORY"
    ProcessTypeName="WMS Inventory" UseAdvancedMonitor="N"/>
<ProcessType BaseProcessType="GENERAL" Createprogid="XMLMigrator"
    Createts="2020-02-19T13:30:08+00:00" Createuserid="SYSTEM"
    Description="General" DocumentType="2003" Lockid="0"
    Modifyprogid="XMLMigrator" Modifyts="2020-02-19T13:30:08+00:00"
    Modifyuserid="SYSTEM" PreDefined="Y" ProcessCreateType=""
    ProcessType="WMS_LAYOUT_DEFINITION"
    ProcessTypeKey="WMS_LAYOUT_DEFINITION"
    ProcessTypeName="WMS Layout Definition" UseAdvancedMonitor="N"/>
<ProcessType BaseProcessType="GENERAL" Createprogid="XMLMigrator"
    Createts="2020-02-19T13:30:08+00:00" Createuserid="SYSTEM"
    Description="General" DocumentType="2002" Lockid="0"
    Modifyprogid="XMLMigrator" Modifyts="2020-02-19T13:30:08+00:00"
    Modifyuserid="SYSTEM" PreDefined="Y" ProcessCreateType=""
    ProcessType="WMS_PUTAWAY" ProcessTypeKey="WMS_PUTAWAY"
    ProcessTypeName="WMS Putaway" UseAdvancedMonitor="N"/>
</YFS_PROCESS_TYPEList>