<?xml version="1.0" encoding="UTF-8"?>
<YFS_LABEL_FORMATList TableName="YFS_LABEL_FORMAT" TotalNumberOfRecords="23">
<LabelFormat Createprogid="XMLMigrator"
    Createts="2020-02-19T13:27:08+00:00" Createuserid="SYSTEM"
    LabelFormatFile="UPSCarrierLabel.lwl"
    LabelFormatId="UPS_CARRIER_LABEL" LabelFormatKey="2003110418461722"
    Lockid="0" MappingXML="UPSCarrierLabelMap.xml"
    Modifyprogid="XMLMigrator" Modifyts="2020-02-19T13:27:08+00:00"
    Modifyuserid="SYSTEM" PrintAdapter="LOFTWARE" SystemDefined="Y"/>
<LabelFormat Createprogid="XMLMigrator"
    Createts="2020-02-19T13:27:08+00:00" Createuserid="SYSTEM"
    LabelFormatFile="UPSCarrierLabel_Ground.lwl"
    LabelFormatId="UPS_CARRIER_LABEL_GROUND"
    LabelFormatKey="2003110418461723" Lockid="0"
    MappingXML="UPSCarrierLabelMap.xml" Modifyprogid="XMLMigrator"
    Modifyts="2020-02-19T13:27:08+00:00" Modifyuserid="SYSTEM"
    PrintAdapter="LOFTWARE" SystemDefined="Y"/>
<LabelFormat Createprogid="XMLMigrator"
    Createts="2020-02-19T13:30:26+00:00" Createuserid="SYSTEM"
    LabelFormatFile="CountSheet.lwl" LabelFormatId="COUNT_SHEET"
    LabelFormatKey="200402181220024867" Lockid="0"
    MappingXML="CountSheetMap.xml" Modifyprogid="XMLMigrator"
    Modifyts="2020-02-19T13:30:26+00:00" Modifyuserid="SYSTEM"
    PrintAdapter="LOFTWARE" SystemDefined="Y"/>
<LabelFormat Createprogid="XMLMigrator"
    Createts="2020-02-19T13:27:08+00:00" Createuserid="SYSTEM"
    LabelFormatFile="LTLManifest.lwl" LabelFormatId="LTL_MANIFEST"
    LabelFormatKey="200503051218047505" Lockid="0"
    MappingXML="LTLManifestMap.xml" Modifyprogid="XMLMigrator"
    Modifyts="2020-02-19T13:27:08+00:00" Modifyuserid="SYSTEM"
    PrintAdapter="LOFTWARE" SystemDefined="Y"/>
<LabelFormat Createprogid="XMLMigrator"
    Createts="2020-02-19T13:27:08+00:00" Createuserid="SYSTEM"
    LabelFormatFile="LTLManifest_SinglePage.lwl"
    LabelFormatId="LTL_MANIFEST_SINGLEPAGE"
    LabelFormatKey="200602031139245503" Lockid="0"
    MappingXML="LTLManifestSingleMap.xml" Modifyprogid="XMLMigrator"
    Modifyts="2020-02-19T13:27:08+00:00" Modifyuserid="SYSTEM"
    PrintAdapter="LOFTWARE" SystemDefined="Y"/>
<LabelFormat Createprogid="XMLMigrator"
    Createts="2020-02-19T13:30:26+00:00" Createuserid="SYSTEM"
    LabelFormatFile="HazmatSKULabel.lwl"
    LabelFormatId="HAZMAT_SKU_LABEL" LabelFormatKey="200602031139245504"
    Lockid="0" MappingXML="HazmatSKULabelMap.xml"
    Modifyprogid="XMLMigrator" Modifyts="2020-02-19T13:30:26+00:00"
    Modifyuserid="SYSTEM" PrintAdapter="LOFTWARE" SystemDefined="Y"/>
<LabelFormat Createprogid="XMLMigrator"
    Createts="2020-02-19T13:27:08+00:00" Createuserid="SYSTEM"
    LabelFormatFile="HazmatBOL.lwl" LabelFormatId="HAZMAT_BOL"
    LabelFormatKey="200602031139245505" Lockid="0"
    MappingXML="HazmatBOLMap.xml" Modifyprogid="XMLMigrator"
    Modifyts="2020-02-19T13:27:08+00:00" Modifyuserid="SYSTEM"
    PrintAdapter="LOFTWARE" SystemDefined="Y"/>
<LabelFormat Createprogid="XMLMigrator"
    Createts="2020-02-19T13:30:26+00:00" Createuserid="SYSTEM"
    LabelFormatFile="PI_CountSheet.lwl" LabelFormatId="PI_COUNT_SHEET"
    LabelFormatKey="200602181220024867" Lockid="0"
    MappingXML="PICountSheetMap.xml" Modifyprogid="XMLMigrator"
    Modifyts="2020-02-19T13:30:26+00:00" Modifyuserid="SYSTEM"
    PrintAdapter="LOFTWARE" SystemDefined="Y"/>
<LabelFormat Createprogid="XMLMigrator"
    Createts="2020-02-19T13:30:26+00:00" Createuserid="SYSTEM"
    LabelFormatFile="ReverseTrailorLoad.lwl"
    LabelFormatId="REVERSETRAILOR_LOAD"
    LabelFormatKey="20130619150342138907" Lockid="0"
    MappingXML="ReverseTrailorLoadMAP.xml" Modifyprogid="XMLMigrator"
    Modifyts="2020-02-19T13:30:26+00:00" Modifyuserid="SYSTEM"
    PrintAdapter="LOFTWARE" SystemDefined="N"/>
<LabelFormat Createprogid="XMLMigrator"
    Createts="2020-02-19T13:27:08+00:00" Createuserid="SYSTEM"
    LabelFormatFile="UCC128_SingleSKU_ShippingLabel.lwl"
    LabelFormatId="CONTAINER_LABEL_SINGLE_SKU"
    LabelFormatKey="202002191327089079" Lockid="0"
    MappingXML="UCC128SingleSKUShippingLabelMap.xml"
    Modifyprogid="XMLMigrator" Modifyts="2020-02-19T13:27:08+00:00"
    Modifyuserid="SYSTEM" PrintAdapter="LOFTWARE" SystemDefined="Y"/>
<LabelFormat Createprogid="XMLMigrator"
    Createts="2020-02-19T13:27:08+00:00" Createuserid="SYSTEM"
    LabelFormatFile="UCC128_MultiSKU_ShippingLabel.lwl"
    LabelFormatId="CONTAINER_LABEL_MULTI_SKU"
    LabelFormatKey="202002191327089080" Lockid="0"
    MappingXML="UCC128MultiSKUShippingLabelMap.xml"
    Modifyprogid="XMLMigrator" Modifyts="2020-02-19T13:27:08+00:00"
    Modifyuserid="SYSTEM" PrintAdapter="LOFTWARE" SystemDefined="Y"/>
<LabelFormat Createprogid="XMLMigrator"
    Createts="2020-02-19T13:27:08+00:00" Createuserid="SYSTEM"
    LabelFormatFile="PackList.lwl" LabelFormatId="PACKLIST"
    LabelFormatKey="202002191327089081" Lockid="0"
    MappingXML="PackListMap.xml" Modifyprogid="XMLMigrator"
    Modifyts="2020-02-19T13:27:08+00:00" Modifyuserid="SYSTEM"
    PrintAdapter="LOFTWARE" SystemDefined="Y"/>
<LabelFormat Createprogid="XMLMigrator"
    Createts="2020-02-19T13:27:08+00:00" Createuserid="SYSTEM"
    LabelFormatFile="VICSBOL_Shipment.lwl"
    LabelFormatId="VICSBOL_SHIPMENT" LabelFormatKey="202002191327089082"
    Lockid="0" MappingXML="VICSBOLShipmentMap.xml"
    Modifyprogid="XMLMigrator" Modifyts="2020-02-19T13:27:08+00:00"
    Modifyuserid="SYSTEM" PrintAdapter="LOFTWARE" SystemDefined="Y"/>
<LabelFormat Createprogid="XMLMigrator"
    Createts="2020-02-19T13:27:08+00:00" Createuserid="SYSTEM"
    LabelFormatFile="VICSBOL_Shipment_Customer_Supplement.lwl"
    LabelFormatId="VICSBOL_SHIPMENT_CUSTOMER_SUPPLEMENT"
    LabelFormatKey="202002191327089083" Lockid="0"
    MappingXML="VICSBOLShipmentCustomerSupplementMap.xml"
    Modifyprogid="XMLMigrator" Modifyts="2020-02-19T13:27:08+00:00"
    Modifyuserid="SYSTEM" PrintAdapter="LOFTWARE" SystemDefined="Y"/>
<LabelFormat Createprogid="XMLMigrator"
    Createts="2020-02-19T13:27:08+00:00" Createuserid="SYSTEM"
    LabelFormatFile="VICSBOL_Shipment_Carrier_Supplement.lwl"
    LabelFormatId="VICSBOL_SHIPMENT_CARRIER_SUPPLEMENT"
    LabelFormatKey="202002191327089084" Lockid="0"
    MappingXML="VICSBOLShipmentCarrierSupplementMap.xml"
    Modifyprogid="XMLMigrator" Modifyts="2020-02-19T13:27:08+00:00"
    Modifyuserid="SYSTEM" PrintAdapter="LOFTWARE" SystemDefined="Y"/>
<LabelFormat Createprogid="XMLMigrator"
    Createts="2020-02-19T13:27:08+00:00" Createuserid="SYSTEM"
    LabelFormatFile="VICSBOL_Shipment_Supplement.lwl"
    LabelFormatId="VICSBOL_SHIPMENT_SUPPLEMENT"
    LabelFormatKey="202002191327089085" Lockid="0"
    MappingXML="VICSBOLShipmentSupplementMap.xml"
    Modifyprogid="XMLMigrator" Modifyts="2020-02-19T13:27:08+00:00"
    Modifyuserid="SYSTEM" PrintAdapter="LOFTWARE" SystemDefined="Y"/>
<LabelFormat Createprogid="XMLMigrator"
    Createts="2020-02-19T13:27:08+00:00" Createuserid="SYSTEM"
    LabelFormatFile="VICSBOL_Load.lwl" LabelFormatId="VICSBOL_LOAD"
    LabelFormatKey="202002191327089086" Lockid="0"
    MappingXML="VICSBOLLoadMap.xml" Modifyprogid="XMLMigrator"
    Modifyts="2020-02-19T13:27:08+00:00" Modifyuserid="SYSTEM"
    PrintAdapter="LOFTWARE" SystemDefined="Y"/>
<LabelFormat Createprogid="XMLMigrator"
    Createts="2020-02-19T13:27:08+00:00" Createuserid="SYSTEM"
    LabelFormatFile="VICSBOL_Load_Customer_Supplement.lwl"
    LabelFormatId="VICSBOL_LOAD_CUSTOMER_SUPPLEMENT"
    LabelFormatKey="202002191327089087" Lockid="0"
    MappingXML="VICSBOLLoadCustomerSupplementMap.xml"
    Modifyprogid="XMLMigrator" Modifyts="2020-02-19T13:27:08+00:00"
    Modifyuserid="SYSTEM" PrintAdapter="LOFTWARE" SystemDefined="Y"/>
<LabelFormat Createprogid="XMLMigrator"
    Createts="2020-02-19T13:27:08+00:00" Createuserid="SYSTEM"
    LabelFormatFile="VICSBOL_Load_Carrier_Supplement.lwl"
    LabelFormatId="VICSBOL_LOAD_CARRIER_SUPPLEMENT"
    LabelFormatKey="202002191327089088" Lockid="0"
    MappingXML="VICSBOLLoadCarrierSupplementMap.xml"
    Modifyprogid="XMLMigrator" Modifyts="2020-02-19T13:27:08+00:00"
    Modifyuserid="SYSTEM" PrintAdapter="LOFTWARE" SystemDefined="Y"/>
<LabelFormat Createprogid="XMLMigrator"
    Createts="2020-02-19T13:27:08+00:00" Createuserid="SYSTEM"
    LabelFormatFile="VICSBOL_Load_Supplement.lwl"
    LabelFormatId="VICSBOL_LOAD_SUPPLEMENT"
    LabelFormatKey="202002191327089089" Lockid="0"
    MappingXML="VICSBOLLoadSupplementMap.xml" Modifyprogid="XMLMigrator"
    Modifyts="2020-02-19T13:27:08+00:00" Modifyuserid="SYSTEM"
    PrintAdapter="LOFTWARE" SystemDefined="Y"/>
<LabelFormat Createprogid="XMLMigrator"
    Createts="2020-02-19T13:27:08+00:00" Createuserid="SYSTEM"
    LabelFormatFile="UPS_Pickup_Summary.lwl"
    LabelFormatId="UPS_PICKUP_SUMMARY"
    LabelFormatKey="202002191327089090" Lockid="0"
    MappingXML="UPSPickupSummaryMap.xml" Modifyprogid="XMLMigrator"
    Modifyts="2020-02-19T13:27:08+00:00" Modifyuserid="SYSTEM"
    PrintAdapter="LOFTWARE" SystemDefined="Y"/>
<LabelFormat Createprogid="XMLMigrator"
    Createts="2020-02-19T13:30:26+00:00" Createuserid="SYSTEM"
    LabelFormatFile="Cart_Manifest_BatchSheet.lwl"
    LabelFormatId="CART_MANIFEST_BATCHSHEET"
    LabelFormatKey="2020021913302615707" Lockid="0"
    MappingXML="CartManifestBatchSheetMap.xml"
    Modifyprogid="XMLMigrator" Modifyts="2020-02-19T13:30:26+00:00"
    Modifyuserid="SYSTEM" PrintAdapter="LOFTWARE" SystemDefined="Y"/>
<LabelFormat Createprogid="XMLMigrator"
    Createts="2020-02-19T13:30:26+00:00" Createuserid="SYSTEM"
    LabelFormatFile="Item_Pick_BatchSheet.lwl"
    LabelFormatId="ITEM_PICK_BATCHSHEET"
    LabelFormatKey="2020021913302615708" Lockid="0"
    MappingXML="ItemPickBatchSheetMap.xml" Modifyprogid="XMLMigrator"
    Modifyts="2020-02-19T13:30:26+00:00" Modifyuserid="SYSTEM"
    PrintAdapter="LOFTWARE" SystemDefined="Y"/>
</YFS_LABEL_FORMATList>