<?xml version="1.0" encoding="UTF-8"?>
<YFS_CHARGE_CATEGORYList TableName="YFS_CHARGE_CATEGORY" TotalNumberOfRecords="33">
<ChargeCategory ChargeCategory="Shipping"
    ChargeCategoryKey="200206122311135803" ConsiderForProfitMargin="N"
    Createprogid="XMLMigrator" Createts="2020-02-19T13:27:26+00:00"
    Createuserid="SYSTEM" Description="Shipping" DocumentType="0003"
    IsBillable="Y" IsDiscount="N" IsRefundable="Y" Lockid="0"
    Modifyprogid="XMLMigrator" Modifyts="2020-02-19T13:27:26+00:00"
    Modifyuserid="SYSTEM" OrganizationCode="DEFAULT"/>
<ChargeCategory ChargeCategory="Handling"
    ChargeCategoryKey="200206122311135805" ConsiderForProfitMargin="N"
    Createprogid="XMLMigrator" Createts="2020-02-19T13:27:26+00:00"
    Createuserid="SYSTEM" Description="Handling" DocumentType="0003"
    IsBillable="Y" IsDiscount="N" IsRefundable="Y" Lockid="0"
    Modifyprogid="XMLMigrator" Modifyts="2020-02-19T13:27:26+00:00"
    Modifyuserid="SYSTEM" OrganizationCode="DEFAULT"/>
<ChargeCategory ChargeCategory="Personalization"
    ChargeCategoryKey="200206122311135807" ConsiderForProfitMargin="N"
    Createprogid="XMLMigrator" Createts="2020-02-19T13:27:26+00:00"
    Createuserid="SYSTEM" Description="Personalization"
    DocumentType="0003" IsBillable="N" IsDiscount="N" IsRefundable="Y"
    Lockid="0" Modifyprogid="XMLMigrator"
    Modifyts="2020-02-19T13:27:26+00:00" Modifyuserid="SYSTEM" OrganizationCode="DEFAULT"/>
<ChargeCategory ChargeCategory="Fee"
    ChargeCategoryKey="200206122311135809" ConsiderForProfitMargin="N"
    Createprogid="XMLMigrator" Createts="2020-02-19T13:27:26+00:00"
    Createuserid="SYSTEM" Description="Fee" DocumentType="0003"
    IsBillable="Y" IsDiscount="N" IsRefundable="Y" Lockid="0"
    Modifyprogid="XMLMigrator" Modifyts="2020-02-19T13:27:26+00:00"
    Modifyuserid="SYSTEM" OrganizationCode="DEFAULT"/>
<ChargeCategory ChargeCategory="Discount"
    ChargeCategoryKey="200206122311135811" ConsiderForProfitMargin="N"
    Createprogid="XMLMigrator" Createts="2020-02-19T13:27:26+00:00"
    Createuserid="SYSTEM" Description="Discount" DocumentType="0003"
    IsBillable="Y" IsDiscount="Y" IsRefundable="Y" Lockid="0"
    Modifyprogid="XMLMigrator" Modifyts="2020-02-19T13:27:26+00:00"
    Modifyuserid="SYSTEM" OrganizationCode="DEFAULT"/>
<ChargeCategory ChargeCategory="Shipping"
    ChargeCategoryKey="200206122335406733" ConsiderForProfitMargin="N"
    Createprogid="XMLMigrator" Createts="2020-02-19T13:27:26+00:00"
    Createuserid="SYSTEM" Description="Shipping" DocumentType="0005"
    IsBillable="Y" IsDiscount="N" IsRefundable="Y" Lockid="0"
    Modifyprogid="XMLMigrator" Modifyts="2020-02-19T13:27:26+00:00"
    Modifyuserid="SYSTEM" OrganizationCode="DEFAULT"/>
<ChargeCategory ChargeCategory="Handling"
    ChargeCategoryKey="200206122335406735" ConsiderForProfitMargin="N"
    Createprogid="XMLMigrator" Createts="2020-02-19T13:27:26+00:00"
    Createuserid="SYSTEM" Description="Handling" DocumentType="0005"
    IsBillable="Y" IsDiscount="N" IsRefundable="Y" Lockid="0"
    Modifyprogid="XMLMigrator" Modifyts="2020-02-19T13:27:26+00:00"
    Modifyuserid="SYSTEM" OrganizationCode="DEFAULT"/>
<ChargeCategory ChargeCategory="Personalization"
    ChargeCategoryKey="200206122335406737" ConsiderForProfitMargin="N"
    Createprogid="XMLMigrator" Createts="2020-02-19T13:27:26+00:00"
    Createuserid="SYSTEM" Description="Personalization"
    DocumentType="0005" IsBillable="Y" IsDiscount="N" IsRefundable="Y"
    Lockid="0" Modifyprogid="XMLMigrator"
    Modifyts="2020-02-19T13:27:26+00:00" Modifyuserid="SYSTEM" OrganizationCode="DEFAULT"/>
<ChargeCategory ChargeCategory="Discount"
    ChargeCategoryKey="200206122335406739" ConsiderForProfitMargin="N"
    Createprogid="XMLMigrator" Createts="2020-02-19T13:27:26+00:00"
    Createuserid="SYSTEM" Description="Discount" DocumentType="0005"
    IsBillable="Y" IsDiscount="Y" IsRefundable="Y" Lockid="0"
    Modifyprogid="XMLMigrator" Modifyts="2020-02-19T13:27:26+00:00"
    Modifyuserid="SYSTEM" OrganizationCode="DEFAULT"/>
<ChargeCategory ChargeCategory="Shipping"
    ChargeCategoryKey="20030708142437508" ConsiderForProfitMargin="N"
    Createprogid="XMLMigrator" Createts="2020-02-19T13:27:26+00:00"
    Createuserid="SYSTEM" Description="Shipping" DocumentType="0006"
    IsBillable="Y" IsDiscount="N" IsRefundable="Y" Lockid="0"
    Modifyprogid="XMLMigrator" Modifyts="2020-02-19T13:27:26+00:00"
    Modifyuserid="SYSTEM" OrganizationCode="DEFAULT"/>
<ChargeCategory ChargeCategory="Handling"
    ChargeCategoryKey="20030708142437510" ConsiderForProfitMargin="N"
    Createprogid="XMLMigrator" Createts="2020-02-19T13:27:26+00:00"
    Createuserid="SYSTEM" Description="Handling" DocumentType="0006"
    IsBillable="Y" IsDiscount="N" IsRefundable="Y" Lockid="0"
    Modifyprogid="XMLMigrator" Modifyts="2020-02-19T13:27:26+00:00"
    Modifyuserid="SYSTEM" OrganizationCode="DEFAULT"/>
<ChargeCategory ChargeCategory="Personalization"
    ChargeCategoryKey="20030708142437512" ConsiderForProfitMargin="N"
    Createprogid="XMLMigrator" Createts="2020-02-19T13:27:26+00:00"
    Createuserid="SYSTEM" Description="Personalization"
    DocumentType="0006" IsBillable="Y" IsDiscount="N" IsRefundable="Y"
    Lockid="0" Modifyprogid="XMLMigrator"
    Modifyts="2020-02-19T13:27:26+00:00" Modifyuserid="SYSTEM" OrganizationCode="DEFAULT"/>
<ChargeCategory ChargeCategory="Discount"
    ChargeCategoryKey="20030708142437514" ConsiderForProfitMargin="N"
    Createprogid="XMLMigrator" Createts="2020-02-19T13:27:26+00:00"
    Createuserid="SYSTEM" Description="Discount" DocumentType="0006"
    IsBillable="Y" IsDiscount="Y" IsRefundable="Y" Lockid="0"
    Modifyprogid="XMLMigrator" Modifyts="2020-02-19T13:27:26+00:00"
    Modifyuserid="SYSTEM" OrganizationCode="DEFAULT"/>
<ChargeCategory ChargeCategory="Shipping"
    ChargeCategoryKey="DEFAULT_CHARGE_KEY_01"
    ConsiderForProfitMargin="N" Createprogid="XMLMigrator"
    Createts="2020-02-19T13:27:26+00:00" Createuserid="SYSTEM"
    Description="Shipping" DocumentType="0001" IsBillable="Y"
    IsDiscount="N" IsRefundable="Y" Lockid="0"
    Modifyprogid="XMLMigrator" Modifyts="2020-02-19T13:27:26+00:00"
    Modifyuserid="SYSTEM" OrganizationCode="DEFAULT"/>
<ChargeCategory ChargeCategory="Handling"
    ChargeCategoryKey="DEFAULT_CHARGE_KEY_02"
    ConsiderForProfitMargin="N" Createprogid="XMLMigrator"
    Createts="2020-02-19T13:27:26+00:00" Createuserid="SYSTEM"
    Description="Handling" DocumentType="0001" IsBillable="Y"
    IsDiscount="N" IsRefundable="Y" Lockid="0"
    Modifyprogid="XMLMigrator" Modifyts="2020-02-19T13:27:26+00:00"
    Modifyuserid="SYSTEM" OrganizationCode="DEFAULT"/>
<ChargeCategory ChargeCategory="Personalization"
    ChargeCategoryKey="DEFAULT_CHARGE_KEY_03"
    ConsiderForProfitMargin="N" Createprogid="XMLMigrator"
    Createts="2020-02-19T13:27:26+00:00" Createuserid="SYSTEM"
    Description="Personalization" DocumentType="0001" IsBillable="Y"
    IsDiscount="N" IsRefundable="Y" Lockid="0"
    Modifyprogid="XMLMigrator" Modifyts="2020-02-19T13:27:26+00:00"
    Modifyuserid="SYSTEM" OrganizationCode="DEFAULT"/>
<ChargeCategory ChargeCategory="Discount"
    ChargeCategoryKey="DEFAULT_CHARGE_KEY_04"
    ConsiderForProfitMargin="N" Createprogid="XMLMigrator"
    Createts="2020-02-19T13:27:26+00:00" Createuserid="SYSTEM"
    Description="Discount" DocumentType="0001" IsBillable="Y"
    IsDiscount="Y" IsRefundable="Y" Lockid="0"
    Modifyprogid="XMLMigrator" Modifyts="2020-02-19T13:27:26+00:00"
    Modifyuserid="SYSTEM" OrganizationCode="DEFAULT"/>
<ChargeCategory ChargeCategory="Shipping"
    ChargeCategoryKey="DEFAULT_CHARGE_KEY_21"
    ConsiderForProfitMargin="N" Createprogid="XMLMigrator"
    Createts="2020-02-19T13:27:26+00:00" Createuserid="SYSTEM"
    Description="Shipping" DocumentType="0002" IsBillable="Y"
    IsDiscount="N" IsRefundable="Y" Lockid="0"
    Modifyprogid="XMLMigrator" Modifyts="2020-02-19T13:27:26+00:00"
    Modifyuserid="SYSTEM" OrganizationCode="DEFAULT"/>
<ChargeCategory ChargeCategory="Handling"
    ChargeCategoryKey="DEFAULT_CHARGE_KEY_22"
    ConsiderForProfitMargin="N" Createprogid="XMLMigrator"
    Createts="2020-02-19T13:27:26+00:00" Createuserid="SYSTEM"
    Description="Handling" DocumentType="0002" IsBillable="Y"
    IsDiscount="N" IsRefundable="Y" Lockid="0"
    Modifyprogid="XMLMigrator" Modifyts="2020-02-19T13:27:26+00:00"
    Modifyuserid="SYSTEM" OrganizationCode="DEFAULT"/>
<ChargeCategory ChargeCategory="Personalization"
    ChargeCategoryKey="DEFAULT_CHARGE_KEY_23"
    ConsiderForProfitMargin="N" Createprogid="XMLMigrator"
    Createts="2020-02-19T13:27:26+00:00" Createuserid="SYSTEM"
    Description="Personalization" DocumentType="0002" IsBillable="Y"
    IsDiscount="N" IsRefundable="Y" Lockid="0"
    Modifyprogid="XMLMigrator" Modifyts="2020-02-19T13:27:26+00:00"
    Modifyuserid="SYSTEM" OrganizationCode="DEFAULT"/>
<ChargeCategory ChargeCategory="Discount"
    ChargeCategoryKey="DEFAULT_CHARGE_KEY_24"
    ConsiderForProfitMargin="N" Createprogid="XMLMigrator"
    Createts="2020-02-19T13:27:26+00:00" Createuserid="SYSTEM"
    Description="Discount" DocumentType="0002" IsBillable="Y"
    IsDiscount="Y" IsRefundable="Y" Lockid="0"
    Modifyprogid="XMLMigrator" Modifyts="2020-02-19T13:27:26+00:00"
    Modifyuserid="SYSTEM" OrganizationCode="DEFAULT"/>
<ChargeCategory ChargeCategory="Shipping"
    ChargeCategoryKey="DEFAULT_CHARGE_KEY_L1"
    ConsiderForProfitMargin="N" Createprogid="XMLMigrator"
    Createts="2020-02-19T13:27:26+00:00" Createuserid="SYSTEM"
    Description="Shipping" DocumentType="1001" IsBillable="Y"
    IsDiscount="N" IsRefundable="Y" Lockid="0"
    Modifyprogid="XMLMigrator" Modifyts="2020-02-19T13:27:26+00:00"
    Modifyuserid="SYSTEM" OrganizationCode="DEFAULT"/>
<ChargeCategory ChargeCategory="Handling"
    ChargeCategoryKey="DEFAULT_CHARGE_KEY_L2"
    ConsiderForProfitMargin="N" Createprogid="XMLMigrator"
    Createts="2020-02-19T13:27:26+00:00" Createuserid="SYSTEM"
    Description="Handling" DocumentType="1001" IsBillable="Y"
    IsDiscount="N" IsRefundable="Y" Lockid="0"
    Modifyprogid="XMLMigrator" Modifyts="2020-02-19T13:27:26+00:00"
    Modifyuserid="SYSTEM" OrganizationCode="DEFAULT"/>
<ChargeCategory ChargeCategory="Personalization"
    ChargeCategoryKey="DEFAULT_CHARGE_KEY_L3"
    ConsiderForProfitMargin="N" Createprogid="XMLMigrator"
    Createts="2020-02-19T13:27:26+00:00" Createuserid="SYSTEM"
    Description="Personalization" DocumentType="1001" IsBillable="Y"
    IsDiscount="N" IsRefundable="Y" Lockid="0"
    Modifyprogid="XMLMigrator" Modifyts="2020-02-19T13:27:26+00:00"
    Modifyuserid="SYSTEM" OrganizationCode="DEFAULT"/>
<ChargeCategory ChargeCategory="Discount"
    ChargeCategoryKey="DEFAULT_CHARGE_KEY_L4"
    ConsiderForProfitMargin="N" Createprogid="XMLMigrator"
    Createts="2020-02-19T13:27:26+00:00" Createuserid="SYSTEM"
    Description="Discount" DocumentType="1001" IsBillable="Y"
    IsDiscount="Y" IsRefundable="Y" Lockid="0"
    Modifyprogid="XMLMigrator" Modifyts="2020-02-19T13:27:26+00:00"
    Modifyuserid="SYSTEM" OrganizationCode="DEFAULT"/>
<ChargeCategory ChargeCategory="Discount"
    ChargeCategoryKey="Discount0007" ConsiderForProfitMargin="N"
    Createprogid="XMLMigrator" Createts="2020-02-19T13:27:26+00:00"
    Createuserid="SYSTEM" Description="Discount" DocumentType="0007"
    IsBillable="Y" IsDiscount="Y" IsRefundable="Y" Lockid="0"
    Modifyprogid="XMLMigrator" Modifyts="2020-02-19T13:27:26+00:00"
    Modifyuserid="SYSTEM" OrganizationCode="DEFAULT"/>
<ChargeCategory ChargeCategory="Discount"
    ChargeCategoryKey="Discount0015" ConsiderForProfitMargin="Y"
    Createprogid="XMLMigrator" Createts="2020-02-19T13:27:26+00:00"
    Createuserid="SYSTEM" Description="Discount" DocumentType="0015"
    IsBillable="Y" IsDiscount="Y" IsRefundable="Y" Lockid="0"
    Modifyprogid="XMLMigrator" Modifyts="2020-02-19T13:27:26+00:00"
    Modifyuserid="SYSTEM" OrganizationCode="DEFAULT"/>
<ChargeCategory ChargeCategory="Handling"
    ChargeCategoryKey="Handling0007" ConsiderForProfitMargin="N"
    Createprogid="XMLMigrator" Createts="2020-02-19T13:27:26+00:00"
    Createuserid="SYSTEM" Description="Handling" DocumentType="0007"
    IsBillable="Y" IsDiscount="N" IsRefundable="Y" Lockid="0"
    Modifyprogid="XMLMigrator" Modifyts="2020-02-19T13:27:26+00:00"
    Modifyuserid="SYSTEM" OrganizationCode="DEFAULT"/>
<ChargeCategory ChargeCategory="Handling"
    ChargeCategoryKey="Handling0015" ConsiderForProfitMargin="N"
    Createprogid="XMLMigrator" Createts="2020-02-19T13:27:26+00:00"
    Createuserid="SYSTEM" Description="Handling" DocumentType="0015"
    IsBillable="Y" IsDiscount="N" IsRefundable="Y" Lockid="0"
    Modifyprogid="XMLMigrator" Modifyts="2020-02-19T13:27:26+00:00"
    Modifyuserid="SYSTEM" OrganizationCode="DEFAULT"/>
<ChargeCategory ChargeCategory="Personalization"
    ChargeCategoryKey="Personalization0007" ConsiderForProfitMargin="N"
    Createprogid="XMLMigrator" Createts="2020-02-19T13:27:26+00:00"
    Createuserid="SYSTEM" Description="Personalization"
    DocumentType="0007" IsBillable="Y" IsDiscount="N" IsRefundable="Y"
    Lockid="0" Modifyprogid="XMLMigrator"
    Modifyts="2020-02-19T13:27:26+00:00" Modifyuserid="SYSTEM" OrganizationCode="DEFAULT"/>
<ChargeCategory ChargeCategory="Personalization"
    ChargeCategoryKey="Personalization0015" ConsiderForProfitMargin="N"
    Createprogid="XMLMigrator" Createts="2020-02-19T13:27:26+00:00"
    Createuserid="SYSTEM" Description="Personalization"
    DocumentType="0015" IsBillable="Y" IsDiscount="N" IsRefundable="Y"
    Lockid="0" Modifyprogid="XMLMigrator"
    Modifyts="2020-02-19T13:27:26+00:00" Modifyuserid="SYSTEM" OrganizationCode="DEFAULT"/>
<ChargeCategory ChargeCategory="Shipping"
    ChargeCategoryKey="Shipping0007" ConsiderForProfitMargin="N"
    Createprogid="XMLMigrator" Createts="2020-02-19T13:27:26+00:00"
    Createuserid="SYSTEM" Description="Shipping" DocumentType="0007"
    IsBillable="Y" IsDiscount="N" IsRefundable="Y" Lockid="0"
    Modifyprogid="XMLMigrator" Modifyts="2020-02-19T13:27:26+00:00"
    Modifyuserid="SYSTEM" OrganizationCode="DEFAULT"/>
<ChargeCategory ChargeCategory="Shipping"
    ChargeCategoryKey="Shippint0015" ConsiderForProfitMargin="N"
    Createprogid="XMLMigrator" Createts="2020-02-19T13:27:26+00:00"
    Createuserid="SYSTEM" Description="Shipping" DocumentType="0015"
    IsBillable="Y" IsDiscount="N" IsRefundable="Y" Lockid="0"
    Modifyprogid="XMLMigrator" Modifyts="2020-02-19T13:27:26+00:00"
    Modifyuserid="SYSTEM" OrganizationCode="DEFAULT"/>
</YFS_CHARGE_CATEGORYList>