<?xml version="1.0" encoding="UTF-8"?>
<YFS_SERVERList TableName="YFS_SERVER" TotalNumberOfRecords="44">
<Server Createprogid="XMLMigrator" Createts="2020-02-19T13:26:56+00:00"
    Createuserid="SYSTEM" Lockid="0" Modifyprogid="XMLMigrator"
    Modifyts="2020-02-19T13:26:56+00:00" Modifyuserid="SYSTEM"
    MonitorStartTime="1" ServerKey="2004091510294835558"
    ServerName="LoadInvMismatchJMSServer" ServerType="00" Terminate="N"
    TransportTypeKey="WLJMS" WaitTime="1"/>
<Server Createprogid="XMLMigrator" Createts="2020-02-19T13:26:56+00:00"
    Createuserid="SYSTEM" Lockid="0" Modifyprogid="XMLMigrator"
    Modifyts="2020-02-19T13:26:56+00:00" Modifyuserid="SYSTEM"
    MonitorStartTime="1" ServerKey="2004091510300435559"
    ServerName="LoadInvMismatchFileServer" ServerType="00" Terminate="N"
    TransportTypeKey="FILE" WaitTime="1"/>
<Server Createprogid="XMLMigrator" Createts="2020-02-19T13:27:11+00:00"
    Createuserid="SYSTEM" Lockid="0" Modifyprogid="XMLMigrator"
    Modifyts="2020-02-19T13:27:11+00:00" Modifyuserid="SYSTEM"
    MonitorStartTime="1" ServerKey="200410151818234019"
    ServerName="ItemLoader" ServerType="00" Terminate="N"
    TransportTypeKey="FILE" WaitTime="1"/>
<Server Createprogid="XMLMigrator" Createts="2020-02-19T13:30:27+00:00"
    Createuserid="SYSTEM" Lockid="0" Modifyprogid="XMLMigrator"
    Modifyts="2020-02-19T13:30:27+00:00" Modifyuserid="SYSTEM"
    MonitorStartTime="1" ServerKey="200410151824094027"
    ServerName="LocationLoader" ServerType="00" Terminate="N"
    TransportTypeKey="FILE" WaitTime="1"/>
<Server Createprogid="XMLMigrator" Createts="2020-02-19T13:30:27+00:00"
    Createuserid="SYSTEM" Lockid="0" Modifyprogid="XMLMigrator"
    Modifyts="2020-02-19T13:30:27+00:00" Modifyuserid="SYSTEM"
    MonitorStartTime="1" ServerKey="200410151829004035"
    ServerName="SkuDedicationLoader" ServerType="00" Terminate="N"
    TransportTypeKey="FILE" WaitTime="1"/>
<Server Createprogid="XMLMigrator" Createts="2020-02-19T13:27:11+00:00"
    Createuserid="SYSTEM" Lockid="0" Modifyprogid="XMLMigrator"
    Modifyts="2020-02-19T13:27:11+00:00" Modifyuserid="SYSTEM"
    MonitorStartTime="1" ServerKey="200410201454238766"
    ServerName="ShippingCartonLoader" ServerType="00" Terminate="N"
    TransportTypeKey="FILE" WaitTime="1"/>
<Server Createprogid="XMLMigrator" Createts="2020-02-19T13:30:27+00:00"
    Createuserid="SYSTEM" Lockid="0" Modifyprogid="XMLMigrator"
    Modifyts="2020-02-19T13:30:27+00:00" Modifyuserid="SYSTEM"
    MonitorStartTime="1" ServerKey="200410201559498896"
    ServerName="InventoryLoader" ServerType="00" Terminate="N"
    TransportTypeKey="FILE" WaitTime="1"/>
<Server Createprogid="XMLMigrator" Createts="2020-02-19T13:31:34+00:00"
    Createuserid="SYSTEM" Lockid="0" Modifyprogid="XMLMigrator"
    Modifyts="2020-02-19T13:31:34+00:00" Modifyuserid="SYSTEM"
    MonitorStartTime="1" ServerKey="20050613132852140008"
    ServerName="YCD_EmailJMSServer" ServerType="00" Terminate="N"
    TransportTypeKey="WLJMS" WaitTime="1"/>
<Server Createprogid="XMLMigrator" Createts="2020-02-19T13:26:56+00:00"
    Createuserid="SYSTEM" Lockid="0" Modifyprogid="XMLMigrator"
    Modifyts="2020-02-19T13:26:56+00:00" Modifyuserid="SYSTEM"
    MonitorStartTime="1" ServerKey="200607132048129108"
    ServerName="RPEntityChangeServer" ServerType="00" Terminate="N"
    TransportTypeKey="WLJMS" WaitTime="1"/>
<Server Createprogid="XMLMigrator" Createts="2020-02-19T13:26:56+00:00"
    Createuserid="SYSTEM" Lockid="0" Modifyprogid="XMLMigrator"
    Modifyts="2020-02-19T13:26:56+00:00" Modifyuserid="SYSTEM"
    MonitorStartTime="1" ServerKey="20070914151118107001"
    ServerName="DefaultServer" ServerType="00" Terminate="N"
    TransportTypeKey="GJMS" WaitTime="1"/>
<Server Createprogid="XMLMigrator" Createts="2020-02-19T13:30:09+00:00"
    Createuserid="SYSTEM" Lockid="0" Modifyprogid="XMLMigrator"
    Modifyts="2020-02-19T13:30:09+00:00" Modifyuserid="SYSTEM"
    MonitorStartTime="1" ServerKey="2008063017005531077"
    ServerName="CountRequestJMSServer" ServerType="01" Terminate="N"
    TransportTypeKey="JMS" WaitTime="1"/>
<Server Createprogid="XMLMigrator" Createts="2020-02-19T13:31:34+00:00"
    Createuserid="SYSTEM" Lockid="0" Modifyprogid="XMLMigrator"
    Modifyts="2020-02-19T13:31:34+00:00" Modifyuserid="SYSTEM"
    MonitorStartTime="1" ServerKey="2009051211330931171"
    ServerName="YCD_Send_Password" ServerType="00" Terminate="N"
    TransportTypeKey="WLJMS" WaitTime="1"/>
<Server Createprogid="XMLMigrator" Createts="2020-02-19T13:28:25+00:00"
    Createuserid="SYSTEM" Lockid="0" Modifyprogid="XMLMigrator"
    Modifyts="2020-02-19T13:28:25+00:00" Modifyuserid="SYSTEM"
    MonitorStartTime="1" ServerKey="201108191721127126101"
    ServerName="SCWC_Server" ServerType="00" Terminate="N"
    TransportTypeKey="GJMS" WaitTime="1"/>
<Server Createprogid="XMLMigrator" Createts="2020-02-19T13:28:28+00:00"
    Createuserid="SYSTEM" Lockid="0" Modifyprogid="XMLMigrator"
    Modifyts="2020-02-19T13:28:28+00:00" Modifyuserid="SYSTEM"
    MonitorStartTime="1" ServerKey="2013062815140515836"
    ServerName="SCWC_SDF_pushInventoryMessages" ServerType="00"
    Terminate="N" TransportTypeKey="GJMS" WaitTime="1"/>
<Server Createprogid="XMLMigrator" Createts="2020-02-19T13:28:28+00:00"
    Createuserid="SYSTEM" Lockid="0" Modifyprogid="XMLMigrator"
    Modifyts="2020-02-19T13:28:28+00:00" Modifyuserid="SYSTEM"
    MonitorStartTime="1" ServerKey="2013070507290916677"
    ServerName="SCWC_SDF_pushOrderMessages" ServerType="00"
    Terminate="N" TransportTypeKey="GJMS" WaitTime="1"/>
<Server Createprogid="XMLMigrator" Createts="2020-02-19T13:28:28+00:00"
    Createuserid="SYSTEM" Lockid="0" Modifyprogid="XMLMigrator"
    Modifyts="2020-02-19T13:28:28+00:00" Modifyuserid="SYSTEM"
    MonitorStartTime="1" ServerKey="201308191721127126101"
    ServerName="SCWC_SDF_createOrder" ServerType="00" Terminate="N"
    TransportTypeKey="GJMS" WaitTime="1"/>
<Server Createprogid="XMLMigrator" Createts="2020-02-19T13:26:56+00:00"
    Createuserid="SYSTEM" Lockid="0" Modifyprogid="XMLMigrator"
    Modifyts="2020-02-19T13:26:56+00:00" Modifyuserid="SYSTEM"
    MonitorStartTime="1" ServerKey="2013121817561018375"
    ServerName="EDS_TransportOrder" ServerType="00" Terminate="N"
    TransportTypeKey="GJMS" WaitTime="1"/>
<Server Createprogid="XMLMigrator" Createts="2020-02-19T13:26:56+00:00"
    Createuserid="SYSTEM" Lockid="0" Modifyprogid="XMLMigrator"
    Modifyts="2020-02-19T13:26:56+00:00" Modifyuserid="SYSTEM"
    MonitorStartTime="1" ServerKey="2013121823474718424"
    ServerName="EDS_MarkOrderSynched" ServerType="00" Terminate="N"
    TransportTypeKey="GJMS" WaitTime="1"/>
<Server Createprogid="XMLMigrator" Createts="2020-02-19T13:26:56+00:00"
    Createuserid="SYSTEM" Lockid="0" Modifyprogid="XMLMigrator"
    Modifyts="2020-02-19T13:26:56+00:00" Modifyuserid="SYSTEM"
    MonitorStartTime="1" ServerKey="2013121912252618524"
    ServerName="EDS_ProcessCreateOrder" ServerType="00" Terminate="N"
    TransportTypeKey="GJMS" WaitTime="1"/>
<Server Createprogid="XMLMigrator" Createts="2020-02-19T13:28:28+00:00"
    Createuserid="SYSTEM" Lockid="0" Modifyprogid="XMLMigrator"
    Modifyts="2020-02-19T13:28:28+00:00" Modifyuserid="SYSTEM"
    MonitorStartTime="1" ServerKey="201403031721127126102"
    ServerName="SCWC_SDF_changeOrder" ServerType="00" Terminate="N"
    TransportTypeKey="GJMS" WaitTime="1"/>
<Server Createprogid="XMLMigrator" Createts="2020-02-19T13:28:30+00:00"
    Createuserid="SYSTEM" Lockid="0" Modifyprogid="XMLMigrator"
    Modifyts="2020-02-19T13:28:30+00:00" Modifyuserid="SYSTEM"
    MonitorStartTime="1" ServerKey="2015030415585419762"
    ServerName="IBMJDA_changeShipment" ServerType="00" Terminate="N"
    TransportTypeKey="JMS" WaitTime="1"/>
<Server Createprogid="XMLMigrator" Createts="2020-02-19T13:28:30+00:00"
    Createuserid="SYSTEM" Lockid="0" Modifyprogid="XMLMigrator"
    Modifyts="2020-02-19T13:28:30+00:00" Modifyuserid="SYSTEM"
    MonitorStartTime="1" ServerKey="2015032715585419762"
    ServerName="IBMJDA_receiveOrder" ServerType="00" Terminate="N"
    TransportTypeKey="JMS" WaitTime="1"/>
<Server Createprogid="XMLMigrator" Createts="2020-02-19T13:28:30+00:00"
    Createuserid="SYSTEM" Lockid="0" Modifyprogid="XMLMigrator"
    Modifyts="2020-02-19T13:28:30+00:00" Modifyuserid="SYSTEM"
    MonitorStartTime="1" ServerKey="2015041011153972472"
    ServerName="IBMJDA_TO_CREATESHIPMENT" ServerType="00" Terminate="N"
    TransportTypeKey="JMS" WaitTime="1"/>
<Server Createprogid="XMLMigrator" Createts="2020-02-19T13:28:30+00:00"
    Createuserid="SYSTEM" Lockid="0" Modifyprogid="XMLMigrator"
    Modifyts="2020-02-19T13:28:30+00:00" Modifyuserid="SYSTEM"
    MonitorStartTime="1" ServerKey="2015041015555673217"
    ServerName="IBMJDA_TO_RECEIVEORDER" ServerType="00" Terminate="N"
    TransportTypeKey="JMS" WaitTime="1"/>
<Server Createprogid="XMLMigrator" Createts="2020-02-19T13:28:30+00:00"
    Createuserid="SYSTEM" Lockid="0" Modifyprogid="XMLMigrator"
    Modifyts="2020-02-19T13:28:30+00:00" Modifyuserid="SYSTEM"
    MonitorStartTime="1" ServerKey="2015041212475344144"
    ServerName="IBMJDA_TO_SHIPMENT" ServerType="00" Terminate="N"
    TransportTypeKey="JMS" WaitTime="1"/>
<Server Createprogid="XMLMigrator" Createts="2020-02-19T13:28:30+00:00"
    Createuserid="SYSTEM" Lockid="0" Modifyprogid="XMLMigrator"
    Modifyts="2020-02-19T13:28:30+00:00" Modifyuserid="SYSTEM"
    MonitorStartTime="1" ServerKey="2015041213405844226"
    ServerName="IBMJDA_TO_CNFSHIPMENT" ServerType="00" Terminate="N"
    TransportTypeKey="JMS" WaitTime="1"/>
<Server Createprogid="XMLMigrator" Createts="2020-02-19T13:28:30+00:00"
    Createuserid="SYSTEM" Lockid="0" Modifyprogid="XMLMigrator"
    Modifyts="2020-02-19T13:28:30+00:00" Modifyuserid="SYSTEM"
    MonitorStartTime="1" ServerKey="20150727160751125127"
    ServerName="IBMJDA_CreateHostTransferOrder" ServerType="00"
    Terminate="N" TransportTypeKey="JMS" WaitTime="1"/>
<Server Createprogid="XMLMigrator" Createts="2020-02-19T13:28:30+00:00"
    Createuserid="SYSTEM" Lockid="0" Modifyprogid="XMLMigrator"
    Modifyts="2020-02-19T13:28:30+00:00" Modifyuserid="SYSTEM"
    MonitorStartTime="1" ServerKey="20150807141628129156"
    ServerName="IBMJDA_TI_CreateCancel" ServerType="00" Terminate="N"
    TransportTypeKey="JMS" WaitTime="1"/>
<Server Createprogid="XMLMigrator" Createts="2020-02-19T13:27:31+00:00"
    Createuserid="SYSTEM" Lockid="0" Modifyprogid="XMLMigrator"
    Modifyts="2020-02-19T13:27:31+00:00" Modifyuserid="SYSTEM"
    MonitorStartTime="1" ServerKey="2015081118552015753"
    ServerName="Process_Large_Order_Inventory_Updates" ServerType="00"
    Terminate="N" TransportTypeKey="JMS" WaitTime="1"/>
<Server Createprogid="XMLMigrator" Createts="2020-02-19T13:28:30+00:00"
    Createuserid="SYSTEM" Lockid="0" Modifyprogid="XMLMigrator"
    Modifyts="2020-02-19T13:28:30+00:00" Modifyuserid="SYSTEM"
    MonitorStartTime="1" ServerKey="20150916133342158131"
    ServerName="IBMJDA_HOST_DispatchAdvice" ServerType="00"
    Terminate="N" TransportTypeKey="JMS" WaitTime="1"/>
<Server Createprogid="XMLMigrator" Createts="2020-02-19T13:28:30+00:00"
    Createuserid="SYSTEM" Lockid="0" Modifyprogid="XMLMigrator"
    Modifyts="2020-02-19T13:28:30+00:00" Modifyuserid="SYSTEM"
    MonitorStartTime="1" ServerKey="2015100823261115197"
    ServerName="IBMJDA_HOST_ReceiveOrder" ServerType="00" Terminate="N"
    TransportTypeKey="JMS" WaitTime="1"/>
<Server Createprogid="XMLMigrator" Createts="2020-02-19T13:28:30+00:00"
    Createuserid="SYSTEM" Lockid="0" Modifyprogid="XMLMigrator"
    Modifyts="2020-02-19T13:28:30+00:00" Modifyuserid="SYSTEM"
    MonitorStartTime="1" ServerKey="2015122820552716497"
    ServerName="IBMJDA_WFMR_Forecast" ServerType="00" Terminate="N"
    TransportTypeKey="JMS" WaitTime="1"/>
<Server Createprogid="XMLMigrator" Createts="2020-02-19T13:26:56+00:00"
    Createuserid="SYSTEM" Lockid="0" Modifyprogid="XMLMigrator"
    Modifyts="2020-02-19T13:26:56+00:00" Modifyuserid="SYSTEM"
    MonitorStartTime="1" ServerKey="2018013107290916677"
    ServerName="GDPR_Execute_Request" ServerType="00" Terminate="N"
    TransportTypeKey="GJMS" WaitTime="1"/>
<Server Createprogid="XMLMigrator" Createts="2020-02-19T13:28:32+00:00"
    Createuserid="SYSTEM" Lockid="0" Modifyprogid="XMLMigrator"
    Modifyts="2020-02-19T13:28:32+00:00" Modifyuserid="SYSTEM"
    MonitorStartTime="1" ServerKey="201801311721127126101"
    ServerName="UBX_Server" ServerType="00" Terminate="N"
    TransportTypeKey="GJMS" WaitTime="1"/>
<Server Createprogid="XMLMigrator" Createts="2020-02-19T13:28:32+00:00"
    Createuserid="SYSTEM" Lockid="0" Modifyprogid="XMLMigrator"
    Modifyts="2020-02-19T13:28:32+00:00" Modifyuserid="SYSTEM"
    MonitorStartTime="1" ServerKey="2018042706565656124"
    ServerName="DataPublishConfigFull" ServerType="01" Terminate="N"
    TransportTypeKey="JMS" WaitTime="1"/>
<Server Createprogid="XMLMigrator" Createts="2020-02-19T13:28:32+00:00"
    Createuserid="SYSTEM" Lockid="0" Modifyprogid="XMLMigrator"
    Modifyts="2020-02-19T13:28:32+00:00" Modifyuserid="SYSTEM"
    MonitorStartTime="1" ServerKey="2018042707082856167"
    ServerName="DataPublishMasterFull" ServerType="01" Terminate="N"
    TransportTypeKey="JMS" WaitTime="1"/>
<Server Createprogid="XMLMigrator" Createts="2020-02-19T13:28:32+00:00"
    Createuserid="SYSTEM" Lockid="0" Modifyprogid="XMLMigrator"
    Modifyts="2020-02-19T13:28:32+00:00" Modifyuserid="SYSTEM"
    MonitorStartTime="1" ServerKey="2018042707091056179"
    ServerName="DataPublishMasterDelta" ServerType="01" Terminate="N"
    TransportTypeKey="JMS" WaitTime="1"/>
<Server Createprogid="XMLMigrator" Createts="2020-02-19T13:27:31+00:00"
    Createuserid="SYSTEM" Lockid="0" Modifyprogid="XMLMigrator"
    Modifyts="2020-02-19T13:27:31+00:00" Modifyuserid="SYSTEM"
    MonitorStartTime="1" ServerKey="BUC_Agents_Server"
    ServerName="BUCAgentsServer" ServerType="01" Terminate="N"
    TransportTypeKey="JMS" WaitTime="1"/>
<Server Createprogid="XMLMigrator" Createts="2020-02-19T13:28:31+00:00"
    Createuserid="SYSTEM" Lockid="0" Modifyprogid="XMLMigrator"
    Modifyts="2020-02-19T13:28:31+00:00" Modifyuserid="SYSTEM"
    MonitorStartTime="1" ServerKey="COC_DATA_EXTRACT"
    ServerName="CocDataExtractServer" ServerType="01" Terminate="N"
    TransportTypeKey="JMS" WaitTime="1"/>
<Server Createprogid="XMLMigrator" Createts="2020-02-19T13:26:56+00:00"
    Createuserid="SYSTEM" Lockid="0" Modifyprogid="XMLMigrator"
    Modifyts="2020-02-19T13:26:56+00:00" Modifyuserid="SYSTEM"
    MonitorStartTime="1" ServerKey="DEFAULT_SERVER"
    ServerName="DefaultAgent" ServerType="01" Terminate="N"
    TransportTypeKey="WLJMS" WaitTime="1"/>
<Server Createprogid="XMLMigrator" Createts="2020-02-19T13:26:56+00:00"
    Createuserid="SYSTEM" Lockid="0" Modifyprogid="XMLMigrator"
    Modifyts="2020-02-19T13:26:56+00:00" Modifyuserid="SYSTEM"
    MonitorStartTime="1" ServerKey="HazmatDataLoader"
    ServerName="HazmatDataLoader" ServerType="00" Terminate="N"
    TransportTypeKey="FILE" WaitTime="1"/>
<Server Createprogid="XMLMigrator" Createts="2020-02-19T13:28:28+00:00"
    Createuserid="SYSTEM" Lockid="0" Modifyprogid="XMLMigrator"
    Modifyts="2020-02-19T13:28:28+00:00" Modifyuserid="SYSTEM"
    MonitorStartTime="1" ServerKey="IV_ADJUST_ID"
    ServerName="IV_ADJUST_ID" ServerType="00" Terminate="N"
    TransportTypeKey="JMS" WaitTime="1"/>
<Server Createprogid="XMLMigrator" Createts="2020-02-19T13:28:28+00:00"
    Createuserid="SYSTEM" Lockid="0" Modifyprogid="XMLMigrator"
    Modifyts="2020-02-19T13:28:28+00:00" Modifyuserid="SYSTEM"
    MonitorStartTime="1" ServerKey="IV_ADJUST_IS"
    ServerName="IV_ADJUST_IS" ServerType="00" Terminate="N"
    TransportTypeKey="JMS" WaitTime="1"/>
<Server Createprogid="XMLMigrator" Createts="2020-02-19T13:27:18+00:00"
    Createuserid="SYSTEM" Lockid="0" Modifyprogid="XMLMigrator"
    Modifyts="2020-02-19T13:27:18+00:00" Modifyuserid="SYSTEM"
    MonitorStartTime="1" ServerKey="MIGRATE_CASSANDRA_AGENT"
    ServerName="MigrateCassandraAgent" ServerType="01" Terminate="N"
    TransportTypeKey="WLJMS" WaitTime="1"/>
</YFS_SERVERList>