<?xml version="1.0" encoding="UTF-8"?>
<YFS_STATUS_INVENTORY_TYPESList TableName="YFS_STATUS_INVENTORY_TYPES" TotalNumberOfRecords="106">
<StatusInventoryTypes BuyerSupplyType="PO_PLACED"
    Createprogid="XMLMigrator" Createts="2020-02-19T13:27:21+00:00"
    Createuserid="SYSTEM" DocumentType="0001" Fob="" HasChainedChild="N"
    HasChainedParent="N" IncrementBuyerSupply="N"
    IncrementSellerSupply="N" Lockid="0" Modifyprogid="XMLMigrator"
    Modifyts="2020-02-19T13:27:21+00:00" Modifyuserid="SYSTEM"
    ProcessTypeKey="ORDER_FULFILLMENT" SellerDemandType="RSRV_ORDER"
    SellerSupplyType="ONHAND" Status="1040" StatusInventoryID="DEFAULT"
    StatusInventoryTypesKey="0001_1040" SystemDefined="Y"/>
<StatusInventoryTypes BuyerSupplyType="PO_PLACED"
    Createprogid="XMLMigrator" Createts="2020-02-19T13:27:21+00:00"
    Createuserid="SYSTEM" DocumentType="0001" Fob="" HasChainedChild="N"
    HasChainedParent="N" IncrementBuyerSupply="N"
    IncrementSellerSupply="N" Lockid="0" Modifyprogid="XMLMigrator"
    Modifyts="2020-02-19T13:27:21+00:00" Modifyuserid="SYSTEM"
    ProcessTypeKey="ORDER_FULFILLMENT" SellerDemandType="RSRV_ORDER"
    SellerSupplyType="ONHAND" Status="1050" StatusInventoryID="DEFAULT"
    StatusInventoryTypesKey="0001_1050" SystemDefined="Y"/>
<StatusInventoryTypes BuyerSupplyType="PO_PLACED"
    Createprogid="XMLMigrator" Createts="2020-02-19T13:27:21+00:00"
    Createuserid="SYSTEM" DocumentType="0001" Fob="" HasChainedChild="N"
    HasChainedParent="N" IncrementBuyerSupply="N"
    IncrementSellerSupply="N" Lockid="0" Modifyprogid="XMLMigrator"
    Modifyts="2020-02-19T13:27:21+00:00" Modifyuserid="SYSTEM"
    ProcessTypeKey="ORDER_FULFILLMENT" SellerDemandType="OPEN_ORDER"
    SellerSupplyType="ONHAND" Status="1100" StatusInventoryID="DEFAULT"
    StatusInventoryTypesKey="0001_1100" SystemDefined="Y"/>
<StatusInventoryTypes BuyerSupplyType="PO_PLACED"
    Createprogid="XMLMigrator" Createts="2020-02-19T13:27:21+00:00"
    Createuserid="SYSTEM" DocumentType="0001" Fob="" HasChainedChild="N"
    HasChainedParent="N" IncrementBuyerSupply="N"
    IncrementSellerSupply="N" Lockid="0" Modifyprogid="XMLMigrator"
    Modifyts="2020-02-19T13:27:21+00:00" Modifyuserid="SYSTEM"
    ProcessTypeKey="ORDER_FULFILLMENT" SellerDemandType="RSRV_ORDER"
    SellerSupplyType="ONHAND" Status="1140" StatusInventoryID="DEFAULT"
    StatusInventoryTypesKey="0001_1140" SystemDefined="Y"/>
<StatusInventoryTypes BuyerSupplyType="PO_PLACED"
    Createprogid="XMLMigrator" Createts="2020-02-19T13:27:21+00:00"
    Createuserid="SYSTEM" DocumentType="0001" Fob="" HasChainedChild="N"
    HasChainedParent="N" IncrementBuyerSupply="N"
    IncrementSellerSupply="N" Lockid="0" Modifyprogid="XMLMigrator"
    Modifyts="2020-02-19T13:27:21+00:00" Modifyuserid="SYSTEM"
    ProcessTypeKey="ORDER_FULFILLMENT" SellerDemandType="RSRV_ORDER"
    SellerSupplyType="ONHAND" Status="1200" StatusInventoryID="DEFAULT"
    StatusInventoryTypesKey="0001_1200" SystemDefined="Y"/>
<StatusInventoryTypes BuyerSupplyType="PO_PLACED"
    Createprogid="XMLMigrator" Createts="2020-02-19T13:27:21+00:00"
    Createuserid="SYSTEM" DocumentType="0001" Fob="" HasChainedChild="N"
    HasChainedParent="N" IncrementBuyerSupply="N"
    IncrementSellerSupply="N" Lockid="0" Modifyprogid="XMLMigrator"
    Modifyts="2020-02-19T13:27:21+00:00" Modifyuserid="SYSTEM"
    ProcessTypeKey="ORDER_FULFILLMENT" SellerDemandType="OPEN_ORDER"
    SellerSupplyType="ONHAND" Status="1230" StatusInventoryID="DEFAULT"
    StatusInventoryTypesKey="0001_1230" SystemDefined="Y"/>
<StatusInventoryTypes BuyerSupplyType="PO_PLACED"
    Createprogid="XMLMigrator" Createts="2020-02-19T13:27:21+00:00"
    Createuserid="SYSTEM" DocumentType="0001" Fob="" HasChainedChild="N"
    HasChainedParent="N" IncrementBuyerSupply="N"
    IncrementSellerSupply="N" Lockid="0" Modifyprogid="XMLMigrator"
    Modifyts="2020-02-19T13:27:21+00:00" Modifyuserid="SYSTEM"
    ProcessTypeKey="ORDER_FULFILLMENT" SellerDemandType="OPEN_ORDER"
    SellerSupplyType="ONHAND" Status="1260" StatusInventoryID="DEFAULT"
    StatusInventoryTypesKey="0001_1260" SystemDefined="Y"/>
<StatusInventoryTypes BuyerSupplyType="PO_BACKORDER"
    Createprogid="XMLMigrator" Createts="2020-02-19T13:27:21+00:00"
    Createuserid="SYSTEM" DocumentType="0001" Fob="" HasChainedChild="N"
    HasChainedParent="N" IncrementBuyerSupply="N"
    IncrementSellerSupply="N" Lockid="0" Modifyprogid="XMLMigrator"
    Modifyts="2020-02-19T13:27:21+00:00" Modifyuserid="SYSTEM"
    ProcessTypeKey="ORDER_FULFILLMENT" SellerDemandType="BACKORDER"
    SellerSupplyType="ONHAND" Status="1300" StatusInventoryID="DEFAULT"
    StatusInventoryTypesKey="0001_1300" SystemDefined="Y"/>
<StatusInventoryTypes BuyerSupplyType="PO_BACKORDER"
    Createprogid="XMLMigrator" Createts="2020-02-19T13:27:21+00:00"
    Createuserid="SYSTEM" DocumentType="0001" Fob="" HasChainedChild="N"
    HasChainedParent="N" IncrementBuyerSupply="N"
    IncrementSellerSupply="N" Lockid="0" Modifyprogid="XMLMigrator"
    Modifyts="2020-02-19T13:27:21+00:00" Modifyuserid="SYSTEM"
    ProcessTypeKey="ORDER_FULFILLMENT" SellerDemandType="BACKORDER"
    SellerSupplyType="ONHAND" Status="1310" StatusInventoryID="DEFAULT"
    StatusInventoryTypesKey="0001_1310" SystemDefined="Y"/>
<StatusInventoryTypes BuyerSupplyType="PO_SCHEDULED"
    Createprogid="XMLMigrator" Createts="2020-02-19T13:27:21+00:00"
    Createuserid="SYSTEM" DocumentType="0001" Fob="" HasChainedChild="N"
    HasChainedParent="N" IncrementBuyerSupply="N"
    IncrementSellerSupply="N" Lockid="0" Modifyprogid="XMLMigrator"
    Modifyts="2020-02-19T13:27:21+00:00" Modifyuserid="SYSTEM"
    ProcessTypeKey="ORDER_FULFILLMENT" SellerDemandType="SCHEDULED"
    SellerSupplyType="ONHAND" Status="1500" StatusInventoryID="DEFAULT"
    StatusInventoryTypesKey="0001_1500" SystemDefined="Y"/>
<StatusInventoryTypes BuyerSupplyType="PO_RELEASED"
    Createprogid="XMLMigrator" Createts="2020-02-19T13:27:21+00:00"
    Createuserid="SYSTEM" DocumentType="0001" Fob="" HasChainedChild="N"
    HasChainedParent="N" IncrementBuyerSupply="N"
    IncrementSellerSupply="N" Lockid="0" Modifyprogid="XMLMigrator"
    Modifyts="2020-02-19T13:27:21+00:00" Modifyuserid="SYSTEM"
    ProcessTypeKey="ORDER_FULFILLMENT" SellerDemandType="RSRV_ORDER"
    SellerSupplyType="ONHAND" Status="1600" StatusInventoryID="DEFAULT"
    StatusInventoryTypesKey="0001_1600" SystemDefined="Y"/>
<StatusInventoryTypes BuyerSupplyType="PO_SCHEDULED"
    Createprogid="XMLMigrator" Createts="2020-02-19T13:27:21+00:00"
    Createuserid="SYSTEM" DocumentType="0001" Fob="" HasChainedChild="N"
    HasChainedParent="N" IncrementBuyerSupply="N"
    IncrementSellerSupply="N" Lockid="0" Modifyprogid="XMLMigrator"
    Modifyts="2020-02-19T13:27:21+00:00" Modifyuserid="SYSTEM"
    ProcessTypeKey="ORDER_FULFILLMENT" SellerDemandType="RSRV_ORDER"
    SellerSupplyType="ONHAND" Status="2030" StatusInventoryID="DEFAULT"
    StatusInventoryTypesKey="0001_2030" SystemDefined="Y"/>
<StatusInventoryTypes BuyerSupplyType="PO_SCHEDULED"
    Createprogid="XMLMigrator" Createts="2020-02-19T13:27:21+00:00"
    Createuserid="SYSTEM" DocumentType="0001" Fob="" HasChainedChild="N"
    HasChainedParent="N" IncrementBuyerSupply="N"
    IncrementSellerSupply="N" Lockid="0" Modifyprogid="XMLMigrator"
    Modifyts="2020-02-19T13:27:21+00:00" Modifyuserid="SYSTEM"
    ProcessTypeKey="ORDER_FULFILLMENT" SellerDemandType="RSRV_ORDER"
    SellerSupplyType="ONHAND" Status="2060" StatusInventoryID="DEFAULT"
    StatusInventoryTypesKey="0001_2060" SystemDefined="Y"/>
<StatusInventoryTypes BuyerSupplyType="PO_RELEASED"
    Createprogid="XMLMigrator" Createts="2020-02-19T13:27:21+00:00"
    Createuserid="SYSTEM" DocumentType="0001" Fob="" HasChainedChild="Y"
    HasChainedParent="N" IncrementBuyerSupply="N"
    IncrementSellerSupply="N" Lockid="0" Modifyprogid="XMLMigrator"
    Modifyts="2020-02-19T13:27:21+00:00" Modifyuserid="SYSTEM"
    ProcessTypeKey="ORDER_FULFILLMENT" SellerDemandType="ALLOCATED"
    SellerSupplyType="ONHAND" Status="2100" StatusInventoryID="DEFAULT"
    StatusInventoryTypesKey="0001_2100" SystemDefined="Y"/>
<StatusInventoryTypes BuyerSupplyType="PO_SCHEDULED"
    Createprogid="XMLMigrator" Createts="2020-02-19T13:27:21+00:00"
    Createuserid="SYSTEM" DocumentType="0001" Fob="" HasChainedChild="Y"
    HasChainedParent="N" IncrementBuyerSupply="N"
    IncrementSellerSupply="N" Lockid="0" Modifyprogid="XMLMigrator"
    Modifyts="2020-02-19T13:27:21+00:00" Modifyuserid="SYSTEM"
    ProcessTypeKey="ORDER_FULFILLMENT" SellerDemandType="SCHEDULED"
    SellerSupplyType="ONHAND" Status="2130" StatusInventoryID="DEFAULT"
    StatusInventoryTypesKey="0001_2130" SystemDefined="Y"/>
<StatusInventoryTypes BuyerSupplyType="PO_SCHEDULED"
    Createprogid="XMLMigrator" Createts="2020-02-19T13:27:21+00:00"
    Createuserid="SYSTEM" DocumentType="0001" Fob="" HasChainedChild="N"
    HasChainedParent="N" IncrementBuyerSupply="N"
    IncrementSellerSupply="N" Lockid="0" Modifyprogid="XMLMigrator"
    Modifyts="2020-02-19T13:27:21+00:00" Modifyuserid="SYSTEM"
    ProcessTypeKey="ORDER_FULFILLMENT" SellerDemandType="SCHEDULED"
    SellerSupplyType="ONHAND" Status="2140" StatusInventoryID="DEFAULT"
    StatusInventoryTypesKey="0001_2140" SystemDefined="Y"/>
<StatusInventoryTypes BuyerSupplyType="PO_SCHEDULED"
    Createprogid="XMLMigrator" Createts="2020-02-19T13:27:21+00:00"
    Createuserid="SYSTEM" DocumentType="0001" Fob="" HasChainedChild="Y"
    HasChainedParent="N" IncrementBuyerSupply="N"
    IncrementSellerSupply="N" Lockid="0" Modifyprogid="XMLMigrator"
    Modifyts="2020-02-19T13:27:21+00:00" Modifyuserid="SYSTEM"
    ProcessTypeKey="ORDER_FULFILLMENT" SellerDemandType="SCHEDULED"
    SellerSupplyType="ONHAND" Status="2160" StatusInventoryID="DEFAULT"
    StatusInventoryTypesKey="0001_2160" SystemDefined="Y"/>
<StatusInventoryTypes BuyerSupplyType="PO_RELEASED"
    Createprogid="XMLMigrator" Createts="2020-02-19T13:27:21+00:00"
    Createuserid="SYSTEM" DocumentType="0001" Fob="" HasChainedChild="N"
    HasChainedParent="N" IncrementBuyerSupply="N"
    IncrementSellerSupply="N" Lockid="0" Modifyprogid="XMLMigrator"
    Modifyts="2020-02-19T13:27:21+00:00" Modifyuserid="SYSTEM"
    ProcessTypeKey="ORDER_FULFILLMENT" SellerDemandType="ALLOCATED"
    SellerSupplyType="ONHAND" Status="3200" StatusInventoryID="DEFAULT"
    StatusInventoryTypesKey="0001_3200" SystemDefined="Y"/>
<StatusInventoryTypes BuyerSupplyType="PO_RELEASED"
    Createprogid="XMLMigrator" Createts="2020-02-19T13:27:21+00:00"
    Createuserid="SYSTEM" DocumentType="0001" Fob="" HasChainedChild="Y"
    HasChainedParent="N" IncrementBuyerSupply="N"
    IncrementSellerSupply="N" Lockid="0" Modifyprogid="XMLMigrator"
    Modifyts="2020-02-19T13:27:21+00:00" Modifyuserid="SYSTEM"
    ProcessTypeKey="ORDER_FULFILLMENT" SellerDemandType="ALLOCATED"
    SellerSupplyType="ONHAND" Status="3200" StatusInventoryID="DEFAULT"
    StatusInventoryTypesKey="0001_3200_01" SystemDefined="Y"/>
<StatusInventoryTypes BuyerSupplyType="PO_RELEASED"
    Createprogid="XMLMigrator" Createts="2020-02-19T13:27:21+00:00"
    Createuserid="SYSTEM" DocumentType="0001" Fob="" HasChainedChild="N"
    HasChainedParent="N" IncrementBuyerSupply="N"
    IncrementSellerSupply="N" Lockid="0" Modifyprogid="XMLMigrator"
    Modifyts="2020-02-19T13:27:21+00:00" Modifyuserid="SYSTEM"
    ProcessTypeKey="ORDER_FULFILLMENT" SellerDemandType="ALLOCATED"
    SellerSupplyType="ONHAND" Status="3300" StatusInventoryID="DEFAULT"
    StatusInventoryTypesKey="0001_3300" SystemDefined="Y"/>
<StatusInventoryTypes BuyerSupplyType="PO_RELEASED"
    Createprogid="XMLMigrator" Createts="2020-02-19T13:27:21+00:00"
    Createuserid="SYSTEM" DocumentType="0001" Fob="" HasChainedChild="Y"
    HasChainedParent="N" IncrementBuyerSupply="N"
    IncrementSellerSupply="N" Lockid="0" Modifyprogid="XMLMigrator"
    Modifyts="2020-02-19T13:27:21+00:00" Modifyuserid="SYSTEM"
    ProcessTypeKey="ORDER_FULFILLMENT" SellerDemandType="ALLOCATED"
    SellerSupplyType="ONHAND" Status="3300" StatusInventoryID="DEFAULT"
    StatusInventoryTypesKey="0001_3300_01" SystemDefined="Y"/>
<StatusInventoryTypes BuyerSupplyType="PO_RELEASED"
    Createprogid="XMLMigrator" Createts="2020-02-19T13:27:21+00:00"
    Createuserid="SYSTEM" DocumentType="0001" Fob="" HasChainedChild="N"
    HasChainedParent="N" IncrementBuyerSupply="N"
    IncrementSellerSupply="N" Lockid="0" Modifyprogid="XMLMigrator"
    Modifyts="2020-02-19T13:27:21+00:00" Modifyuserid="SYSTEM"
    ProcessTypeKey="ORDER_FULFILLMENT" SellerDemandType="ALLOCATED"
    SellerSupplyType="ONHAND" Status="3350" StatusInventoryID="DEFAULT"
    StatusInventoryTypesKey="0001_3350" SystemDefined="Y"/>
<StatusInventoryTypes BuyerSupplyType="PO_RELEASED"
    Createprogid="XMLMigrator" Createts="2020-02-19T13:27:21+00:00"
    Createuserid="SYSTEM" DocumentType="0001" Fob="" HasChainedChild="Y"
    HasChainedParent="N" IncrementBuyerSupply="N"
    IncrementSellerSupply="N" Lockid="0" Modifyprogid="XMLMigrator"
    Modifyts="2020-02-19T13:27:21+00:00" Modifyuserid="SYSTEM"
    ProcessTypeKey="ORDER_FULFILLMENT" SellerDemandType="ALLOCATED"
    SellerSupplyType="ONHAND" Status="3350" StatusInventoryID="DEFAULT"
    StatusInventoryTypesKey="0001_3350_01" SystemDefined="Y"/>
<StatusInventoryTypes BuyerSupplyType="INTRANSIT"
    Createprogid="XMLMigrator" Createts="2020-02-19T13:27:21+00:00"
    Createuserid="SYSTEM" DocumentType="0001" Fob="" HasChainedChild="N"
    HasChainedParent="N" IncrementBuyerSupply="N"
    IncrementSellerSupply="Y" Lockid="0" Modifyprogid="XMLMigrator"
    Modifyts="2020-02-19T13:27:21+00:00" Modifyuserid="SYSTEM"
    ProcessTypeKey="ORDER_FULFILLMENT" SellerDemandType=""
    SellerSupplyType="" Status="3700" StatusInventoryID="DEFAULT"
    StatusInventoryTypesKey="0001_3700" SystemDefined="Y"/>
<StatusInventoryTypes BuyerSupplyType="INTRANSIT"
    Createprogid="XMLMigrator" Createts="2020-02-19T13:27:21+00:00"
    Createuserid="SYSTEM" DocumentType="0001" Fob="" HasChainedChild="Y"
    HasChainedParent="N" IncrementBuyerSupply="N"
    IncrementSellerSupply="Y" Lockid="0" Modifyprogid="XMLMigrator"
    Modifyts="2020-02-19T13:27:21+00:00" Modifyuserid="SYSTEM"
    ProcessTypeKey="ORDER_FULFILLMENT" SellerDemandType=""
    SellerSupplyType="" Status="3700" StatusInventoryID="DEFAULT"
    StatusInventoryTypesKey="0001_3700_1" SystemDefined="Y"/>
<StatusInventoryTypes BuyerSupplyType="INTRANSIT"
    Createprogid="XMLMigrator" Createts="2020-02-19T13:27:21+00:00"
    Createuserid="SYSTEM" DocumentType="0001" Fob="" HasChainedChild="N"
    HasChainedParent="N" IncrementBuyerSupply="Y"
    IncrementSellerSupply="N" Lockid="0" Modifyprogid="XMLMigrator"
    Modifyts="2020-02-19T13:27:21+00:00" Modifyuserid="SYSTEM"
    ProcessTypeKey="ORDER_FULFILLMENT" SellerDemandType=""
    SellerSupplyType="" Status="3780" StatusInventoryID="DEFAULT"
    StatusInventoryTypesKey="0001_3780" SystemDefined="Y"/>
<StatusInventoryTypes BuyerSupplyType="ONHAND"
    Createprogid="XMLMigrator" Createts="2020-02-19T13:27:21+00:00"
    Createuserid="SYSTEM" DocumentType="0001" Fob="" HasChainedChild="N"
    HasChainedParent="N" IncrementBuyerSupply="Y"
    IncrementSellerSupply="N" Lockid="0" Modifyprogid="XMLMigrator"
    Modifyts="2020-02-19T13:27:21+00:00" Modifyuserid="SYSTEM"
    ProcessTypeKey="ORDER_FULFILLMENT" SellerDemandType=""
    SellerSupplyType="" Status="3900" StatusInventoryID="DEFAULT"
    StatusInventoryTypesKey="0001_3900" SystemDefined="Y"/>
<StatusInventoryTypes BuyerSupplyType="ONHAND"
    Createprogid="XMLMigrator" Createts="2020-02-19T13:27:21+00:00"
    Createuserid="SYSTEM" DocumentType="0001" Fob="" HasChainedChild="N"
    HasChainedParent="N" IncrementBuyerSupply="Y"
    IncrementSellerSupply="N" Lockid="0" Modifyprogid="XMLMigrator"
    Modifyts="2020-02-19T13:27:21+00:00" Modifyuserid="SYSTEM"
    ProcessTypeKey="ORDER_FULFILLMENT" SellerDemandType=""
    SellerSupplyType="" Status="3950" StatusInventoryID="DEFAULT"
    StatusInventoryTypesKey="0001_3950" SystemDefined="Y"/>
<StatusInventoryTypes BuyerSupplyType="" Createprogid="XMLMigrator"
    Createts="2020-02-19T13:27:21+00:00" Createuserid="SYSTEM"
    DocumentType="0001" Fob="" HasChainedChild="N" HasChainedParent="N"
    IncrementBuyerSupply="N" IncrementSellerSupply="N" Lockid="0"
    Modifyprogid="XMLMigrator" Modifyts="2020-02-19T13:27:21+00:00"
    Modifyuserid="SYSTEM" ProcessTypeKey="ORDER_FULFILLMENT"
    SellerDemandType="" SellerSupplyType="ONHAND" Status="9000"
    StatusInventoryID="DEFAULT" StatusInventoryTypesKey="0001_9000" SystemDefined="Y"/>
<StatusInventoryTypes BuyerSupplyType="PLANNED_PO"
    Createprogid="XMLMigrator" Createts="2020-02-19T13:27:21+00:00"
    Createuserid="SYSTEM" DocumentType="0002" Fob="" HasChainedChild="N"
    HasChainedParent="N" IncrementBuyerSupply="N"
    IncrementSellerSupply="N" Lockid="0" Modifyprogid="XMLMigrator"
    Modifyts="2020-02-19T13:27:21+00:00" Modifyuserid="SYSTEM"
    ProcessTypeKey="PLAN_ORDER_FULFILLMENT" SellerDemandType="FORECAST"
    SellerSupplyType="" Status="1100" StatusInventoryID="DEFAULT"
    StatusInventoryTypesKey="0002_1100" SystemDefined="Y"/>
<StatusInventoryTypes BuyerSupplyType="PLAN_NEGOTIATED"
    Createprogid="XMLMigrator" Createts="2020-02-19T13:27:21+00:00"
    Createuserid="SYSTEM" DocumentType="0002" Fob="" HasChainedChild="N"
    HasChainedParent="N" IncrementBuyerSupply="N"
    IncrementSellerSupply="N" Lockid="0" Modifyprogid="XMLMigrator"
    Modifyts="2020-02-19T13:27:21+00:00" Modifyuserid="SYSTEM"
    ProcessTypeKey="PLAN_ORDER_FULFILLMENT"
    SellerDemandType="FORECAST_NEGOTIATED" SellerSupplyType=""
    Status="1230" StatusInventoryID="DEFAULT"
    StatusInventoryTypesKey="0002_1230" SystemDefined="Y"/>
<StatusInventoryTypes BuyerSupplyType="FIRM_PLAN"
    Createprogid="XMLMigrator" Createts="2020-02-19T13:27:21+00:00"
    Createuserid="SYSTEM" DocumentType="0002" Fob="" HasChainedChild="N"
    HasChainedParent="N" IncrementBuyerSupply="N"
    IncrementSellerSupply="N" Lockid="0" Modifyprogid="XMLMigrator"
    Modifyts="2020-02-19T13:27:21+00:00" Modifyuserid="SYSTEM"
    ProcessTypeKey="PLAN_ORDER_FULFILLMENT"
    SellerDemandType="FIRM_FORECAST" SellerSupplyType="" Status="1260"
    StatusInventoryID="DEFAULT" StatusInventoryTypesKey="0002_1260" SystemDefined="Y"/>
<StatusInventoryTypes BuyerSupplyType="ONHAND"
    Createprogid="XMLMigrator" Createts="2020-02-19T13:27:21+00:00"
    Createuserid="SYSTEM" DocumentType="0002" Fob="" HasChainedChild="N"
    HasChainedParent="N" IncrementBuyerSupply="N"
    IncrementSellerSupply="N" Lockid="0" Modifyprogid="XMLMigrator"
    Modifyts="2020-02-19T13:27:21+00:00" Modifyuserid="SYSTEM"
    ProcessTypeKey="PLAN_ORDER_FULFILLMENT" SellerDemandType=""
    SellerSupplyType="" Status="3900" StatusInventoryID="DEFAULT"
    StatusInventoryTypesKey="0002_3900" SystemDefined="Y"/>
<StatusInventoryTypes BuyerSupplyType="" Createprogid="XMLMigrator"
    Createts="2020-02-19T13:27:21+00:00" Createuserid="SYSTEM"
    DocumentType="0003" Fob="" HasChainedChild="N" HasChainedParent="N"
    IncrementBuyerSupply="N" IncrementSellerSupply="Y" Lockid="0"
    Modifyprogid="XMLMigrator" Modifyts="2020-02-19T13:27:21+00:00"
    Modifyuserid="SYSTEM" ProcessTypeKey="RETURN_FULFILLMENT"
    SellerDemandType="" SellerSupplyType="" Status="3780"
    StatusInventoryID="DEFAULT" StatusInventoryTypesKey="0003_3780" SystemDefined="Y"/>
<StatusInventoryTypes BuyerSupplyType="" Createprogid="XMLMigrator"
    Createts="2020-02-19T13:27:21+00:00" Createuserid="SYSTEM"
    DocumentType="0003" Fob="" HasChainedChild="N" HasChainedParent="N"
    IncrementBuyerSupply="N" IncrementSellerSupply="Y" Lockid="0"
    Modifyprogid="XMLMigrator" Modifyts="2020-02-19T13:27:21+00:00"
    Modifyuserid="SYSTEM" ProcessTypeKey="RETURN_FULFILLMENT"
    SellerDemandType="" SellerSupplyType="ONHAND" Status="3900"
    StatusInventoryID="DEFAULT" StatusInventoryTypesKey="0003_3900" SystemDefined="Y"/>
<StatusInventoryTypes BuyerSupplyType="" Createprogid="XMLMigrator"
    Createts="2020-02-19T13:27:21+00:00" Createuserid="SYSTEM"
    DocumentType="0003" Fob="" HasChainedChild="N" HasChainedParent="N"
    IncrementBuyerSupply="N" IncrementSellerSupply="Y" Lockid="0"
    Modifyprogid="XMLMigrator" Modifyts="2020-02-19T13:27:21+00:00"
    Modifyuserid="SYSTEM" ProcessTypeKey="RETURN_FULFILLMENT"
    SellerDemandType="" SellerSupplyType="ONHAND" Status="3950"
    StatusInventoryID="DEFAULT" StatusInventoryTypesKey="0003_3950" SystemDefined="Y"/>
<StatusInventoryTypes BuyerSupplyType="PO_PLACED"
    Createprogid="XMLMigrator" Createts="2020-02-19T13:27:21+00:00"
    Createuserid="SYSTEM" DocumentType="0005" Fob="" HasChainedChild="N"
    HasChainedParent="N" IncrementBuyerSupply="N"
    IncrementSellerSupply="N" Lockid="0" Modifyprogid="XMLMigrator"
    Modifyts="2020-02-19T13:27:21+00:00" Modifyuserid="SYSTEM"
    ProcessTypeKey="PO_FULFILLMENT" SellerDemandType="OPEN_ORDER"
    SellerSupplyType="ONHAND" Status="1100" StatusInventoryID="DEFAULT"
    StatusInventoryTypesKey="0005_1100" SystemDefined="Y"/>
<StatusInventoryTypes BuyerSupplyType="PO_PLACED"
    Createprogid="XMLMigrator" Createts="2020-02-19T13:27:21+00:00"
    Createuserid="SYSTEM" DocumentType="0005" Fob="" HasChainedChild="N"
    HasChainedParent="N" IncrementBuyerSupply="N"
    IncrementSellerSupply="N" Lockid="0" Modifyprogid="XMLMigrator"
    Modifyts="2020-02-19T13:27:21+00:00" Modifyuserid="SYSTEM"
    ProcessTypeKey="PO_FULFILLMENT" SellerDemandType="OPEN_ORDER"
    SellerSupplyType="ONHAND" Status="1100" StatusInventoryID="PROCURE"
    StatusInventoryTypesKey="0005_1100_PROC" SystemDefined="Y"/>
<StatusInventoryTypes BuyerSupplyType="PO_PLACED"
    Createprogid="XMLMigrator" Createts="2020-02-19T13:27:21+00:00"
    Createuserid="SYSTEM" DocumentType="0005" Fob="" HasChainedChild="N"
    HasChainedParent="N" IncrementBuyerSupply="N"
    IncrementSellerSupply="N" Lockid="0" Modifyprogid="XMLMigrator"
    Modifyts="2020-02-19T13:27:21+00:00" Modifyuserid="SYSTEM"
    ProcessTypeKey="PO_FULFILLMENT" SellerDemandType="RSRV_ORDER"
    SellerSupplyType="ONHAND" Status="1200" StatusInventoryID="DEFAULT"
    StatusInventoryTypesKey="0005_1200" SystemDefined="Y"/>
<StatusInventoryTypes BuyerSupplyType="PO_PLACED"
    Createprogid="XMLMigrator" Createts="2020-02-19T13:27:21+00:00"
    Createuserid="SYSTEM" DocumentType="0005" Fob="" HasChainedChild="N"
    HasChainedParent="N" IncrementBuyerSupply="N"
    IncrementSellerSupply="N" Lockid="0" Modifyprogid="XMLMigrator"
    Modifyts="2020-02-19T13:27:21+00:00" Modifyuserid="SYSTEM"
    ProcessTypeKey="PO_FULFILLMENT" SellerDemandType="RSRV_ORDER"
    SellerSupplyType="ONHAND" Status="1200" StatusInventoryID="PROCURE"
    StatusInventoryTypesKey="0005_1200_PROC" SystemDefined="Y"/>
<StatusInventoryTypes BuyerSupplyType="PO_PLACED"
    Createprogid="XMLMigrator" Createts="2020-02-19T13:27:21+00:00"
    Createuserid="SYSTEM" DocumentType="0005" Fob="" HasChainedChild="N"
    HasChainedParent="N" IncrementBuyerSupply="N"
    IncrementSellerSupply="N" Lockid="0" Modifyprogid="XMLMigrator"
    Modifyts="2020-02-19T13:27:21+00:00" Modifyuserid="SYSTEM"
    ProcessTypeKey="PO_FULFILLMENT" SellerDemandType="OPEN_ORDER"
    SellerSupplyType="ONHAND" Status="1230" StatusInventoryID="DEFAULT"
    StatusInventoryTypesKey="0005_1230" SystemDefined="Y"/>
<StatusInventoryTypes BuyerSupplyType="PO_PLACED"
    Createprogid="XMLMigrator" Createts="2020-02-19T13:27:21+00:00"
    Createuserid="SYSTEM" DocumentType="0005" Fob="" HasChainedChild="N"
    HasChainedParent="N" IncrementBuyerSupply="N"
    IncrementSellerSupply="N" Lockid="0" Modifyprogid="XMLMigrator"
    Modifyts="2020-02-19T13:27:21+00:00" Modifyuserid="SYSTEM"
    ProcessTypeKey="PO_FULFILLMENT" SellerDemandType="OPEN_ORDER"
    SellerSupplyType="ONHAND" Status="1230" StatusInventoryID="PROCURE"
    StatusInventoryTypesKey="0005_1230_PROC" SystemDefined="Y"/>
<StatusInventoryTypes BuyerSupplyType="PO_PLACED"
    Createprogid="XMLMigrator" Createts="2020-02-19T13:27:21+00:00"
    Createuserid="SYSTEM" DocumentType="0005" Fob="" HasChainedChild="N"
    HasChainedParent="N" IncrementBuyerSupply="N"
    IncrementSellerSupply="N" Lockid="0" Modifyprogid="XMLMigrator"
    Modifyts="2020-02-19T13:27:21+00:00" Modifyuserid="SYSTEM"
    ProcessTypeKey="PO_FULFILLMENT" SellerDemandType="OPEN_ORDER"
    SellerSupplyType="ONHAND" Status="1260" StatusInventoryID="DEFAULT"
    StatusInventoryTypesKey="0005_1260" SystemDefined="Y"/>
<StatusInventoryTypes BuyerSupplyType="PO_PLACED"
    Createprogid="XMLMigrator" Createts="2020-02-19T13:27:21+00:00"
    Createuserid="SYSTEM" DocumentType="0005" Fob="" HasChainedChild="N"
    HasChainedParent="N" IncrementBuyerSupply="N"
    IncrementSellerSupply="N" Lockid="0" Modifyprogid="XMLMigrator"
    Modifyts="2020-02-19T13:27:21+00:00" Modifyuserid="SYSTEM"
    ProcessTypeKey="PO_FULFILLMENT" SellerDemandType="OPEN_ORDER"
    SellerSupplyType="ONHAND" Status="1260" StatusInventoryID="PROCURE"
    StatusInventoryTypesKey="0005_1260_PROC" SystemDefined="Y"/>
<StatusInventoryTypes BuyerSupplyType="PO_BACKORDER"
    Createprogid="XMLMigrator" Createts="2020-02-19T13:27:21+00:00"
    Createuserid="SYSTEM" DocumentType="0005" Fob="" HasChainedChild="N"
    HasChainedParent="N" IncrementBuyerSupply="N"
    IncrementSellerSupply="N" Lockid="0" Modifyprogid="XMLMigrator"
    Modifyts="2020-02-19T13:27:21+00:00" Modifyuserid="SYSTEM"
    ProcessTypeKey="PO_FULFILLMENT" SellerDemandType="BACKORDER"
    SellerSupplyType="ONHAND" Status="1300" StatusInventoryID="DEFAULT"
    StatusInventoryTypesKey="0005_1300" SystemDefined="Y"/>
<StatusInventoryTypes BuyerSupplyType="PO_BACKORDER"
    Createprogid="XMLMigrator" Createts="2020-02-19T13:27:21+00:00"
    Createuserid="SYSTEM" DocumentType="0005" Fob="" HasChainedChild="N"
    HasChainedParent="N" IncrementBuyerSupply="N"
    IncrementSellerSupply="N" Lockid="0" Modifyprogid="XMLMigrator"
    Modifyts="2020-02-19T13:27:21+00:00" Modifyuserid="SYSTEM"
    ProcessTypeKey="PO_FULFILLMENT" SellerDemandType="BACKORDER"
    SellerSupplyType="ONHAND" Status="1300" StatusInventoryID="PROCURE"
    StatusInventoryTypesKey="0005_1300_PROC" SystemDefined="Y"/>
<StatusInventoryTypes BuyerSupplyType="PO_BACKORDER"
    Createprogid="XMLMigrator" Createts="2020-02-19T13:27:21+00:00"
    Createuserid="SYSTEM" DocumentType="0005" Fob="" HasChainedChild="N"
    HasChainedParent="N" IncrementBuyerSupply="Y"
    IncrementSellerSupply="N" Lockid="0" Modifyprogid="XMLMigrator"
    Modifyts="2020-02-19T13:27:21+00:00" Modifyuserid="SYSTEM"
    ProcessTypeKey="PO_FULFILLMENT" SellerDemandType="BACKORDER"
    SellerSupplyType="ONHAND" Status="1310" StatusInventoryID="DEFAULT"
    StatusInventoryTypesKey="0005_1310" SystemDefined="Y"/>
<StatusInventoryTypes BuyerSupplyType="PO_BACKORDER"
    Createprogid="XMLMigrator" Createts="2020-02-19T13:27:21+00:00"
    Createuserid="SYSTEM" DocumentType="0005" Fob="" HasChainedChild="N"
    HasChainedParent="N" IncrementBuyerSupply="Y"
    IncrementSellerSupply="N" Lockid="0" Modifyprogid="XMLMigrator"
    Modifyts="2020-02-19T13:27:21+00:00" Modifyuserid="SYSTEM"
    ProcessTypeKey="PO_FULFILLMENT" SellerDemandType="BACKORDER"
    SellerSupplyType="ONHAND" Status="1310" StatusInventoryID="PROCURE"
    StatusInventoryTypesKey="0005_1310_PROC" SystemDefined="Y"/>
<StatusInventoryTypes BuyerSupplyType="PO_SCHEDULED"
    Createprogid="XMLMigrator" Createts="2020-02-19T13:27:21+00:00"
    Createuserid="SYSTEM" DocumentType="0005" Fob="" HasChainedChild="N"
    HasChainedParent="N" IncrementBuyerSupply="Y"
    IncrementSellerSupply="N" Lockid="0" Modifyprogid="XMLMigrator"
    Modifyts="2020-02-19T13:27:21+00:00" Modifyuserid="SYSTEM"
    ProcessTypeKey="PO_FULFILLMENT" SellerDemandType="SCHEDULED"
    SellerSupplyType="ONHAND" Status="1500" StatusInventoryID="DEFAULT"
    StatusInventoryTypesKey="0005_1500" SystemDefined="Y"/>
<StatusInventoryTypes BuyerSupplyType="PO_SCHEDULED"
    Createprogid="XMLMigrator" Createts="2020-02-19T13:27:21+00:00"
    Createuserid="SYSTEM" DocumentType="0005" Fob="" HasChainedChild="N"
    HasChainedParent="N" IncrementBuyerSupply="Y"
    IncrementSellerSupply="N" Lockid="0" Modifyprogid="XMLMigrator"
    Modifyts="2020-02-19T13:27:21+00:00" Modifyuserid="SYSTEM"
    ProcessTypeKey="PO_FULFILLMENT" SellerDemandType="SCHEDULED"
    SellerSupplyType="ONHAND" Status="1500" StatusInventoryID="PROCURE"
    StatusInventoryTypesKey="0005_1500_PROC" SystemDefined="Y"/>
<StatusInventoryTypes BuyerSupplyType="PO_RELEASED"
    Createprogid="XMLMigrator" Createts="2020-02-19T13:27:21+00:00"
    Createuserid="SYSTEM" DocumentType="0005" Fob="" HasChainedChild="N"
    HasChainedParent="N" IncrementBuyerSupply="Y"
    IncrementSellerSupply="N" Lockid="0" Modifyprogid="XMLMigrator"
    Modifyts="2020-02-19T13:27:21+00:00" Modifyuserid="SYSTEM"
    ProcessTypeKey="PO_FULFILLMENT" SellerDemandType="RSRV_ORDER"
    SellerSupplyType="ONHAND" Status="1600" StatusInventoryID="DEFAULT"
    StatusInventoryTypesKey="0005_1600" SystemDefined="Y"/>
<StatusInventoryTypes BuyerSupplyType="PO_RELEASED"
    Createprogid="XMLMigrator" Createts="2020-02-19T13:27:21+00:00"
    Createuserid="SYSTEM" DocumentType="0005" Fob="" HasChainedChild="N"
    HasChainedParent="N" IncrementBuyerSupply="Y"
    IncrementSellerSupply="N" Lockid="0" Modifyprogid="XMLMigrator"
    Modifyts="2020-02-19T13:27:21+00:00" Modifyuserid="SYSTEM"
    ProcessTypeKey="PO_FULFILLMENT" SellerDemandType="RSRV_ORDER"
    SellerSupplyType="ONHAND" Status="1600" StatusInventoryID="PROCURE"
    StatusInventoryTypesKey="0005_1600_PROC" SystemDefined="Y"/>
<StatusInventoryTypes BuyerSupplyType="PO_RELEASED"
    Createprogid="XMLMigrator" Createts="2020-02-19T13:27:21+00:00"
    Createuserid="SYSTEM" DocumentType="0005" Fob="" HasChainedChild="N"
    HasChainedParent="N" IncrementBuyerSupply="Y"
    IncrementSellerSupply="N" Lockid="0" Modifyprogid="XMLMigrator"
    Modifyts="2020-02-19T13:27:21+00:00" Modifyuserid="SYSTEM"
    ProcessTypeKey="PO_FULFILLMENT" SellerDemandType="ALLOCATED"
    SellerSupplyType="ONHAND" Status="2100" StatusInventoryID="DEFAULT"
    StatusInventoryTypesKey="0005_2100" SystemDefined="Y"/>
<StatusInventoryTypes BuyerSupplyType="PO_RELEASED"
    Createprogid="XMLMigrator" Createts="2020-02-19T13:27:21+00:00"
    Createuserid="SYSTEM" DocumentType="0005" Fob="" HasChainedChild="N"
    HasChainedParent="N" IncrementBuyerSupply="Y"
    IncrementSellerSupply="N" Lockid="0" Modifyprogid="XMLMigrator"
    Modifyts="2020-02-19T13:27:21+00:00" Modifyuserid="SYSTEM"
    ProcessTypeKey="PO_FULFILLMENT" SellerDemandType="ALLOCATED"
    SellerSupplyType="ONHAND" Status="2100" StatusInventoryID="PROCURE"
    StatusInventoryTypesKey="0005_2100_PROC" SystemDefined="Y"/>
<StatusInventoryTypes BuyerSupplyType="PO_RELEASED"
    Createprogid="XMLMigrator" Createts="2020-02-19T13:27:21+00:00"
    Createuserid="SYSTEM" DocumentType="0005" Fob="" HasChainedChild="N"
    HasChainedParent="N" IncrementBuyerSupply="N"
    IncrementSellerSupply="N" Lockid="0" Modifyprogid="XMLMigrator"
    Modifyts="2020-02-19T13:27:21+00:00" Modifyuserid="SYSTEM"
    ProcessTypeKey="PO_FULFILLMENT" SellerDemandType="ALLOCATED"
    SellerSupplyType="ONHAND" Status="3200" StatusInventoryID="DEFAULT"
    StatusInventoryTypesKey="0005_3200" SystemDefined="Y"/>
<StatusInventoryTypes BuyerSupplyType="PO_RELEASED"
    Createprogid="XMLMigrator" Createts="2020-02-19T13:27:21+00:00"
    Createuserid="SYSTEM" DocumentType="0005" Fob="" HasChainedChild="N"
    HasChainedParent="N" IncrementBuyerSupply="N"
    IncrementSellerSupply="N" Lockid="0" Modifyprogid="XMLMigrator"
    Modifyts="2020-02-19T13:27:21+00:00" Modifyuserid="SYSTEM"
    ProcessTypeKey="PO_FULFILLMENT" SellerDemandType="ALLOCATED"
    SellerSupplyType="ONHAND" Status="3200" StatusInventoryID="PROCURE"
    StatusInventoryTypesKey="0005_3200_PROC" SystemDefined="Y"/>
<StatusInventoryTypes BuyerSupplyType="PO_RELEASED"
    Createprogid="XMLMigrator" Createts="2020-02-19T13:27:21+00:00"
    Createuserid="SYSTEM" DocumentType="0005" Fob="" HasChainedChild="N"
    HasChainedParent="N" IncrementBuyerSupply="N"
    IncrementSellerSupply="N" Lockid="0" Modifyprogid="XMLMigrator"
    Modifyts="2020-02-19T13:27:21+00:00" Modifyuserid="SYSTEM"
    ProcessTypeKey="PO_FULFILLMENT" SellerDemandType="ALLOCATED"
    SellerSupplyType="ONHAND" Status="3300" StatusInventoryID="DEFAULT"
    StatusInventoryTypesKey="0005_3300" SystemDefined="Y"/>
<StatusInventoryTypes BuyerSupplyType="PO_RELEASED"
    Createprogid="XMLMigrator" Createts="2020-02-19T13:27:21+00:00"
    Createuserid="SYSTEM" DocumentType="0005" Fob="" HasChainedChild="N"
    HasChainedParent="N" IncrementBuyerSupply="N"
    IncrementSellerSupply="N" Lockid="0" Modifyprogid="XMLMigrator"
    Modifyts="2020-02-19T13:27:21+00:00" Modifyuserid="SYSTEM"
    ProcessTypeKey="PO_FULFILLMENT" SellerDemandType="ALLOCATED"
    SellerSupplyType="ONHAND" Status="3300" StatusInventoryID="PROCURE"
    StatusInventoryTypesKey="0005_3300_PROC" SystemDefined="Y"/>
<StatusInventoryTypes BuyerSupplyType="PO_RELEASED"
    Createprogid="XMLMigrator" Createts="2020-02-19T13:27:21+00:00"
    Createuserid="SYSTEM" DocumentType="0005" Fob="" HasChainedChild="N"
    HasChainedParent="N" IncrementBuyerSupply="N"
    IncrementSellerSupply="N" Lockid="0" Modifyprogid="XMLMigrator"
    Modifyts="2020-02-19T13:27:21+00:00" Modifyuserid="SYSTEM"
    ProcessTypeKey="PO_FULFILLMENT" SellerDemandType="ALLOCATED"
    SellerSupplyType="ONHAND" Status="3350" StatusInventoryID="DEFAULT"
    StatusInventoryTypesKey="0005_3350" SystemDefined="Y"/>
<StatusInventoryTypes BuyerSupplyType="PO_RELEASED"
    Createprogid="XMLMigrator" Createts="2020-02-19T13:27:21+00:00"
    Createuserid="SYSTEM" DocumentType="0005" Fob="" HasChainedChild="N"
    HasChainedParent="N" IncrementBuyerSupply="N"
    IncrementSellerSupply="N" Lockid="0" Modifyprogid="XMLMigrator"
    Modifyts="2020-02-19T13:27:21+00:00" Modifyuserid="SYSTEM"
    ProcessTypeKey="PO_FULFILLMENT" SellerDemandType="ALLOCATED"
    SellerSupplyType="ONHAND" Status="3350" StatusInventoryID="PROCURE"
    StatusInventoryTypesKey="0005_3350_PROC" SystemDefined="Y"/>
<StatusInventoryTypes BuyerSupplyType="INTRANSIT"
    Createprogid="XMLMigrator" Createts="2020-02-19T13:27:21+00:00"
    Createuserid="SYSTEM" DocumentType="0005" Fob="" HasChainedChild="N"
    HasChainedParent="N" IncrementBuyerSupply="N"
    IncrementSellerSupply="Y" Lockid="0" Modifyprogid="XMLMigrator"
    Modifyts="2020-02-19T13:27:21+00:00" Modifyuserid="SYSTEM"
    ProcessTypeKey="PO_FULFILLMENT" SellerDemandType=""
    SellerSupplyType="" Status="3700" StatusInventoryID="DEFAULT"
    StatusInventoryTypesKey="0005_3700" SystemDefined="Y"/>
<StatusInventoryTypes BuyerSupplyType="INTRANSIT"
    Createprogid="XMLMigrator" Createts="2020-02-19T13:27:21+00:00"
    Createuserid="SYSTEM" DocumentType="0005" Fob="" HasChainedChild="N"
    HasChainedParent="N" IncrementBuyerSupply="N"
    IncrementSellerSupply="Y" Lockid="0" Modifyprogid="XMLMigrator"
    Modifyts="2020-02-19T13:27:21+00:00" Modifyuserid="SYSTEM"
    ProcessTypeKey="PO_FULFILLMENT" SellerDemandType=""
    SellerSupplyType="" Status="3700" StatusInventoryID="PROCURE"
    StatusInventoryTypesKey="0005_3700_PROC" SystemDefined="Y"/>
<StatusInventoryTypes BuyerSupplyType="INTRANSIT"
    Createprogid="XMLMigrator" Createts="2020-02-19T13:27:21+00:00"
    Createuserid="SYSTEM" DocumentType="0005" Fob="" HasChainedChild="N"
    HasChainedParent="N" IncrementBuyerSupply="Y"
    IncrementSellerSupply="N" Lockid="0" Modifyprogid="XMLMigrator"
    Modifyts="2020-02-19T13:27:21+00:00" Modifyuserid="SYSTEM"
    ProcessTypeKey="PO_FULFILLMENT" SellerDemandType=""
    SellerSupplyType="" Status="3780" StatusInventoryID="DEFAULT"
    StatusInventoryTypesKey="0005_3780" SystemDefined="Y"/>
<StatusInventoryTypes BuyerSupplyType="INTRANSIT"
    Createprogid="XMLMigrator" Createts="2020-02-19T13:27:21+00:00"
    Createuserid="SYSTEM" DocumentType="0005" Fob="" HasChainedChild="N"
    HasChainedParent="N" IncrementBuyerSupply="Y"
    IncrementSellerSupply="N" Lockid="0" Modifyprogid="XMLMigrator"
    Modifyts="2020-02-19T13:27:21+00:00" Modifyuserid="SYSTEM"
    ProcessTypeKey="PO_FULFILLMENT" SellerDemandType=""
    SellerSupplyType="" Status="3780" StatusInventoryID="PROCURE"
    StatusInventoryTypesKey="0005_3780_PROC" SystemDefined="Y"/>
<StatusInventoryTypes BuyerSupplyType="ONHAND"
    Createprogid="XMLMigrator" Createts="2020-02-19T13:27:21+00:00"
    Createuserid="SYSTEM" DocumentType="0005" Fob="" HasChainedChild="N"
    HasChainedParent="N" IncrementBuyerSupply="Y"
    IncrementSellerSupply="N" Lockid="0" Modifyprogid="XMLMigrator"
    Modifyts="2020-02-19T13:27:21+00:00" Modifyuserid="SYSTEM"
    ProcessTypeKey="PO_FULFILLMENT" SellerDemandType=""
    SellerSupplyType="" Status="3900" StatusInventoryID="DEFAULT"
    StatusInventoryTypesKey="0005_3900" SystemDefined="Y"/>
<StatusInventoryTypes BuyerSupplyType="ONHAND"
    Createprogid="XMLMigrator" Createts="2020-02-19T13:27:21+00:00"
    Createuserid="SYSTEM" DocumentType="0005" Fob="" HasChainedChild="N"
    HasChainedParent="N" IncrementBuyerSupply="Y"
    IncrementSellerSupply="N" Lockid="0" Modifyprogid="XMLMigrator"
    Modifyts="2020-02-19T13:27:21+00:00" Modifyuserid="SYSTEM"
    ProcessTypeKey="PO_FULFILLMENT" SellerDemandType=""
    SellerSupplyType="" Status="3900" StatusInventoryID="PROCURE"
    StatusInventoryTypesKey="0005_3900_PROC" SystemDefined="Y"/>
<StatusInventoryTypes BuyerSupplyType="ONHAND"
    Createprogid="XMLMigrator" Createts="2020-02-19T13:27:21+00:00"
    Createuserid="SYSTEM" DocumentType="0005" Fob="" HasChainedChild="N"
    HasChainedParent="N" IncrementBuyerSupply="Y"
    IncrementSellerSupply="N" Lockid="0" Modifyprogid="XMLMigrator"
    Modifyts="2020-02-19T13:27:21+00:00" Modifyuserid="SYSTEM"
    ProcessTypeKey="PO_FULFILLMENT" SellerDemandType=""
    SellerSupplyType="" Status="3950" StatusInventoryID="DEFAULT"
    StatusInventoryTypesKey="0005_3950" SystemDefined="Y"/>
<StatusInventoryTypes BuyerSupplyType="ONHAND"
    Createprogid="XMLMigrator" Createts="2020-02-19T13:27:21+00:00"
    Createuserid="SYSTEM" DocumentType="0005" Fob="" HasChainedChild="N"
    HasChainedParent="N" IncrementBuyerSupply="Y"
    IncrementSellerSupply="N" Lockid="0" Modifyprogid="XMLMigrator"
    Modifyts="2020-02-19T13:27:21+00:00" Modifyuserid="SYSTEM"
    ProcessTypeKey="PO_FULFILLMENT" SellerDemandType=""
    SellerSupplyType="" Status="3950" StatusInventoryID="PROCURE"
    StatusInventoryTypesKey="0005_3950_PROC" SystemDefined="Y"/>
<StatusInventoryTypes BuyerSupplyType="" Createprogid="XMLMigrator"
    Createts="2020-02-19T13:27:21+00:00" Createuserid="SYSTEM"
    DocumentType="0005" Fob="" HasChainedChild="N" HasChainedParent="N"
    IncrementBuyerSupply="N" IncrementSellerSupply="N" Lockid="0"
    Modifyprogid="XMLMigrator" Modifyts="2020-02-19T13:27:21+00:00"
    Modifyuserid="SYSTEM" ProcessTypeKey="PO_FULFILLMENT"
    SellerDemandType="" SellerSupplyType="ONHAND" Status="9000"
    StatusInventoryID="DEFAULT" StatusInventoryTypesKey="0005_9000" SystemDefined="Y"/>
<StatusInventoryTypes BuyerSupplyType="" Createprogid="XMLMigrator"
    Createts="2020-02-19T13:27:21+00:00" Createuserid="SYSTEM"
    DocumentType="0005" Fob="" HasChainedChild="N" HasChainedParent="N"
    IncrementBuyerSupply="N" IncrementSellerSupply="N" Lockid="0"
    Modifyprogid="XMLMigrator" Modifyts="2020-02-19T13:27:21+00:00"
    Modifyuserid="SYSTEM" ProcessTypeKey="PO_FULFILLMENT"
    SellerDemandType="" SellerSupplyType="ONHAND" Status="9000"
    StatusInventoryID="PROCURE" StatusInventoryTypesKey="0005_9000_PROC" SystemDefined="Y"/>
<StatusInventoryTypes BuyerSupplyType="PO_PLACED"
    Createprogid="XMLMigrator" Createts="2020-02-19T13:27:21+00:00"
    Createuserid="SYSTEM" DocumentType="0006" Fob="" HasChainedChild="N"
    HasChainedParent="N" IncrementBuyerSupply="N"
    IncrementSellerSupply="N" Lockid="0" Modifyprogid="XMLMigrator"
    Modifyts="2020-02-19T13:27:21+00:00" Modifyuserid="SYSTEM"
    ProcessTypeKey="20030708142438541" SellerDemandType="OPEN_ORDER"
    SellerSupplyType="ONHAND" Status="1100" StatusInventoryID="PROCURE"
    StatusInventoryTypesKey="0006_1100_PROC" SystemDefined="Y"/>
<StatusInventoryTypes BuyerSupplyType="PO_PLACED"
    Createprogid="XMLMigrator" Createts="2020-02-19T13:27:21+00:00"
    Createuserid="SYSTEM" DocumentType="0006" Fob="" HasChainedChild="N"
    HasChainedParent="N" IncrementBuyerSupply="N"
    IncrementSellerSupply="N" Lockid="0" Modifyprogid="XMLMigrator"
    Modifyts="2020-02-19T13:27:21+00:00" Modifyuserid="SYSTEM"
    ProcessTypeKey="20030708142438541" SellerDemandType="RSRV_ORDER"
    SellerSupplyType="ONHAND" Status="1200" StatusInventoryID="PROCURE"
    StatusInventoryTypesKey="0006_1200_PROC" SystemDefined="Y"/>
<StatusInventoryTypes BuyerSupplyType="PO_PLACED"
    Createprogid="XMLMigrator" Createts="2020-02-19T13:27:21+00:00"
    Createuserid="SYSTEM" DocumentType="0006" Fob="" HasChainedChild="N"
    HasChainedParent="N" IncrementBuyerSupply="N"
    IncrementSellerSupply="N" Lockid="0" Modifyprogid="XMLMigrator"
    Modifyts="2020-02-19T13:27:21+00:00" Modifyuserid="SYSTEM"
    ProcessTypeKey="20030708142438541" SellerDemandType="OPEN_ORDER"
    SellerSupplyType="ONHAND" Status="1230" StatusInventoryID="PROCURE"
    StatusInventoryTypesKey="0006_1230_PROC" SystemDefined="Y"/>
<StatusInventoryTypes BuyerSupplyType="PO_PLACED"
    Createprogid="XMLMigrator" Createts="2020-02-19T13:27:21+00:00"
    Createuserid="SYSTEM" DocumentType="0006" Fob="" HasChainedChild="N"
    HasChainedParent="N" IncrementBuyerSupply="N"
    IncrementSellerSupply="N" Lockid="0" Modifyprogid="XMLMigrator"
    Modifyts="2020-02-19T13:27:21+00:00" Modifyuserid="SYSTEM"
    ProcessTypeKey="20030708142438541" SellerDemandType="OPEN_ORDER"
    SellerSupplyType="ONHAND" Status="1260" StatusInventoryID="PROCURE"
    StatusInventoryTypesKey="0006_1260_PROC" SystemDefined="Y"/>
<StatusInventoryTypes BuyerSupplyType="PO_BACKORDER"
    Createprogid="XMLMigrator" Createts="2020-02-19T13:27:21+00:00"
    Createuserid="SYSTEM" DocumentType="0006" Fob="" HasChainedChild="N"
    HasChainedParent="N" IncrementBuyerSupply="N"
    IncrementSellerSupply="N" Lockid="0" Modifyprogid="XMLMigrator"
    Modifyts="2020-02-19T13:27:21+00:00" Modifyuserid="SYSTEM"
    ProcessTypeKey="20030708142438541" SellerDemandType="BACKORDER"
    SellerSupplyType="ONHAND" Status="1300" StatusInventoryID="PROCURE"
    StatusInventoryTypesKey="0006_1300_PROC" SystemDefined="Y"/>
<StatusInventoryTypes BuyerSupplyType="PO_BACKORDER"
    Createprogid="XMLMigrator" Createts="2020-02-19T13:27:21+00:00"
    Createuserid="SYSTEM" DocumentType="0006" Fob="" HasChainedChild="N"
    HasChainedParent="N" IncrementBuyerSupply="Y"
    IncrementSellerSupply="N" Lockid="0" Modifyprogid="XMLMigrator"
    Modifyts="2020-02-19T13:27:21+00:00" Modifyuserid="SYSTEM"
    ProcessTypeKey="20030708142438541" SellerDemandType="BACKORDER"
    SellerSupplyType="ONHAND" Status="1310" StatusInventoryID="PROCURE"
    StatusInventoryTypesKey="0006_1310_PROC" SystemDefined="Y"/>
<StatusInventoryTypes BuyerSupplyType="PO_SCHEDULED"
    Createprogid="XMLMigrator" Createts="2020-02-19T13:27:21+00:00"
    Createuserid="SYSTEM" DocumentType="0006" Fob="" HasChainedChild="N"
    HasChainedParent="N" IncrementBuyerSupply="Y"
    IncrementSellerSupply="N" Lockid="0" Modifyprogid="XMLMigrator"
    Modifyts="2020-02-19T13:27:21+00:00" Modifyuserid="SYSTEM"
    ProcessTypeKey="20030708142438541" SellerDemandType="SCHEDULED"
    SellerSupplyType="ONHAND" Status="1500" StatusInventoryID="PROCURE"
    StatusInventoryTypesKey="0006_1500_PROC" SystemDefined="Y"/>
<StatusInventoryTypes BuyerSupplyType="PO_RELEASED"
    Createprogid="XMLMigrator" Createts="2020-02-19T13:27:21+00:00"
    Createuserid="SYSTEM" DocumentType="0006" Fob="" HasChainedChild="N"
    HasChainedParent="N" IncrementBuyerSupply="Y"
    IncrementSellerSupply="N" Lockid="0" Modifyprogid="XMLMigrator"
    Modifyts="2020-02-19T13:27:21+00:00" Modifyuserid="SYSTEM"
    ProcessTypeKey="20030708142438541" SellerDemandType="RSRV_ORDER"
    SellerSupplyType="ONHAND" Status="1600" StatusInventoryID="PROCURE"
    StatusInventoryTypesKey="0006_1600_PROC" SystemDefined="Y"/>
<StatusInventoryTypes BuyerSupplyType="PO_RELEASED"
    Createprogid="XMLMigrator" Createts="2020-02-19T13:27:21+00:00"
    Createuserid="SYSTEM" DocumentType="0006" Fob="" HasChainedChild="N"
    HasChainedParent="N" IncrementBuyerSupply="Y"
    IncrementSellerSupply="N" Lockid="0" Modifyprogid="XMLMigrator"
    Modifyts="2020-02-19T13:27:21+00:00" Modifyuserid="SYSTEM"
    ProcessTypeKey="20030708142438541" SellerDemandType="ALLOCATED"
    SellerSupplyType="ONHAND" Status="2100" StatusInventoryID="PROCURE"
    StatusInventoryTypesKey="0006_2100_PROC" SystemDefined="Y"/>
<StatusInventoryTypes BuyerSupplyType="PO_RELEASED"
    Createprogid="XMLMigrator" Createts="2020-02-19T13:27:21+00:00"
    Createuserid="SYSTEM" DocumentType="0006" Fob="" HasChainedChild="N"
    HasChainedParent="N" IncrementBuyerSupply="N"
    IncrementSellerSupply="N" Lockid="0" Modifyprogid="XMLMigrator"
    Modifyts="2020-02-19T13:27:21+00:00" Modifyuserid="SYSTEM"
    ProcessTypeKey="20030708142438541" SellerDemandType="ALLOCATED"
    SellerSupplyType="ONHAND" Status="3200" StatusInventoryID="PROCURE"
    StatusInventoryTypesKey="0006_3200_PROC" SystemDefined="Y"/>
<StatusInventoryTypes BuyerSupplyType="PO_RELEASED"
    Createprogid="XMLMigrator" Createts="2020-02-19T13:27:21+00:00"
    Createuserid="SYSTEM" DocumentType="0006" Fob="" HasChainedChild="N"
    HasChainedParent="N" IncrementBuyerSupply="N"
    IncrementSellerSupply="N" Lockid="0" Modifyprogid="XMLMigrator"
    Modifyts="2020-02-19T13:27:21+00:00" Modifyuserid="SYSTEM"
    ProcessTypeKey="20030708142438541" SellerDemandType="ALLOCATED"
    SellerSupplyType="ONHAND" Status="3300" StatusInventoryID="PROCURE"
    StatusInventoryTypesKey="0006_3300_PROC" SystemDefined="Y"/>
<StatusInventoryTypes BuyerSupplyType="PO_RELEASED"
    Createprogid="XMLMigrator" Createts="2020-02-19T13:27:21+00:00"
    Createuserid="SYSTEM" DocumentType="0006" Fob="" HasChainedChild="N"
    HasChainedParent="N" IncrementBuyerSupply="N"
    IncrementSellerSupply="N" Lockid="0" Modifyprogid="XMLMigrator"
    Modifyts="2020-02-19T13:27:21+00:00" Modifyuserid="SYSTEM"
    ProcessTypeKey="20030708142438541" SellerDemandType="ALLOCATED"
    SellerSupplyType="ONHAND" Status="3350" StatusInventoryID="PROCURE"
    StatusInventoryTypesKey="0006_3350_PROC" SystemDefined="Y"/>
<StatusInventoryTypes BuyerSupplyType="INTRANSIT"
    Createprogid="XMLMigrator" Createts="2020-02-19T13:27:21+00:00"
    Createuserid="SYSTEM" DocumentType="0006" Fob="" HasChainedChild="N"
    HasChainedParent="N" IncrementBuyerSupply="N"
    IncrementSellerSupply="Y" Lockid="0" Modifyprogid="XMLMigrator"
    Modifyts="2020-02-19T13:27:21+00:00" Modifyuserid="SYSTEM"
    ProcessTypeKey="20030708142438541" SellerDemandType=""
    SellerSupplyType="" Status="3700" StatusInventoryID="PROCURE"
    StatusInventoryTypesKey="0006_3700_PROC" SystemDefined="Y"/>
<StatusInventoryTypes BuyerSupplyType="" Createprogid="XMLMigrator"
    Createts="2020-02-19T13:27:21+00:00" Createuserid="SYSTEM"
    DocumentType="0006" Fob="" HasChainedChild="N" HasChainedParent="N"
    IncrementBuyerSupply="Y" IncrementSellerSupply="N" Lockid="0"
    Modifyprogid="XMLMigrator" Modifyts="2020-02-19T13:27:21+00:00"
    Modifyuserid="SYSTEM" ProcessTypeKey="20030708142438541"
    SellerDemandType="" SellerSupplyType="" Status="3780"
    StatusInventoryID="DEFAULT" StatusInventoryTypesKey="0006_3780" SystemDefined="Y"/>
<StatusInventoryTypes BuyerSupplyType="" Createprogid="XMLMigrator"
    Createts="2020-02-19T13:27:21+00:00" Createuserid="SYSTEM"
    DocumentType="0006" Fob="" HasChainedChild="N" HasChainedParent="N"
    IncrementBuyerSupply="Y" IncrementSellerSupply="N" Lockid="0"
    Modifyprogid="XMLMigrator" Modifyts="2020-02-19T13:27:21+00:00"
    Modifyuserid="SYSTEM" ProcessTypeKey="20030708142438541"
    SellerDemandType="" SellerSupplyType="" Status="3780"
    StatusInventoryID="PROCURE" StatusInventoryTypesKey="0006_3780_PROC" SystemDefined="Y"/>
<StatusInventoryTypes BuyerSupplyType="ONHAND"
    Createprogid="XMLMigrator" Createts="2020-02-19T13:27:21+00:00"
    Createuserid="SYSTEM" DocumentType="0006" Fob="" HasChainedChild="N"
    HasChainedParent="N" IncrementBuyerSupply="Y"
    IncrementSellerSupply="N" Lockid="0" Modifyprogid="XMLMigrator"
    Modifyts="2020-02-19T13:27:21+00:00" Modifyuserid="SYSTEM"
    ProcessTypeKey="20030708142438541" SellerDemandType=""
    SellerSupplyType="" Status="3900" StatusInventoryID="PROCURE"
    StatusInventoryTypesKey="0006_3900_PROC" SystemDefined="Y"/>
<StatusInventoryTypes BuyerSupplyType="ONHAND"
    Createprogid="XMLMigrator" Createts="2020-02-19T13:27:21+00:00"
    Createuserid="SYSTEM" DocumentType="0006" Fob="" HasChainedChild="N"
    HasChainedParent="N" IncrementBuyerSupply="Y"
    IncrementSellerSupply="N" Lockid="0" Modifyprogid="XMLMigrator"
    Modifyts="2020-02-19T13:27:21+00:00" Modifyuserid="SYSTEM"
    ProcessTypeKey="20030708142438541" SellerDemandType=""
    SellerSupplyType="" Status="3950" StatusInventoryID="PROCURE"
    StatusInventoryTypesKey="0006_3950_PROC" SystemDefined="Y"/>
<StatusInventoryTypes BuyerSupplyType="" Createprogid="XMLMigrator"
    Createts="2020-02-19T13:27:21+00:00" Createuserid="SYSTEM"
    DocumentType="0006" Fob="" HasChainedChild="N" HasChainedParent="N"
    IncrementBuyerSupply="N" IncrementSellerSupply="N" Lockid="0"
    Modifyprogid="XMLMigrator" Modifyts="2020-02-19T13:27:21+00:00"
    Modifyuserid="SYSTEM" ProcessTypeKey="20030708142438541"
    SellerDemandType="" SellerSupplyType="ONHAND" Status="9000"
    StatusInventoryID="PROCURE" StatusInventoryTypesKey="0006_9000_PROC" SystemDefined="Y"/>
<StatusInventoryTypes BuyerSupplyType="PO_PLACED"
    Createprogid="XMLMigrator" Createts="2020-02-19T13:27:21+00:00"
    Createuserid="SYSTEM" DocumentType="0006" Fob="" HasChainedChild="N"
    HasChainedParent="N" IncrementBuyerSupply="N"
    IncrementSellerSupply="N" Lockid="0" Modifyprogid="XMLMigrator"
    Modifyts="2020-02-19T13:27:21+00:00" Modifyuserid="SYSTEM"
    ProcessTypeKey="20030708142438541" SellerDemandType="OPEN_ORDER"
    SellerSupplyType="ONHAND" Status="1100" StatusInventoryID="DEFAULT"
    StatusInventoryTypesKey="20030708142439572" SystemDefined="Y"/>
<StatusInventoryTypes BuyerSupplyType="PO_PLACED"
    Createprogid="XMLMigrator" Createts="2020-02-19T13:27:21+00:00"
    Createuserid="SYSTEM" DocumentType="0006" Fob="" HasChainedChild="N"
    HasChainedParent="N" IncrementBuyerSupply="N"
    IncrementSellerSupply="N" Lockid="0" Modifyprogid="XMLMigrator"
    Modifyts="2020-02-19T13:27:21+00:00" Modifyuserid="SYSTEM"
    ProcessTypeKey="20030708142438541" SellerDemandType="RSRV_ORDER"
    SellerSupplyType="ONHAND" Status="1200" StatusInventoryID="DEFAULT"
    StatusInventoryTypesKey="20030708142439573" SystemDefined="Y"/>
<StatusInventoryTypes BuyerSupplyType="PO_PLACED"
    Createprogid="XMLMigrator" Createts="2020-02-19T13:27:21+00:00"
    Createuserid="SYSTEM" DocumentType="0006" Fob="" HasChainedChild="N"
    HasChainedParent="N" IncrementBuyerSupply="N"
    IncrementSellerSupply="N" Lockid="0" Modifyprogid="XMLMigrator"
    Modifyts="2020-02-19T13:27:21+00:00" Modifyuserid="SYSTEM"
    ProcessTypeKey="20030708142438541" SellerDemandType="OPEN_ORDER"
    SellerSupplyType="ONHAND" Status="1230" StatusInventoryID="DEFAULT"
    StatusInventoryTypesKey="20030708142439574" SystemDefined="Y"/>
<StatusInventoryTypes BuyerSupplyType="PO_PLACED"
    Createprogid="XMLMigrator" Createts="2020-02-19T13:27:21+00:00"
    Createuserid="SYSTEM" DocumentType="0006" Fob="" HasChainedChild="N"
    HasChainedParent="N" IncrementBuyerSupply="N"
    IncrementSellerSupply="N" Lockid="0" Modifyprogid="XMLMigrator"
    Modifyts="2020-02-19T13:27:21+00:00" Modifyuserid="SYSTEM"
    ProcessTypeKey="20030708142438541" SellerDemandType="OPEN_ORDER"
    SellerSupplyType="ONHAND" Status="1260" StatusInventoryID="DEFAULT"
    StatusInventoryTypesKey="20030708142439575" SystemDefined="Y"/>
<StatusInventoryTypes BuyerSupplyType="PO_BACKORDER"
    Createprogid="XMLMigrator" Createts="2020-02-19T13:27:21+00:00"
    Createuserid="SYSTEM" DocumentType="0006" Fob="" HasChainedChild="N"
    HasChainedParent="N" IncrementBuyerSupply="N"
    IncrementSellerSupply="N" Lockid="0" Modifyprogid="XMLMigrator"
    Modifyts="2020-02-19T13:27:21+00:00" Modifyuserid="SYSTEM"
    ProcessTypeKey="20030708142438541" SellerDemandType="BACKORDER"
    SellerSupplyType="ONHAND" Status="1300" StatusInventoryID="DEFAULT"
    StatusInventoryTypesKey="20030708142439576" SystemDefined="Y"/>
<StatusInventoryTypes BuyerSupplyType="PO_BACKORDER"
    Createprogid="XMLMigrator" Createts="2020-02-19T13:27:21+00:00"
    Createuserid="SYSTEM" DocumentType="0006" Fob="" HasChainedChild="N"
    HasChainedParent="N" IncrementBuyerSupply="Y"
    IncrementSellerSupply="N" Lockid="0" Modifyprogid="XMLMigrator"
    Modifyts="2020-02-19T13:27:21+00:00" Modifyuserid="SYSTEM"
    ProcessTypeKey="20030708142438541" SellerDemandType="BACKORDER"
    SellerSupplyType="ONHAND" Status="1310" StatusInventoryID="DEFAULT"
    StatusInventoryTypesKey="20030708142439577" SystemDefined="Y"/>
<StatusInventoryTypes BuyerSupplyType="PO_SCHEDULED"
    Createprogid="XMLMigrator" Createts="2020-02-19T13:27:21+00:00"
    Createuserid="SYSTEM" DocumentType="0006" Fob="" HasChainedChild="N"
    HasChainedParent="N" IncrementBuyerSupply="Y"
    IncrementSellerSupply="N" Lockid="0" Modifyprogid="XMLMigrator"
    Modifyts="2020-02-19T13:27:21+00:00" Modifyuserid="SYSTEM"
    ProcessTypeKey="20030708142438541" SellerDemandType="SCHEDULED"
    SellerSupplyType="ONHAND" Status="1500" StatusInventoryID="DEFAULT"
    StatusInventoryTypesKey="20030708142439578" SystemDefined="Y"/>
<StatusInventoryTypes BuyerSupplyType="PO_RELEASED"
    Createprogid="XMLMigrator" Createts="2020-02-19T13:27:21+00:00"
    Createuserid="SYSTEM" DocumentType="0006" Fob="" HasChainedChild="N"
    HasChainedParent="N" IncrementBuyerSupply="Y"
    IncrementSellerSupply="N" Lockid="0" Modifyprogid="XMLMigrator"
    Modifyts="2020-02-19T13:27:21+00:00" Modifyuserid="SYSTEM"
    ProcessTypeKey="20030708142438541" SellerDemandType="RSRV_ORDER"
    SellerSupplyType="ONHAND" Status="1600" StatusInventoryID="DEFAULT"
    StatusInventoryTypesKey="20030708142439579" SystemDefined="Y"/>
<StatusInventoryTypes BuyerSupplyType="PO_RELEASED"
    Createprogid="XMLMigrator" Createts="2020-02-19T13:27:21+00:00"
    Createuserid="SYSTEM" DocumentType="0006" Fob="" HasChainedChild="N"
    HasChainedParent="N" IncrementBuyerSupply="Y"
    IncrementSellerSupply="N" Lockid="0" Modifyprogid="XMLMigrator"
    Modifyts="2020-02-19T13:27:21+00:00" Modifyuserid="SYSTEM"
    ProcessTypeKey="20030708142438541" SellerDemandType="ALLOCATED"
    SellerSupplyType="ONHAND" Status="2100" StatusInventoryID="DEFAULT"
    StatusInventoryTypesKey="20030708142439580" SystemDefined="Y"/>
<StatusInventoryTypes BuyerSupplyType="PO_RELEASED"
    Createprogid="XMLMigrator" Createts="2020-02-19T13:27:21+00:00"
    Createuserid="SYSTEM" DocumentType="0006" Fob="" HasChainedChild="N"
    HasChainedParent="N" IncrementBuyerSupply="N"
    IncrementSellerSupply="N" Lockid="0" Modifyprogid="XMLMigrator"
    Modifyts="2020-02-19T13:27:21+00:00" Modifyuserid="SYSTEM"
    ProcessTypeKey="20030708142438541" SellerDemandType="ALLOCATED"
    SellerSupplyType="ONHAND" Status="3200" StatusInventoryID="DEFAULT"
    StatusInventoryTypesKey="20030708142439581" SystemDefined="Y"/>
<StatusInventoryTypes BuyerSupplyType="PO_RELEASED"
    Createprogid="XMLMigrator" Createts="2020-02-19T13:27:21+00:00"
    Createuserid="SYSTEM" DocumentType="0006" Fob="" HasChainedChild="N"
    HasChainedParent="N" IncrementBuyerSupply="N"
    IncrementSellerSupply="N" Lockid="0" Modifyprogid="XMLMigrator"
    Modifyts="2020-02-19T13:27:21+00:00" Modifyuserid="SYSTEM"
    ProcessTypeKey="20030708142438541" SellerDemandType="ALLOCATED"
    SellerSupplyType="ONHAND" Status="3300" StatusInventoryID="DEFAULT"
    StatusInventoryTypesKey="20030708142439582" SystemDefined="Y"/>
<StatusInventoryTypes BuyerSupplyType="PO_RELEASED"
    Createprogid="XMLMigrator" Createts="2020-02-19T13:27:21+00:00"
    Createuserid="SYSTEM" DocumentType="0006" Fob="" HasChainedChild="N"
    HasChainedParent="N" IncrementBuyerSupply="N"
    IncrementSellerSupply="N" Lockid="0" Modifyprogid="XMLMigrator"
    Modifyts="2020-02-19T13:27:21+00:00" Modifyuserid="SYSTEM"
    ProcessTypeKey="20030708142438541" SellerDemandType="ALLOCATED"
    SellerSupplyType="ONHAND" Status="3350" StatusInventoryID="DEFAULT"
    StatusInventoryTypesKey="20030708142439583" SystemDefined="Y"/>
<StatusInventoryTypes BuyerSupplyType="INTRANSIT"
    Createprogid="XMLMigrator" Createts="2020-02-19T13:27:21+00:00"
    Createuserid="SYSTEM" DocumentType="0006" Fob="" HasChainedChild="N"
    HasChainedParent="N" IncrementBuyerSupply="N"
    IncrementSellerSupply="Y" Lockid="0" Modifyprogid="XMLMigrator"
    Modifyts="2020-02-19T13:27:21+00:00" Modifyuserid="SYSTEM"
    ProcessTypeKey="20030708142438541" SellerDemandType=""
    SellerSupplyType="" Status="3700" StatusInventoryID="DEFAULT"
    StatusInventoryTypesKey="20030708142439584" SystemDefined="Y"/>
<StatusInventoryTypes BuyerSupplyType="ONHAND"
    Createprogid="XMLMigrator" Createts="2020-02-19T13:27:21+00:00"
    Createuserid="SYSTEM" DocumentType="0006" Fob="" HasChainedChild="N"
    HasChainedParent="N" IncrementBuyerSupply="Y"
    IncrementSellerSupply="N" Lockid="0" Modifyprogid="XMLMigrator"
    Modifyts="2020-02-19T13:27:21+00:00" Modifyuserid="SYSTEM"
    ProcessTypeKey="20030708142438541" SellerDemandType=""
    SellerSupplyType="" Status="3900" StatusInventoryID="DEFAULT"
    StatusInventoryTypesKey="20030708142439585" SystemDefined="Y"/>
<StatusInventoryTypes BuyerSupplyType="" Createprogid="XMLMigrator"
    Createts="2020-02-19T13:27:21+00:00" Createuserid="SYSTEM"
    DocumentType="0006" Fob="" HasChainedChild="N" HasChainedParent="N"
    IncrementBuyerSupply="N" IncrementSellerSupply="N" Lockid="0"
    Modifyprogid="XMLMigrator" Modifyts="2020-02-19T13:27:21+00:00"
    Modifyuserid="SYSTEM" ProcessTypeKey="20030708142438541"
    SellerDemandType="" SellerSupplyType="ONHAND" Status="9000"
    StatusInventoryID="DEFAULT"
    StatusInventoryTypesKey="20030708142439586" SystemDefined="Y"/>
<StatusInventoryTypes BuyerSupplyType="ONHAND"
    Createprogid="XMLMigrator" Createts="2020-02-19T13:27:21+00:00"
    Createuserid="SYSTEM" DocumentType="0006" Fob="" HasChainedChild="N"
    HasChainedParent="N" IncrementBuyerSupply="Y"
    IncrementSellerSupply="N" Lockid="0" Modifyprogid="XMLMigrator"
    Modifyts="2020-02-19T13:27:21+00:00" Modifyuserid="SYSTEM"
    ProcessTypeKey="20030708142438541" SellerDemandType=""
    SellerSupplyType="" Status="3950" StatusInventoryID="DEFAULT"
    StatusInventoryTypesKey="2004092411171120279" SystemDefined="Y"/>
<StatusInventoryTypes BuyerSupplyType="" Createprogid="XMLMigrator"
    Createts="2020-02-19T13:31:34+00:00" Createuserid="SYSTEM"
    DocumentType="0001" Fob="" HasChainedChild="N" HasChainedParent="N"
    IncrementBuyerSupply="" IncrementSellerSupply="Y" Lockid="0"
    Modifyprogid="XMLMigrator" Modifyts="2020-02-19T13:31:34+00:00"
    Modifyuserid="SYSTEM" ProcessTypeKey="ORDER_FULFILLMENT"
    SellerDemandType="" SellerSupplyType="" Status="1100.7777"
    StatusInventoryID="DEFAULT"
    StatusInventoryTypesKey="20150818123950154794" SystemDefined="N"/>
<StatusInventoryTypes BuyerSupplyType="" Createprogid="XMLMigrator"
    Createts="2020-02-19T13:31:34+00:00" Createuserid="SYSTEM"
    DocumentType="0001" Fob="" HasChainedChild="N" HasChainedParent="N"
    IncrementBuyerSupply="" IncrementSellerSupply="N" Lockid="0"
    Modifyprogid="XMLMigrator" Modifyts="2020-02-19T13:31:34+00:00"
    Modifyuserid="SYSTEM" ProcessTypeKey="ORDER_FULFILLMENT"
    SellerDemandType="" SellerSupplyType="ONHAND" Status="1000"
    StatusInventoryID="DEFAULT"
    StatusInventoryTypesKey="20151016135939159684" SystemDefined="N"/>
</YFS_STATUS_INVENTORY_TYPESList>