<?xml version="1.0" encoding="UTF-8"?>
<YFS_BASE_ACTIVITY_GROUPList TableName="YFS_BASE_ACTIVITY_GROUP" TotalNumberOfRecords="15">
<BaseActivityGroup ActivityGroupId="CART_BUILD"
    ActivityGroupName="Cart Build" AllocType=""
    BaseActivityGroupColor="navy" BaseActivityGroupKey="CART_BUILD"
    BaseProcessType="OUTBOUND_PICKING" Createprogid="XMLMigrator"
    Createts="2020-02-19T13:30:25+00:00" Createuserid="SYSTEM"
    Lockid="0" Modifyprogid="XMLMigrator"
    Modifyts="2020-02-19T13:30:25+00:00" Modifyuserid="SYSTEM" MultiLocation="N"/>
<BaseActivityGroup ActivityGroupId="COUNT" ActivityGroupName="Count"
    AllocType="" BaseActivityGroupColor="magenta"
    BaseActivityGroupKey="COUNT" BaseProcessType="COUNT_EXECUTION"
    Createprogid="XMLMigrator" Createts="2020-02-19T13:30:25+00:00"
    Createuserid="SYSTEM" Lockid="0" Modifyprogid="XMLMigrator"
    Modifyts="2020-02-19T13:30:25+00:00" Modifyuserid="SYSTEM" MultiLocation="N"/>
<BaseActivityGroup ActivityGroupId="INSPECTION"
    ActivityGroupName="Inspection" AllocType=""
    BaseActivityGroupColor="gray" BaseActivityGroupKey="INSPECTION"
    BaseProcessType="RECEIPT" Createprogid="XMLMigrator"
    Createts="2020-02-19T13:28:21+00:00" Createuserid="SYSTEM"
    Lockid="0" Modifyprogid="XMLMigrator"
    Modifyts="2020-02-19T13:28:21+00:00" Modifyuserid="SYSTEM" MultiLocation="N"/>
<BaseActivityGroup ActivityGroupId="INVENTORY_SORTING"
    ActivityGroupName="Inventory Sorting" AllocType=""
    BaseActivityGroupColor="" BaseActivityGroupKey="INVENTORY_SORTING"
    BaseProcessType="INVENTORY_SORTING" Createprogid="XMLMigrator"
    Createts="2020-02-19T13:30:25+00:00" Createuserid="SYSTEM"
    Lockid="0" Modifyprogid="XMLMigrator"
    Modifyts="2020-02-19T13:30:25+00:00" Modifyuserid="SYSTEM" MultiLocation="N"/>
<BaseActivityGroup ActivityGroupId="OUTBOUND_PICKING"
    ActivityGroupName="Outbound Picking" AllocType="HARD"
    BaseActivityGroupColor="orange"
    BaseActivityGroupKey="OUTBOUND_PICKING"
    BaseProcessType="OUTBOUND_PICKING" Createprogid="XMLMigrator"
    Createts="2020-02-19T13:30:25+00:00" Createuserid="SYSTEM"
    Lockid="0" Modifyprogid="XMLMigrator"
    Modifyts="2020-02-19T13:30:25+00:00" Modifyuserid="SYSTEM" MultiLocation="Y"/>
<BaseActivityGroup ActivityGroupId="OUTBOUND_INVENTORY_CONTAINER_BUILD"
    ActivityGroupName="Outbound Inventory Container Build" AllocType=""
    BaseActivityGroupColor="indigo"
    BaseActivityGroupKey="OUT_INV_CONTNR_BUILD" BaseProcessType="PACK"
    Createprogid="XMLMigrator" Createts="2020-02-19T13:30:25+00:00"
    Createuserid="SYSTEM" Lockid="0" Modifyprogid="XMLMigrator"
    Modifyts="2020-02-19T13:30:25+00:00" Modifyuserid="SYSTEM" MultiLocation="N"/>
<BaseActivityGroup ActivityGroupId="PACK" ActivityGroupName="Packing"
    AllocType="" BaseActivityGroupColor="pink"
    BaseActivityGroupKey="PACK" BaseProcessType="PACK"
    Createprogid="XMLMigrator" Createts="2020-02-19T13:28:21+00:00"
    Createuserid="SYSTEM" Lockid="0" Modifyprogid="XMLMigrator"
    Modifyts="2020-02-19T13:28:21+00:00" Modifyuserid="SYSTEM" MultiLocation="N"/>
<BaseActivityGroup ActivityGroupId="PUTAWAY" ActivityGroupName="Putaway"
    AllocType="HARD" BaseActivityGroupColor="green"
    BaseActivityGroupKey="PUTAWAY" BaseProcessType="GENERAL"
    Createprogid="XMLMigrator" Createts="2020-02-19T13:30:25+00:00"
    Createuserid="SYSTEM" Lockid="0" Modifyprogid="XMLMigrator"
    Modifyts="2020-02-19T13:30:25+00:00" Modifyuserid="SYSTEM" MultiLocation="Y"/>
<BaseActivityGroup ActivityGroupId="RECEIPT" ActivityGroupName="Receipt"
    AllocType="" BaseActivityGroupColor="cyan"
    BaseActivityGroupKey="RECEIPT" BaseProcessType="RECEIPT"
    Createprogid="XMLMigrator" Createts="2020-02-19T13:28:21+00:00"
    Createuserid="SYSTEM" Lockid="0" Modifyprogid="XMLMigrator"
    Modifyts="2020-02-19T13:28:21+00:00" Modifyuserid="SYSTEM" MultiLocation="N"/>
<BaseActivityGroup ActivityGroupId="REPLENISHMENT"
    ActivityGroupName="Replenishment" AllocType="HARD"
    BaseActivityGroupColor="yellow" BaseActivityGroupKey="REPLENISHMENT"
    BaseProcessType="GENERAL" Createprogid="XMLMigrator"
    Createts="2020-02-19T13:30:25+00:00" Createuserid="SYSTEM"
    Lockid="0" Modifyprogid="XMLMigrator"
    Modifyts="2020-02-19T13:30:25+00:00" Modifyuserid="SYSTEM" MultiLocation="Y"/>
<BaseActivityGroup ActivityGroupId="RETRIEVAL"
    ActivityGroupName="Retrieval" AllocType="HARD"
    BaseActivityGroupColor="blue" BaseActivityGroupKey="RETRIEVAL"
    BaseProcessType="GENERAL" Createprogid="XMLMigrator"
    Createts="2020-02-19T13:30:25+00:00" Createuserid="SYSTEM"
    Lockid="0" Modifyprogid="XMLMigrator"
    Modifyts="2020-02-19T13:30:25+00:00" Modifyuserid="SYSTEM" MultiLocation="Y"/>
<BaseActivityGroup ActivityGroupId="SHIP" ActivityGroupName="Shipping"
    AllocType="" BaseActivityGroupColor="salmon"
    BaseActivityGroupKey="SHIP" BaseProcessType="PACK"
    Createprogid="XMLMigrator" Createts="2020-02-19T13:28:21+00:00"
    Createuserid="SYSTEM" Lockid="0" Modifyprogid="XMLMigrator"
    Modifyts="2020-02-19T13:28:21+00:00" Modifyuserid="SYSTEM" MultiLocation="N"/>
<BaseActivityGroup ActivityGroupId="SHIPPING_CONTAINER_BUILD"
    ActivityGroupName="Shipping Container Build" AllocType=""
    BaseActivityGroupColor="aqua"
    BaseActivityGroupKey="SHIP_CONTNR_BUILD" BaseProcessType="PACK"
    Createprogid="XMLMigrator" Createts="2020-02-19T13:30:25+00:00"
    Createuserid="SYSTEM" Lockid="0" Modifyprogid="XMLMigrator"
    Modifyts="2020-02-19T13:30:25+00:00" Modifyuserid="SYSTEM" MultiLocation="N"/>
<BaseActivityGroup ActivityGroupId="TRANSPORTATION"
    ActivityGroupName="Transportation" AllocType=""
    BaseActivityGroupColor="ivory" BaseActivityGroupKey="TRANSPORTATION"
    BaseProcessType="PACK" Createprogid="XMLMigrator"
    Createts="2020-02-19T13:28:21+00:00" Createuserid="SYSTEM"
    Lockid="0" Modifyprogid="XMLMigrator"
    Modifyts="2020-02-19T13:28:21+00:00" Modifyuserid="SYSTEM" MultiLocation="N"/>
<BaseActivityGroup ActivityGroupId="VAS"
    ActivityGroupName="Value Added Services" AllocType=""
    BaseActivityGroupColor="violet" BaseActivityGroupKey="VAS"
    BaseProcessType="VAS" Createprogid="XMLMigrator"
    Createts="2020-02-19T13:28:21+00:00" Createuserid="SYSTEM"
    Lockid="0" Modifyprogid="XMLMigrator"
    Modifyts="2020-02-19T13:28:21+00:00" Modifyuserid="SYSTEM" MultiLocation="N"/>
</YFS_BASE_ACTIVITY_GROUPList>