<?xml version="1.0" encoding="UTF-8"?>
<YFS_COMPONENT_STATUSList TableName="YFS_COMPONENT_STATUS" TotalNumberOfRecords="9">
<ComponentStatus ComponentStatusKey="202002191327189111"
    Createprogid="XMLMigrator" Createts="2020-02-19T13:27:18+00:00"
    Createuserid="SYSTEM" Domain="Migrate" Lockid="0"
    Modifyprogid="XMLMigrator" Modifyts="2020-02-19T13:27:18+00:00"
    Modifyuserid="SYSTEM" Name="YFS_ITEM_NODE_VELOCITY" StartSync="N"
    SyncModifications="N" SyncStatus="NOT_STARTED"/>
<ComponentStatus ComponentStatusKey="202002191327189112"
    Createprogid="XMLMigrator" Createts="2020-02-19T13:27:18+00:00"
    Createuserid="SYSTEM" Domain="Migrate" Lockid="0"
    Modifyprogid="XMLMigrator" Modifyts="2020-02-19T13:27:18+00:00"
    Modifyuserid="SYSTEM" Name="YFS_INVENTORY_ITEM_NOD_COST"
    StartSync="N" SyncModifications="N" SyncStatus="NOT_STARTED"/>
<ComponentStatus ComponentStatusKey="202002191327189113"
    Createprogid="XMLMigrator" Createts="2020-02-19T13:27:18+00:00"
    Createuserid="SYSTEM" Domain="Migrate" Lockid="0"
    Modifyprogid="XMLMigrator" Modifyts="2020-02-19T13:27:18+00:00"
    Modifyuserid="SYSTEM" Name="YFS_INVENTORY_NODE_CONTROL"
    StartSync="N" SyncModifications="N" SyncStatus="NOT_STARTED"/>
<ComponentStatus ComponentStatusKey="202002191327189114"
    Createprogid="XMLMigrator" Createts="2020-02-19T13:27:18+00:00"
    Createuserid="SYSTEM" Domain="Migrate" Lockid="0"
    Modifyprogid="XMLMigrator" Modifyts="2020-02-19T13:27:18+00:00"
    Modifyuserid="SYSTEM" Name="YFS_INVENTORY_AUDIT" StartSync="N"
    SyncModifications="N" SyncStatus="NOT_STARTED"/>
<ComponentStatus ComponentStatusKey="202002191327189115"
    Createprogid="XMLMigrator" Createts="2020-02-19T13:27:18+00:00"
    Createuserid="SYSTEM" Domain="Migrate" Lockid="0"
    Modifyprogid="XMLMigrator" Modifyts="2020-02-19T13:27:18+00:00"
    Modifyuserid="SYSTEM" Name="YFS_INVENTORY_DEMAND" StartSync="N"
    SyncModifications="N" SyncStatus="NOT_STARTED"/>
<ComponentStatus ComponentStatusKey="202002191327189116"
    Createprogid="XMLMigrator" Createts="2020-02-19T13:27:18+00:00"
    Createuserid="SYSTEM" Domain="Migrate" Lockid="0"
    Modifyprogid="XMLMigrator" Modifyts="2020-02-19T13:27:18+00:00"
    Modifyuserid="SYSTEM" Name="YFS_INVENTORY_SUPPLY" StartSync="N"
    SyncModifications="N" SyncStatus="NOT_STARTED"/>
<ComponentStatus ComponentStatusKey="202002191327189117"
    Createprogid="XMLMigrator" Createts="2020-02-19T13:27:18+00:00"
    Createuserid="SYSTEM" Domain="Migrate" Lockid="0"
    Modifyprogid="XMLMigrator" Modifyts="2020-02-19T13:27:18+00:00"
    Modifyuserid="SYSTEM" Name="YFS_CAPACITY_AVAILABILITY" StartSync="N"
    SyncModifications="N" SyncStatus="NOT_STARTED"/>
<ComponentStatus ComponentStatusKey="202002191327189118"
    Createprogid="XMLMigrator" Createts="2020-02-19T13:27:18+00:00"
    Createuserid="SYSTEM" Domain="Migrate" Lockid="0"
    Modifyprogid="XMLMigrator" Modifyts="2020-02-19T13:27:18+00:00"
    Modifyuserid="SYSTEM" Name="YFS_INVENTORY_ALERT_DETAIL"
    StartSync="N" SyncModifications="N" SyncStatus="NOT_STARTED"/>
<ComponentStatus ComponentStatusKey="202002191327189119"
    Createprogid="XMLMigrator" Createts="2020-02-19T13:27:18+00:00"
    Createuserid="SYSTEM" Domain="Migrate" Lockid="0"
    Modifyprogid="XMLMigrator" Modifyts="2020-02-19T13:27:18+00:00"
    Modifyuserid="SYSTEM" Name="YFS_INVENTORY_ALERTS" StartSync="N"
    SyncModifications="N" SyncStatus="NOT_STARTED"/>
</YFS_COMPONENT_STATUSList>