<?xml version="1.0" encoding="UTF-8"?>
<YFS_PIPELINEList TableName="YFS_PIPELINE" TotalNumberOfRecords="42">
<Pipeline ActiveFlag="" Createprogid="XMLMigrator"
    Createts="2020-04-12T18:26:13+00:00" Createuserid="SYSTEM"
    Lockid="1" Modifyprogid=".YCPWFRepositoryAPI"
    Modifyts="2020-04-12T18:26:42+00:00"
    Modifyuserid="bharat_rajagopalan@uk.ibm.com" OwnerKey="DEFAULT"
    PipelineDescription="Sales Order Pipeline for Products"
    PipelineId="SO_PROD_PIPELINE" PipelineKey="2020041218261345490" ProcessTypeKey="ORDER_FULFILLMENT"/>
<Pipeline ActiveFlag="" Createprogid="XMLMigrator"
    Createts="2020-04-12T18:57:34+00:00" Createuserid="SYSTEM"
    Lockid="2" Modifyprogid=".YCPWFRepositoryAPI"
    Modifyts="2020-04-12T19:08:21+00:00"
    Modifyuserid="bharat_rajagopalan@uk.ibm.com" OwnerKey="DEFAULT"
    PipelineDescription="Sales Order Shipment Pipeline"
    PipelineId="OUTBOUND_SHIPMENT_PIPELINE"
    PipelineKey="2020041218573446805" ProcessTypeKey="ORDER_DELIVERY"/>
<Pipeline ActiveFlag="" Createprogid="XMLMigrator"
    Createts="2020-02-19T13:26:40+00:00" Createuserid="SYSTEM"
    Lockid="0" Modifyprogid="XMLMigrator"
    Modifyts="2020-02-19T13:26:40+00:00" Modifyuserid="SYSTEM"
    OwnerKey="DEFAULT"
    PipelineDescription="Consumer Returns Pipeline (9.5)"
    PipelineId="CONSUMER-RETURN-9.5" PipelineKey="CONSUMER-RETURN-9.5" ProcessTypeKey="RETURN_FULFILLMENT"/>
<Pipeline ActiveFlag="" Createprogid="XMLMigrator"
    Createts="2020-02-19T13:26:40+00:00" Createuserid="SYSTEM"
    Lockid="0" Modifyprogid="XMLMigrator"
    Modifyts="2020-02-19T13:26:40+00:00" Modifyuserid="SYSTEM"
    OwnerKey="DEFAULT" PipelineDescription="Pack Process (9.5)"
    PipelineId="CONTAINER-PACK-9.5" PipelineKey="CONTAINER-PACK-9.5" ProcessTypeKey="PACK"/>
<Pipeline ActiveFlag="" Createprogid="XMLMigrator"
    Createts="2020-02-19T13:26:40+00:00" Createuserid="SYSTEM"
    Lockid="0" Modifyprogid="XMLMigrator"
    Modifyts="2020-02-19T13:26:40+00:00" Modifyuserid="SYSTEM"
    OwnerKey="DEFAULT" PipelineDescription="DCS Integration (9.5)"
    PipelineId="DCS-INTEGRATION-9.5" PipelineKey="DCS-INTEGRATION-9.5" ProcessTypeKey="PO_FULFILLMENT"/>
<Pipeline ActiveFlag="" Createprogid="XMLMigrator"
    Createts="2020-02-19T13:26:40+00:00" Createuserid="SYSTEM"
    Lockid="0" Modifyprogid="XMLMigrator"
    Modifyts="2020-02-19T13:26:40+00:00" Modifyuserid="SYSTEM"
    OwnerKey="DEFAULT" PipelineDescription="Load Execution (9.5)"
    PipelineId="LOAD-DELIVERY-9.5" PipelineKey="LOAD-DELIVERY-9.5" ProcessTypeKey="LOAD_DELIVERY"/>
<Pipeline ActiveFlag="" Createprogid="XMLMigrator"
    Createts="2020-02-19T13:26:40+00:00" Createuserid="SYSTEM"
    Lockid="0" Modifyprogid="XMLMigrator"
    Modifyts="2020-02-19T13:26:40+00:00" Modifyuserid="SYSTEM"
    OwnerKey="DEFAULT"
    PipelineDescription="Master Order Fulfillment (9.5)"
    PipelineId="MASTER-ORDER-9.5" PipelineKey="MASTER-ORDER-9.5" ProcessTypeKey="MO_FULFILLMENT"/>
<Pipeline ActiveFlag="" Createprogid="XMLMigrator"
    Createts="2020-02-19T13:26:40+00:00" Createuserid="SYSTEM"
    Lockid="0" Modifyprogid="XMLMigrator"
    Modifyts="2020-02-19T13:26:40+00:00" Modifyuserid="SYSTEM"
    OwnerKey="DEFAULT"
    PipelineDescription="Opportunity Fulfillment (9.5)"
    PipelineId="OPPORTUNITY-9.5" PipelineKey="OPPORTUNITY-9.5" ProcessTypeKey="OPPORTUNITY_FULFILLMENT"/>
<Pipeline ActiveFlag="" Createprogid="XMLMigrator"
    Createts="2020-02-19T13:26:40+00:00" Createuserid="SYSTEM"
    Lockid="0" Modifyprogid="XMLMigrator"
    Modifyts="2020-02-19T13:26:40+00:00" Modifyuserid="SYSTEM"
    OwnerKey="DEFAULT" PipelineDescription="Order Negotiation (9.5)"
    PipelineId="ORDER-NEG-9.5" PipelineKey="ORDER-NEG-9.5" ProcessTypeKey="ORDER_NEGOTIATION"/>
<Pipeline ActiveFlag="" Createprogid="XMLMigrator"
    Createts="2020-02-19T13:30:08+00:00" Createuserid="SYSTEM"
    Lockid="0" Modifyprogid="XMLMigrator"
    Modifyts="2020-02-19T13:30:08+00:00" Modifyuserid="SYSTEM"
    OwnerKey="DEFAULT" PipelineDescription="Standard Pick Process (9.3)"
    PipelineId="PICK-PROCESS-9.3" PipelineKey="PICK-PROCESS-9.3" ProcessTypeKey="OUTBOUND_PICKING"/>
<Pipeline ActiveFlag="" Createprogid="XMLMigrator"
    Createts="2020-02-19T13:26:40+00:00" Createuserid="SYSTEM"
    Lockid="0" Modifyprogid="XMLMigrator"
    Modifyts="2020-02-19T13:26:40+00:00" Modifyuserid="SYSTEM"
    OwnerKey="DEFAULT"
    PipelineDescription="Planned Order Execution (9.5)"
    PipelineId="PLAN-9.5" PipelineKey="PLAN-9.5" ProcessTypeKey="PLAN_ORDER_FULFILLMENT"/>
<Pipeline ActiveFlag="" Createprogid="XMLMigrator"
    Createts="2020-02-19T13:26:40+00:00" Createuserid="SYSTEM"
    Lockid="0" Modifyprogid="XMLMigrator"
    Modifyts="2020-02-19T13:26:40+00:00" Modifyuserid="SYSTEM"
    OwnerKey="DEFAULT"
    PipelineDescription="Planned Order Negotiation (9.5)"
    PipelineId="PLAN-ORDER-NEG-9.5" PipelineKey="PLAN-ORDER-NEG-9.5" ProcessTypeKey="PLAN_ORDER_NEGOTIATION"/>
<Pipeline ActiveFlag="" Createprogid="XMLMigrator"
    Createts="2020-02-19T13:26:40+00:00" Createuserid="SYSTEM"
    Lockid="0" Modifyprogid="XMLMigrator"
    Modifyts="2020-02-19T13:26:40+00:00" Modifyuserid="SYSTEM"
    OwnerKey="DEFAULT"
    PipelineDescription="Purchase Order Negotiation (9.5)"
    PipelineId="PO-NEG-9.5" PipelineKey="PO-NEG-9.5" ProcessTypeKey="PO_NEGOTIATION"/>
<Pipeline ActiveFlag="" Createprogid="XMLMigrator"
    Createts="2020-02-19T13:26:40+00:00" Createuserid="SYSTEM"
    Lockid="0" Modifyprogid="XMLMigrator"
    Modifyts="2020-02-19T13:26:40+00:00" Modifyuserid="SYSTEM"
    OwnerKey="DEFAULT"
    PipelineDescription="Purchase Order Receipt (9.5)"
    PipelineId="PO-RECEIPT-9.5" PipelineKey="PO-RECEIPT-9.5" ProcessTypeKey="PO_RECEIPT"/>
<Pipeline ActiveFlag="" Createprogid="XMLMigrator"
    Createts="2020-02-19T13:26:40+00:00" Createuserid="SYSTEM"
    Lockid="0" Modifyprogid="XMLMigrator"
    Modifyts="2020-02-19T13:26:40+00:00" Modifyuserid="SYSTEM"
    OwnerKey="DEFAULT" PipelineDescription="Inbound Shipment (9.5)"
    PipelineId="PO-SHIPMENT-9.5" PipelineKey="PO-SHIPMENT-9.5" ProcessTypeKey="PO_SHIPMENT"/>
<Pipeline ActiveFlag="" Createprogid="XMLMigrator"
    Createts="2020-02-19T13:26:40+00:00" Createuserid="SYSTEM"
    Lockid="0" Modifyprogid="XMLMigrator"
    Modifyts="2020-02-19T13:26:40+00:00" Modifyuserid="SYSTEM"
    OwnerKey="DEFAULT"
    PipelineDescription="Drop Ship Purchase Order Execution (9.5)"
    PipelineId="PURCHASE-9.5" PipelineKey="PURCHASE-9.5" ProcessTypeKey="PO_FULFILLMENT"/>
<Pipeline ActiveFlag="" Createprogid="XMLMigrator"
    Createts="2020-02-19T13:26:40+00:00" Createuserid="SYSTEM"
    Lockid="0" Modifyprogid="XMLMigrator"
    Modifyts="2020-02-19T13:26:40+00:00" Modifyuserid="SYSTEM"
    OwnerKey="DEFAULT"
    PipelineDescription="Drop Ship Purchase Order Execution For Bundle Parent (9.5)"
    PipelineId="PURCHASE-BUNDLE-9.5" PipelineKey="PURCHASE-BUNDLE-9.5" ProcessTypeKey="PO_FULFILLMENT"/>
<Pipeline ActiveFlag="" Createprogid="XMLMigrator"
    Createts="2020-02-19T13:26:40+00:00" Createuserid="SYSTEM"
    Lockid="0" Modifyprogid="XMLMigrator"
    Modifyts="2020-02-19T13:26:40+00:00" Modifyuserid="SYSTEM"
    OwnerKey="DEFAULT" PipelineDescription="Quote Fulfillment (9.5)"
    PipelineId="QUOTE-9.5" PipelineKey="QUOTE-9.5" ProcessTypeKey="QUOTE_FULFILLMENT"/>
<Pipeline ActiveFlag="" Createprogid="XMLMigrator"
    Createts="2020-02-19T13:26:40+00:00" Createuserid="SYSTEM"
    Lockid="0" Modifyprogid="XMLMigrator"
    Modifyts="2020-02-19T13:26:40+00:00" Modifyuserid="SYSTEM"
    OwnerKey="DEFAULT"
    PipelineDescription="Reverse Logistics Pipeline (9.5)"
    PipelineId="RETURN-9.5" PipelineKey="RETURN-9.5" ProcessTypeKey="RETURN_FULFILLMENT"/>
<Pipeline ActiveFlag="" Createprogid="XMLMigrator"
    Createts="2020-02-19T13:26:40+00:00" Createuserid="SYSTEM"
    Lockid="0" Modifyprogid="XMLMigrator"
    Modifyts="2020-02-19T13:26:40+00:00" Modifyuserid="SYSTEM"
    OwnerKey="DEFAULT"
    PipelineDescription="Reverse Logistics Pipeline For Bundle Parent(9.5)"
    PipelineId="RETURN-BUNDLE-9.5" PipelineKey="RETURN-BUNDLE-9.5" ProcessTypeKey="RETURN_FULFILLMENT"/>
<Pipeline ActiveFlag="" Createprogid="XMLMigrator"
    Createts="2020-02-19T13:26:40+00:00" Createuserid="SYSTEM"
    Lockid="0" Modifyprogid="XMLMigrator"
    Modifyts="2020-02-19T13:26:40+00:00" Modifyuserid="SYSTEM"
    OwnerKey="DEFAULT" PipelineDescription="Returns Receipt (9.5)"
    PipelineId="RETURN-RECEIPT-9.5" PipelineKey="RETURN-RECEIPT-9.5" ProcessTypeKey="RETURN_RECEIPT"/>
<Pipeline ActiveFlag="" Createprogid="XMLMigrator"
    Createts="2020-02-19T13:26:40+00:00" Createuserid="SYSTEM"
    Lockid="0" Modifyprogid="XMLMigrator"
    Modifyts="2020-02-19T13:26:40+00:00" Modifyuserid="SYSTEM"
    OwnerKey="DEFAULT"
    PipelineDescription="Reverse Logistics Service Pipeline (9.5)"
    PipelineId="RETURN-SERVICE-9.5" PipelineKey="RETURN-SERVICE-9.5" ProcessTypeKey="RETURN_FULFILLMENT"/>
<Pipeline ActiveFlag="" Createprogid="XMLMigrator"
    Createts="2020-02-19T13:26:40+00:00" Createuserid="SYSTEM"
    Lockid="0" Modifyprogid="XMLMigrator"
    Modifyts="2020-02-19T13:26:40+00:00" Modifyuserid="SYSTEM"
    OwnerKey="DEFAULT" PipelineDescription="Returns Shipment (9.5)"
    PipelineId="RETURN-SHIPMENT-9.5" PipelineKey="RETURN-SHIPMENT-9.5" ProcessTypeKey="RETURN_SHIPMENT"/>
<Pipeline ActiveFlag="" Createprogid="XMLMigrator"
    Createts="2020-02-19T13:26:40+00:00" Createuserid="SYSTEM"
    Lockid="0" Modifyprogid="XMLMigrator"
    Modifyts="2020-02-19T13:26:40+00:00" Modifyuserid="SYSTEM"
    OwnerKey="DEFAULT"
    PipelineDescription="Sales Order Fulfillment (9.5)"
    PipelineId="SALES-9.5" PipelineKey="SALES-9.5" ProcessTypeKey="ORDER_FULFILLMENT"/>
<Pipeline ActiveFlag="" Createprogid="XMLMigrator"
    Createts="2020-02-19T13:26:40+00:00" Createuserid="SYSTEM"
    Lockid="0" Modifyprogid="XMLMigrator"
    Modifyts="2020-02-19T13:26:40+00:00" Modifyuserid="SYSTEM"
    OwnerKey="DEFAULT"
    PipelineDescription="Sales Order Fulfillment For Bundle Parent (9.5)"
    PipelineId="SALES-BUNDLE-9.5" PipelineKey="SALES-BUNDLE-9.5" ProcessTypeKey="ORDER_FULFILLMENT"/>
<Pipeline ActiveFlag="" Createprogid="XMLMigrator"
    Createts="2020-02-19T13:26:40+00:00" Createuserid="SYSTEM"
    Lockid="0" Modifyprogid="XMLMigrator"
    Modifyts="2020-02-19T13:26:40+00:00" Modifyuserid="SYSTEM"
    OwnerKey="DEFAULT"
    PipelineDescription="Sales Order Service Fulfillment (9.5)"
    PipelineId="SALES-SERVICE-9.5" PipelineKey="SALES-SERVICE-9.5" ProcessTypeKey="ORDER_FULFILLMENT"/>
<Pipeline ActiveFlag="" Createprogid="XMLMigrator"
    Createts="2020-02-19T13:26:40+00:00" Createuserid="SYSTEM"
    Lockid="0" Modifyprogid="XMLMigrator"
    Modifyts="2020-02-19T13:26:40+00:00" Modifyuserid="SYSTEM"
    OwnerKey="DEFAULT" PipelineDescription="Outbound Shipment (9.5)"
    PipelineId="SALES-SHIPMENT-9.5" PipelineKey="SALES-SHIPMENT-9.5" ProcessTypeKey="ORDER_DELIVERY"/>
<Pipeline ActiveFlag="" Createprogid="XMLMigrator"
    Createts="2020-02-19T13:32:25+00:00" Createuserid="SYSTEM"
    Lockid="0" Modifyprogid="XMLMigrator"
    Modifyts="2020-02-19T13:32:25+00:00" Modifyuserid="SYSTEM"
    OwnerKey="DEFAULT"
    PipelineDescription="Sales Order Fulfillment for Carry Lines 9.5"
    PipelineId="WEB_STORE_CARRY_LINE" PipelineKey="STORE-CARRYLINE-9.5" ProcessTypeKey="ORDER_FULFILLMENT"/>
<Pipeline ActiveFlag="" Createprogid="XMLMigrator"
    Createts="2020-02-19T13:26:40+00:00" Createuserid="SYSTEM"
    Lockid="0" Modifyprogid="XMLMigrator"
    Modifyts="2020-02-19T13:26:40+00:00" Modifyuserid="SYSTEM"
    OwnerKey="DEFAULT"
    PipelineDescription="Transfer Order Receipt (9.5)"
    PipelineId="TO-RECEIPT-9.5" PipelineKey="TO-RECEIPT-9.5" ProcessTypeKey="200307081424551176"/>
<Pipeline ActiveFlag="" Createprogid="XMLMigrator"
    Createts="2020-02-19T13:26:40+00:00" Createuserid="SYSTEM"
    Lockid="0" Modifyprogid="XMLMigrator"
    Modifyts="2020-02-19T13:26:40+00:00" Modifyuserid="SYSTEM"
    OwnerKey="DEFAULT"
    PipelineDescription="Transfer Order Delivery (9.5)"
    PipelineId="TO-SHIPMENT-9.5" PipelineKey="TO-SHIPMENT-9.5" ProcessTypeKey="200307081424521056"/>
<Pipeline ActiveFlag="" Createprogid="XMLMigrator"
    Createts="2020-02-19T13:26:40+00:00" Createuserid="SYSTEM"
    Lockid="0" Modifyprogid="XMLMigrator"
    Modifyts="2020-02-19T13:26:40+00:00" Modifyuserid="SYSTEM"
    OwnerKey="DEFAULT"
    PipelineDescription="Transfer Order Execution (9.5)"
    PipelineId="TRANSFER-ORDER-9.5" PipelineKey="TRANSFER-ORDER-9.5" ProcessTypeKey="20030708142438541"/>
<Pipeline ActiveFlag="" Createprogid="XMLMigrator"
    Createts="2020-02-19T13:26:40+00:00" Createuserid="SYSTEM"
    Lockid="0" Modifyprogid="XMLMigrator"
    Modifyts="2020-02-19T13:26:40+00:00" Modifyuserid="SYSTEM"
    OwnerKey="DEFAULT"
    PipelineDescription="Standard Work Order Pipeline (9.5)"
    PipelineId="VAS-WORK-ORDER-9.5" PipelineKey="VAS-WORK-ORDER-9.5" ProcessTypeKey="VAS"/>
<Pipeline ActiveFlag="" Createprogid="XMLMigrator"
    Createts="2020-02-19T13:30:08+00:00" Createuserid="SYSTEM"
    Lockid="0" Modifyprogid="XMLMigrator"
    Modifyts="2020-02-19T13:30:08+00:00" Modifyuserid="SYSTEM"
    OwnerKey="DEFAULT"
    PipelineDescription="Count Execution Pipeline (9.3)"
    PipelineId="WMS-COUNT-9.3" PipelineKey="WMS-COUNT-9.3" ProcessTypeKey="COUNT_EXECUTION"/>
<Pipeline ActiveFlag="" Createprogid="XMLMigrator"
    Createts="2020-02-19T13:30:08+00:00" Createuserid="SYSTEM"
    Lockid="0" Modifyprogid="XMLMigrator"
    Modifyts="2020-02-19T13:30:08+00:00" Modifyuserid="SYSTEM"
    OwnerKey="DEFAULT"
    PipelineDescription="Physical Count Execution Pipeline (9.3)"
    PipelineId="WMS-PCOUNT-9.3" PipelineKey="WMS-PCOUNT-9.3" ProcessTypeKey="COUNT_EXECUTION"/>
<Pipeline ActiveFlag="" Createprogid="XMLMigrator"
    Createts="2020-02-19T13:26:40+00:00" Createuserid="SYSTEM"
    Lockid="0" Modifyprogid="XMLMigrator"
    Modifyts="2020-02-19T13:26:40+00:00" Modifyuserid="SYSTEM"
    OwnerKey="DEFAULT"
    PipelineDescription="Purchase Order Execution For Bundle Parent(9.5)"
    PipelineId="WMS-PO-BUNDLE-9.5" PipelineKey="WMS-PO-BUNDLE-9.5" ProcessTypeKey="PO_FULFILLMENT"/>
<Pipeline ActiveFlag="" Createprogid="XMLMigrator"
    Createts="2020-02-19T13:26:40+00:00" Createuserid="SYSTEM"
    Lockid="0" Modifyprogid="XMLMigrator"
    Modifyts="2020-02-19T13:26:40+00:00" Modifyuserid="SYSTEM"
    OwnerKey="DEFAULT"
    PipelineDescription="Purchase Order Execution (9.5)"
    PipelineId="WMS-PURCHASE-9.5" PipelineKey="WMS-PURCHASE-9.5" ProcessTypeKey="PO_FULFILLMENT"/>
<Pipeline ActiveFlag="" Createprogid="XMLMigrator"
    Createts="2020-02-19T13:31:36+00:00" Createuserid="SYSTEM"
    Lockid="0" Modifyprogid="XMLMigrator"
    Modifyts="2020-02-19T13:31:36+00:00" Modifyuserid="SYSTEM"
    OwnerKey="DEFAULT"
    PipelineDescription="IBM Sterling Call Center and Store Reverse Logistics Pickup Service Pipeline (9.5)"
    PipelineId="YCD-RETURN-PICKUP-9.5"
    PipelineKey="YCD-RETURN-PICKUP-9.5" ProcessTypeKey="RETURN_FULFILLMENT"/>
<Pipeline ActiveFlag="" Createprogid="XMLMigrator"
    Createts="2020-02-19T13:31:36+00:00" Createuserid="SYSTEM"
    Lockid="0" Modifyprogid="XMLMigrator"
    Modifyts="2020-02-19T13:31:36+00:00" Modifyuserid="SYSTEM"
    OwnerKey="DEFAULT"
    PipelineDescription="IBM Sterling Call Center and Store Sales Order Service Fulfillment (9.5)"
    PipelineId="YCD-SALES-SERVICE-9.5"
    PipelineKey="YCD-SALES-SERVICE-9.5" ProcessTypeKey="ORDER_FULFILLMENT"/>
<Pipeline ActiveFlag="" Createprogid="XMLMigrator"
    Createts="2020-02-19T13:31:36+00:00" Createuserid="SYSTEM"
    Lockid="0" Modifyprogid="XMLMigrator"
    Modifyts="2020-02-19T13:31:36+00:00" Modifyuserid="SYSTEM"
    OwnerKey="DEFAULT"
    PipelineDescription="IBM Sterling Call Center and Store Outbound Shipment (9.5)"
    PipelineId="YCD-SALES-SHIPMENT-9.5"
    PipelineKey="YCD-SALES-SHIPMENT-9.5" ProcessTypeKey="ORDER_DELIVERY"/>
<Pipeline ActiveFlag="" Createprogid="XMLMigrator"
    Createts="2020-02-19T13:31:36+00:00" Createuserid="SYSTEM"
    Lockid="0" Modifyprogid="XMLMigrator"
    Modifyts="2020-02-19T13:31:36+00:00" Modifyuserid="SYSTEM"
    OwnerKey="DEFAULT"
    PipelineDescription="IBM Sterling Call Center and Store Transfer Order Delivery (9.5)"
    PipelineId="YCD-TO-SHIPMENT-9.5" PipelineKey="YCD-TO-SHIPMENT-9.5" ProcessTypeKey="200307081424521056"/>
<Pipeline ActiveFlag="" Createprogid="XMLMigrator"
    Createts="2020-02-19T13:31:36+00:00" Createuserid="SYSTEM"
    Lockid="0" Modifyprogid="XMLMigrator"
    Modifyts="2020-02-19T13:31:36+00:00" Modifyuserid="SYSTEM"
    OwnerKey="DEFAULT"
    PipelineDescription="IBM Sterling Call Center and Store Reverse Logistics Pipeline (9.5)"
    PipelineId="YCD_RETURN-9.5" PipelineKey="YCD_RETURN-9.5" ProcessTypeKey="RETURN_FULFILLMENT"/>
<Pipeline ActiveFlag="" Createprogid="XMLMigrator"
    Createts="2020-02-19T13:31:36+00:00" Createuserid="SYSTEM"
    Lockid="0" Modifyprogid="XMLMigrator"
    Modifyts="2020-02-19T13:31:36+00:00" Modifyuserid="SYSTEM"
    OwnerKey="DEFAULT"
    PipelineDescription="IBM Sterling Call Center and Store Sales Order Fulfillment (9.5)"
    PipelineId="YCD_SALES-9.5" PipelineKey="YCD_SALES-9.5" ProcessTypeKey="ORDER_FULFILLMENT"/>
</YFS_PIPELINEList>