<?xml version="1.0" encoding="UTF-8"?>
<YFS_BASE_SHIP_CONSTRAINTSList TableName="YFS_BASE_SHIP_CONSTRAINTS" TotalNumberOfRecords="25">
<BaseShipConstraints BaseShipConstraintsKey="Case1"
    Createprogid="XMLMigrator" Createts="2020-02-19T13:28:05+00:00"
    Createuserid="SYSTEM" FieldName="ItemID" FieldNameDesc="Item ID"
    Lockid="0" Modifyprogid="XMLMigrator"
    Modifyts="2020-02-19T13:28:05+00:00" Modifyuserid="SYSTEM"
    Purpose="Case" SystemDefined="Y"/>
<BaseShipConstraints BaseShipConstraintsKey="Case2"
    Createprogid="XMLMigrator" Createts="2020-02-19T13:28:05+00:00"
    Createuserid="SYSTEM" FieldName="UnitOfMeasure"
    FieldNameDesc="Unit Of Measure" Lockid="0"
    Modifyprogid="XMLMigrator" Modifyts="2020-02-19T13:28:05+00:00"
    Modifyuserid="SYSTEM" Purpose="Case" SystemDefined="Y"/>
<BaseShipConstraints BaseShipConstraintsKey="Case3"
    Createprogid="XMLMigrator" Createts="2020-02-19T13:28:05+00:00"
    Createuserid="SYSTEM" FieldName="ProductClass"
    FieldNameDesc="Product Class" Lockid="0" Modifyprogid="XMLMigrator"
    Modifyts="2020-02-19T13:28:05+00:00" Modifyuserid="SYSTEM"
    Purpose="Case" SystemDefined="Y"/>
<BaseShipConstraints BaseShipConstraintsKey="Case4"
    Createprogid="XMLMigrator" Createts="2020-02-19T13:28:05+00:00"
    Createuserid="SYSTEM" FieldName="CustomerPoNo"
    FieldNameDesc="Customer PO #" Lockid="0" Modifyprogid="XMLMigrator"
    Modifyts="2020-02-19T13:28:05+00:00" Modifyuserid="SYSTEM"
    Purpose="Case" SystemDefined="Y"/>
<BaseShipConstraints BaseShipConstraintsKey="Case5"
    Createprogid="XMLMigrator" Createts="2020-02-19T13:28:05+00:00"
    Createuserid="SYSTEM" FieldName="MarkForKey"
    FieldNameDesc="Mark For" Lockid="0" Modifyprogid="XMLMigrator"
    Modifyts="2020-02-19T13:28:05+00:00" Modifyuserid="SYSTEM"
    Purpose="Case" SystemDefined="Y"/>
<BaseShipConstraints BaseShipConstraintsKey="Case6"
    Createprogid="XMLMigrator" Createts="2020-02-19T13:28:05+00:00"
    Createuserid="SYSTEM" FieldName="DepartmentCode"
    FieldNameDesc="Department Code" Lockid="0"
    Modifyprogid="XMLMigrator" Modifyts="2020-02-19T13:28:05+00:00"
    Modifyuserid="SYSTEM" Purpose="Case" SystemDefined="Y"/>
<BaseShipConstraints BaseShipConstraintsKey="LOAD1"
    Createprogid="XMLMigrator" Createts="2020-02-19T13:28:05+00:00"
    Createuserid="SYSTEM" FieldName="Name" FieldNameDesc="Name"
    Lockid="0" Modifyprogid="XMLMigrator"
    Modifyts="2020-02-19T13:28:05+00:00" Modifyuserid="SYSTEM"
    Purpose="LOAD" SystemDefined="Y"/>
<BaseShipConstraints BaseShipConstraintsKey="LOAD2"
    Createprogid="XMLMigrator" Createts="2020-02-19T13:28:05+00:00"
    Createuserid="SYSTEM" FieldName="AddressLine1"
    FieldNameDesc="Address Line 1" Lockid="0" Modifyprogid="XMLMigrator"
    Modifyts="2020-02-19T13:28:05+00:00" Modifyuserid="SYSTEM"
    Purpose="LOAD" SystemDefined="Y"/>
<BaseShipConstraints BaseShipConstraintsKey="LOAD3"
    Createprogid="XMLMigrator" Createts="2020-02-19T13:28:05+00:00"
    Createuserid="SYSTEM" FieldName="AddressLine2"
    FieldNameDesc="Address Line 2" Lockid="0" Modifyprogid="XMLMigrator"
    Modifyts="2020-02-19T13:28:05+00:00" Modifyuserid="SYSTEM"
    Purpose="LOAD" SystemDefined="Y"/>
<BaseShipConstraints BaseShipConstraintsKey="LOAD4"
    Createprogid="XMLMigrator" Createts="2020-02-19T13:28:05+00:00"
    Createuserid="SYSTEM" FieldName="AddressLine6"
    FieldNameDesc="Address Line 6" Lockid="0" Modifyprogid="XMLMigrator"
    Modifyts="2020-02-19T13:28:05+00:00" Modifyuserid="SYSTEM"
    Purpose="LOAD" SystemDefined="Y"/>
<BaseShipConstraints BaseShipConstraintsKey="Pallet1"
    Createprogid="XMLMigrator" Createts="2020-02-19T13:28:05+00:00"
    Createuserid="SYSTEM" FieldName="ItemID" FieldNameDesc="Item Id"
    Lockid="0" Modifyprogid="XMLMigrator"
    Modifyts="2020-02-19T13:28:05+00:00" Modifyuserid="SYSTEM"
    Purpose="Pallet" SystemDefined="Y"/>
<BaseShipConstraints BaseShipConstraintsKey="Pallet2"
    Createprogid="XMLMigrator" Createts="2020-02-19T13:28:05+00:00"
    Createuserid="SYSTEM" FieldName="UnitOfMeasure"
    FieldNameDesc="Unit Of Measure" Lockid="0"
    Modifyprogid="XMLMigrator" Modifyts="2020-02-19T13:28:05+00:00"
    Modifyuserid="SYSTEM" Purpose="Pallet" SystemDefined="Y"/>
<BaseShipConstraints BaseShipConstraintsKey="Pallet3"
    Createprogid="XMLMigrator" Createts="2020-02-19T13:28:05+00:00"
    Createuserid="SYSTEM" FieldName="ProductClass"
    FieldNameDesc="Product Class" Lockid="0" Modifyprogid="XMLMigrator"
    Modifyts="2020-02-19T13:28:05+00:00" Modifyuserid="SYSTEM"
    Purpose="Pallet" SystemDefined="Y"/>
<BaseShipConstraints BaseShipConstraintsKey="Pallet4"
    Createprogid="XMLMigrator" Createts="2020-02-19T13:28:05+00:00"
    Createuserid="SYSTEM" FieldName="CustomerPoNo"
    FieldNameDesc="Customer PO #" Lockid="0" Modifyprogid="XMLMigrator"
    Modifyts="2020-02-19T13:28:05+00:00" Modifyuserid="SYSTEM"
    Purpose="Pallet" SystemDefined="Y"/>
<BaseShipConstraints BaseShipConstraintsKey="Pallet5"
    Createprogid="XMLMigrator" Createts="2020-02-19T13:28:05+00:00"
    Createuserid="SYSTEM" FieldName="MarkForKey"
    FieldNameDesc="Mark For" Lockid="0" Modifyprogid="XMLMigrator"
    Modifyts="2020-02-19T13:28:05+00:00" Modifyuserid="SYSTEM"
    Purpose="Pallet" SystemDefined="Y"/>
<BaseShipConstraints BaseShipConstraintsKey="Pallet6"
    Createprogid="XMLMigrator" Createts="2020-02-19T13:28:05+00:00"
    Createuserid="SYSTEM" FieldName="DepartmentCode"
    FieldNameDesc="Department Code" Lockid="0"
    Modifyprogid="XMLMigrator" Modifyts="2020-02-19T13:28:05+00:00"
    Modifyuserid="SYSTEM" Purpose="Pallet" SystemDefined="Y"/>
<BaseShipConstraints BaseShipConstraintsKey="SHIPMENT1"
    Createprogid="XMLMigrator" Createts="2020-02-19T13:28:05+00:00"
    Createuserid="SYSTEM" FieldName="OrderNo" FieldNameDesc="Order #"
    Lockid="0" Modifyprogid="XMLMigrator"
    Modifyts="2020-02-19T13:28:05+00:00" Modifyuserid="SYSTEM"
    Purpose="SHIPMENT" SystemDefined="Y"/>
<BaseShipConstraints BaseShipConstraintsKey="SHIPMENT2"
    Createprogid="XMLMigrator" Createts="2020-02-19T13:28:05+00:00"
    Createuserid="SYSTEM" FieldName="CustomerPoNo"
    FieldNameDesc="Customer PO #" Lockid="0" Modifyprogid="XMLMigrator"
    Modifyts="2020-02-19T13:28:05+00:00" Modifyuserid="SYSTEM"
    Purpose="SHIPMENT" SystemDefined="Y"/>
<BaseShipConstraints BaseShipConstraintsKey="SHIPMENT3"
    Createprogid="XMLMigrator" Createts="2020-02-19T13:28:05+00:00"
    Createuserid="SYSTEM" FieldName="MarkForKey"
    FieldNameDesc="Mark For" Lockid="0" Modifyprogid="XMLMigrator"
    Modifyts="2020-02-19T13:28:05+00:00" Modifyuserid="SYSTEM"
    Purpose="SHIPMENT" SystemDefined="Y"/>
<BaseShipConstraints BaseShipConstraintsKey="SHIPMENT4"
    Createprogid="XMLMigrator" Createts="2020-02-19T13:28:05+00:00"
    Createuserid="SYSTEM" FieldName="DepartmentCode"
    FieldNameDesc="Department Code" Lockid="0"
    Modifyprogid="XMLMigrator" Modifyts="2020-02-19T13:28:05+00:00"
    Modifyuserid="SYSTEM" Purpose="SHIPMENT" SystemDefined="Y"/>
<BaseShipConstraints BaseShipConstraintsKey="SHIPMENT5"
    Createprogid="XMLMigrator" Createts="2020-02-19T13:28:05+00:00"
    Createuserid="SYSTEM" FieldName="OrderType"
    FieldNameDesc="Order Type" Lockid="0" Modifyprogid="XMLMigrator"
    Modifyts="2020-02-19T13:28:05+00:00" Modifyuserid="SYSTEM"
    Purpose="SHIPMENT" SystemDefined="Y"/>
<BaseShipConstraints BaseShipConstraintsKey="SHIPMENT6"
    Createprogid="XMLMigrator" Createts="2020-02-19T13:28:05+00:00"
    Createuserid="SYSTEM" FieldName="GiftFlag" FieldNameDesc="Gift Flag"
    Lockid="0" Modifyprogid="XMLMigrator"
    Modifyts="2020-02-19T13:28:05+00:00" Modifyuserid="SYSTEM"
    Purpose="SHIPMENT" SystemDefined="Y"/>
<BaseShipConstraints BaseShipConstraintsKey="SHIPMENT7"
    Createprogid="XMLMigrator" Createts="2020-02-19T13:28:05+00:00"
    Createuserid="SYSTEM" FieldName="BuyerMarkForNodeId"
    FieldNameDesc="Buyer Mark For Node Id" Lockid="0"
    Modifyprogid="XMLMigrator" Modifyts="2020-02-19T13:28:05+00:00"
    Modifyuserid="SYSTEM" Purpose="SHIPMENT" SystemDefined="Y"/>
<BaseShipConstraints BaseShipConstraintsKey="SHIPMENT8"
    Createprogid="XMLMigrator" Createts="2020-02-19T13:28:05+00:00"
    Createuserid="SYSTEM" FieldName="LevelOfService"
    FieldNameDesc="Level of Service" Lockid="0"
    Modifyprogid="XMLMigrator" Modifyts="2020-02-19T13:28:05+00:00"
    Modifyuserid="SYSTEM" Purpose="SHIPMENT" SystemDefined="Y"/>
<BaseShipConstraints BaseShipConstraintsKey="SHIPMENT9"
    Createprogid="XMLMigrator" Createts="2020-02-19T13:28:05+00:00"
    Createuserid="SYSTEM" FieldName="DeliveryMethod"
    FieldNameDesc="Delivery MEthod" Lockid="0"
    Modifyprogid="XMLMigrator" Modifyts="2020-02-19T13:28:05+00:00"
    Modifyuserid="SYSTEM" Purpose="SHIPMENT" SystemDefined="Y"/>
</YFS_BASE_SHIP_CONSTRAINTSList>