<?xml version="1.0" encoding="UTF-8"?>
<YFS_ITEM_SHIP_NODEList TableName="YFS_ITEM_SHIP_NODE" TotalNumberOfRecords="31">
<ItemShipNode ActiveFlag="Y" CostCurrency=""
    Createprogid=".YEntityServlet" Createts="2020-04-23T10:08:05+00:00"
    Createuserid="adhulipa@in.ibm.com" DistributionRuleId="GRP_STO_DG"
    EffectiveEndDate="2500-01-01" EffectiveStartDate="1900-01-01"
    ExternalInvOrg="" Inventorytype="" ItemId="ALL" ItemType="ALL"
    ItemshipnodeKey="2020042310080571689" Lockid="1"
    Modifyprogid=".YEntityServlet" Modifyts="2020-04-23T10:08:18+00:00"
    Modifyuserid="adhulipa@in.ibm.com" OwnerKey="GRP_ORG_0001"
    Priority="10.00" ShipNodeItem="" ShipnodeKey="STORE_00001"
    SourceFromOrganization="" UnitCost="0.00"/>
<ItemShipNode ActiveFlag="Y" CostCurrency=""
    Createprogid=".YEntityServlet" Createts="2020-04-23T10:08:33+00:00"
    Createuserid="adhulipa@in.ibm.com" DistributionRuleId="GRP_STO_DG"
    EffectiveEndDate="2500-01-01" EffectiveStartDate="1900-01-01"
    ExternalInvOrg="" Inventorytype="" ItemId="ALL" ItemType="ALL"
    ItemshipnodeKey="2020042310083371694" Lockid="0"
    Modifyprogid=".YEntityServlet" Modifyts="2020-04-23T10:08:33+00:00"
    Modifyuserid="adhulipa@in.ibm.com" OwnerKey="GRP_ORG_0001"
    Priority="10.00" ShipNodeItem="" ShipnodeKey="STORE_000002"
    SourceFromOrganization="" UnitCost="0.00"/>
<ItemShipNode ActiveFlag="Y" CostCurrency=""
    Createprogid=".YEntityServlet" Createts="2020-04-23T10:12:46+00:00"
    Createuserid="adhulipa@in.ibm.com"
    DistributionRuleId="BUS_ORG_STO_DG" EffectiveEndDate="2500-01-01"
    EffectiveStartDate="1900-01-01" ExternalInvOrg="" Inventorytype=""
    ItemId="ALL" ItemType="ALL" ItemshipnodeKey="2020042310124671708"
    Lockid="0" Modifyprogid=".YEntityServlet"
    Modifyts="2020-04-23T10:12:46+00:00"
    Modifyuserid="adhulipa@in.ibm.com" OwnerKey="BUSINESS_ORG_0001"
    Priority="10.00" ShipNodeItem="" ShipnodeKey="STORE_00001"
    SourceFromOrganization="" UnitCost="0.00"/>
<ItemShipNode ActiveFlag="Y" CostCurrency=""
    Createprogid=".YEntityServlet" Createts="2020-04-25T15:59:36+00:00"
    Createuserid="ramaalla@in.ibm.com"
    DistributionRuleId="STORE_PICK_DG" EffectiveEndDate="2500-01-01"
    EffectiveStartDate="1900-01-01" ExternalInvOrg="" Inventorytype=""
    ItemId="ALL" ItemType="ALL" ItemshipnodeKey="2020042515593674211"
    Lockid="0" Modifyprogid=".YEntityServlet"
    Modifyts="2020-04-25T15:59:36+00:00"
    Modifyuserid="ramaalla@in.ibm.com" OwnerKey="BUSINESS_ORG_0001"
    Priority="1.00" ShipNodeItem="" ShipnodeKey="STORE_000001"
    SourceFromOrganization="" UnitCost="0.00"/>
<ItemShipNode ActiveFlag="Y" CostCurrency=""
    Createprogid=".YEntityServlet" Createts="2020-04-25T15:59:42+00:00"
    Createuserid="ramaalla@in.ibm.com"
    DistributionRuleId="STORE_PICK_DG" EffectiveEndDate="2500-01-01"
    EffectiveStartDate="1900-01-01" ExternalInvOrg="" Inventorytype=""
    ItemId="ALL" ItemType="ALL" ItemshipnodeKey="2020042515594274214"
    Lockid="0" Modifyprogid=".YEntityServlet"
    Modifyts="2020-04-25T15:59:42+00:00"
    Modifyuserid="ramaalla@in.ibm.com" OwnerKey="BUSINESS_ORG_0001"
    Priority="1.00" ShipNodeItem="" ShipnodeKey="STORE_000002"
    SourceFromOrganization="" UnitCost="0.00"/>
<ItemShipNode ActiveFlag="Y" CostCurrency=""
    Createprogid=".YEntityServlet" Createts="2020-04-25T15:59:49+00:00"
    Createuserid="ramaalla@in.ibm.com"
    DistributionRuleId="STORE_PICK_DG" EffectiveEndDate="2500-01-01"
    EffectiveStartDate="1900-01-01" ExternalInvOrg="" Inventorytype=""
    ItemId="ALL" ItemType="ALL" ItemshipnodeKey="2020042515594974217"
    Lockid="0" Modifyprogid=".YEntityServlet"
    Modifyts="2020-04-25T15:59:49+00:00"
    Modifyuserid="ramaalla@in.ibm.com" OwnerKey="BUSINESS_ORG_0001"
    Priority="1.00" ShipNodeItem="" ShipnodeKey="STORE_000003"
    SourceFromOrganization="" UnitCost="0.00"/>
<ItemShipNode ActiveFlag="Y" CostCurrency=""
    Createprogid=".YEntityServlet" Createts="2020-04-25T15:59:56+00:00"
    Createuserid="ramaalla@in.ibm.com"
    DistributionRuleId="STORE_PICK_DG" EffectiveEndDate="2500-01-01"
    EffectiveStartDate="1900-01-01" ExternalInvOrg="" Inventorytype=""
    ItemId="ALL" ItemType="ALL" ItemshipnodeKey="2020042515595674220"
    Lockid="0" Modifyprogid=".YEntityServlet"
    Modifyts="2020-04-25T15:59:56+00:00"
    Modifyuserid="ramaalla@in.ibm.com" OwnerKey="BUSINESS_ORG_0001"
    Priority="1.00" ShipNodeItem="" ShipnodeKey="STORE_000004"
    SourceFromOrganization="" UnitCost="0.00"/>
<ItemShipNode ActiveFlag="Y" CostCurrency=""
    Createprogid=".YEntityServlet" Createts="2020-04-25T16:00:19+00:00"
    Createuserid="ramaalla@in.ibm.com"
    DistributionRuleId="STORE_PICK_DG" EffectiveEndDate="2500-01-01"
    EffectiveStartDate="1900-01-01" ExternalInvOrg="" Inventorytype=""
    ItemId="ALL" ItemType="ALL" ItemshipnodeKey="2020042516001974228"
    Lockid="0" Modifyprogid=".YEntityServlet"
    Modifyts="2020-04-25T16:00:19+00:00"
    Modifyuserid="ramaalla@in.ibm.com" OwnerKey="BUSINESS_ORG_0001"
    Priority="1.00" ShipNodeItem="" ShipnodeKey="STORE_000005"
    SourceFromOrganization="" UnitCost="0.00"/>
<ItemShipNode ActiveFlag="Y" CostCurrency=""
    Createprogid=".YEntityServlet" Createts="2020-04-25T16:03:19+00:00"
    Createuserid="ramaalla@in.ibm.com"
    DistributionRuleId="HOME_DELIVERY_DG" EffectiveEndDate="2500-01-01"
    EffectiveStartDate="1900-01-01" ExternalInvOrg="" Inventorytype=""
    ItemId="ALL" ItemType="ALL" ItemshipnodeKey="2020042516031974253"
    Lockid="0" Modifyprogid=".YEntityServlet"
    Modifyts="2020-04-25T16:03:19+00:00"
    Modifyuserid="ramaalla@in.ibm.com" OwnerKey="BUSINESS_ORG_0001"
    Priority="1.00" ShipNodeItem="" ShipnodeKey="WH_000001"
    SourceFromOrganization="" UnitCost="0.00"/>
<ItemShipNode ActiveFlag="Y" CostCurrency=""
    Createprogid=".YEntityServlet" Createts="2020-04-25T16:03:30+00:00"
    Createuserid="ramaalla@in.ibm.com"
    DistributionRuleId="HOME_DELIVERY_DG" EffectiveEndDate="2500-01-01"
    EffectiveStartDate="1900-01-01" ExternalInvOrg="" Inventorytype=""
    ItemId="ALL" ItemType="ALL" ItemshipnodeKey="2020042516033074256"
    Lockid="0" Modifyprogid=".YEntityServlet"
    Modifyts="2020-04-25T16:03:30+00:00"
    Modifyuserid="ramaalla@in.ibm.com" OwnerKey="BUSINESS_ORG_0001"
    Priority="1.00" ShipNodeItem="" ShipnodeKey="WH_000002"
    SourceFromOrganization="" UnitCost="0.00"/>
<ItemShipNode ActiveFlag="Y" CostCurrency=""
    Createprogid=".YEntityServlet" Createts="2020-04-25T16:03:45+00:00"
    Createuserid="ramaalla@in.ibm.com"
    DistributionRuleId="HOME_DELIVERY_DG" EffectiveEndDate="2500-01-01"
    EffectiveStartDate="1900-01-01" ExternalInvOrg="" Inventorytype=""
    ItemId="ALL" ItemType="ALL" ItemshipnodeKey="2020042516034574259"
    Lockid="0" Modifyprogid=".YEntityServlet"
    Modifyts="2020-04-25T16:03:45+00:00"
    Modifyuserid="ramaalla@in.ibm.com" OwnerKey="BUSINESS_ORG_0001"
    Priority="1.00" ShipNodeItem="" ShipnodeKey="WH_000003"
    SourceFromOrganization="" UnitCost="0.00"/>
<ItemShipNode ActiveFlag="Y" CostCurrency=""
    Createprogid=".YEntityServlet" Createts="2020-04-25T16:03:58+00:00"
    Createuserid="ramaalla@in.ibm.com"
    DistributionRuleId="HOME_DELIVERY_DG" EffectiveEndDate="2500-01-01"
    EffectiveStartDate="1900-01-01" ExternalInvOrg="" Inventorytype=""
    ItemId="ALL" ItemType="ALL" ItemshipnodeKey="2020042516035874262"
    Lockid="0" Modifyprogid=".YEntityServlet"
    Modifyts="2020-04-25T16:03:58+00:00"
    Modifyuserid="ramaalla@in.ibm.com" OwnerKey="BUSINESS_ORG_0001"
    Priority="1.00" ShipNodeItem="" ShipnodeKey="WH_000004"
    SourceFromOrganization="" UnitCost="0.00"/>
<ItemShipNode ActiveFlag="Y" CostCurrency=""
    Createprogid=".YEntityServlet" Createts="2020-04-25T17:18:44+00:00"
    Createuserid="ramaalla@in.ibm.com"
    DistributionRuleId="STORES_DG_SHP" EffectiveEndDate="2500-01-01"
    EffectiveStartDate="1900-01-01" ExternalInvOrg="" Inventorytype=""
    ItemId="ALL" ItemType="ALL" ItemshipnodeKey="2020042517184474311"
    Lockid="0" Modifyprogid=".YEntityServlet"
    Modifyts="2020-04-25T17:18:44+00:00"
    Modifyuserid="ramaalla@in.ibm.com" OwnerKey="BUSINESS_ORG_0001"
    Priority="1.00" ShipNodeItem="" ShipnodeKey="STORE_000001"
    SourceFromOrganization="" UnitCost="0.00"/>
<ItemShipNode ActiveFlag="Y" CostCurrency=""
    Createprogid=".YEntityServlet" Createts="2020-04-25T17:18:55+00:00"
    Createuserid="ramaalla@in.ibm.com"
    DistributionRuleId="STORES_DG_SHP" EffectiveEndDate="2500-01-01"
    EffectiveStartDate="1900-01-01" ExternalInvOrg="" Inventorytype=""
    ItemId="ALL" ItemType="ALL" ItemshipnodeKey="2020042517185574314"
    Lockid="0" Modifyprogid=".YEntityServlet"
    Modifyts="2020-04-25T17:18:55+00:00"
    Modifyuserid="ramaalla@in.ibm.com" OwnerKey="BUSINESS_ORG_0001"
    Priority="1.00" ShipNodeItem="" ShipnodeKey="STORE_000002"
    SourceFromOrganization="" UnitCost="0.00"/>
<ItemShipNode ActiveFlag="Y" CostCurrency=""
    Createprogid=".YEntityServlet" Createts="2020-04-25T17:19:06+00:00"
    Createuserid="ramaalla@in.ibm.com"
    DistributionRuleId="STORES_DG_SHP" EffectiveEndDate="2500-01-01"
    EffectiveStartDate="1900-01-01" ExternalInvOrg="" Inventorytype=""
    ItemId="ALL" ItemType="ALL" ItemshipnodeKey="2020042517190674317"
    Lockid="0" Modifyprogid=".YEntityServlet"
    Modifyts="2020-04-25T17:19:06+00:00"
    Modifyuserid="ramaalla@in.ibm.com" OwnerKey="BUSINESS_ORG_0001"
    Priority="1.00" ShipNodeItem="" ShipnodeKey="STORE_000003"
    SourceFromOrganization="" UnitCost="0.00"/>
<ItemShipNode ActiveFlag="Y" CostCurrency=""
    Createprogid=".YEntityServlet" Createts="2020-04-25T17:19:16+00:00"
    Createuserid="ramaalla@in.ibm.com"
    DistributionRuleId="STORES_DG_SHP" EffectiveEndDate="2500-01-01"
    EffectiveStartDate="1900-01-01" ExternalInvOrg="" Inventorytype=""
    ItemId="ALL" ItemType="ALL" ItemshipnodeKey="2020042517191674320"
    Lockid="0" Modifyprogid=".YEntityServlet"
    Modifyts="2020-04-25T17:19:16+00:00"
    Modifyuserid="ramaalla@in.ibm.com" OwnerKey="BUSINESS_ORG_0001"
    Priority="1.00" ShipNodeItem="" ShipnodeKey="STORE_000004"
    SourceFromOrganization="" UnitCost="0.00"/>
<ItemShipNode ActiveFlag="Y" CostCurrency=""
    Createprogid=".YEntityServlet" Createts="2020-04-25T17:19:26+00:00"
    Createuserid="ramaalla@in.ibm.com"
    DistributionRuleId="STORES_DG_SHP" EffectiveEndDate="2500-01-01"
    EffectiveStartDate="1900-01-01" ExternalInvOrg="" Inventorytype=""
    ItemId="ALL" ItemType="ALL" ItemshipnodeKey="2020042517192674323"
    Lockid="0" Modifyprogid=".YEntityServlet"
    Modifyts="2020-04-25T17:19:26+00:00"
    Modifyuserid="ramaalla@in.ibm.com" OwnerKey="BUSINESS_ORG_0001"
    Priority="1.00" ShipNodeItem="" ShipnodeKey="STORE_000005"
    SourceFromOrganization="" UnitCost="0.00"/>
<ItemShipNode ActiveFlag="Y" CostCurrency=""
    Createprogid=".YEntityServlet" Createts="2020-04-25T17:23:46+00:00"
    Createuserid="ramaalla@in.ibm.com"
    DistributionRuleId="WAREHOUSE_DG_SHP" EffectiveEndDate="2500-01-01"
    EffectiveStartDate="1900-01-01" ExternalInvOrg="" Inventorytype=""
    ItemId="ALL" ItemType="ALL" ItemshipnodeKey="2020042517234674338"
    Lockid="0" Modifyprogid=".YEntityServlet"
    Modifyts="2020-04-25T17:23:46+00:00"
    Modifyuserid="ramaalla@in.ibm.com" OwnerKey="BUSINESS_ORG_0001"
    Priority="1.00" ShipNodeItem="" ShipnodeKey="WH_000001"
    SourceFromOrganization="" UnitCost="0.00"/>
<ItemShipNode ActiveFlag="Y" CostCurrency=""
    Createprogid=".YEntityServlet" Createts="2020-04-25T17:23:57+00:00"
    Createuserid="ramaalla@in.ibm.com"
    DistributionRuleId="WAREHOUSE_DG_SHP" EffectiveEndDate="2500-01-01"
    EffectiveStartDate="1900-01-01" ExternalInvOrg="" Inventorytype=""
    ItemId="ALL" ItemType="ALL" ItemshipnodeKey="2020042517235774341"
    Lockid="0" Modifyprogid=".YEntityServlet"
    Modifyts="2020-04-25T17:23:57+00:00"
    Modifyuserid="ramaalla@in.ibm.com" OwnerKey="BUSINESS_ORG_0001"
    Priority="1.00" ShipNodeItem="" ShipnodeKey="WH_000002"
    SourceFromOrganization="" UnitCost="0.00"/>
<ItemShipNode ActiveFlag="Y" CostCurrency=""
    Createprogid=".YEntityServlet" Createts="2020-04-25T17:24:10+00:00"
    Createuserid="ramaalla@in.ibm.com"
    DistributionRuleId="WAREHOUSE_DG_SHP" EffectiveEndDate="2500-01-01"
    EffectiveStartDate="1900-01-01" ExternalInvOrg="" Inventorytype=""
    ItemId="ALL" ItemType="ALL" ItemshipnodeKey="2020042517241074344"
    Lockid="0" Modifyprogid=".YEntityServlet"
    Modifyts="2020-04-25T17:24:10+00:00"
    Modifyuserid="ramaalla@in.ibm.com" OwnerKey="BUSINESS_ORG_0001"
    Priority="1.00" ShipNodeItem="" ShipnodeKey="WH_000003"
    SourceFromOrganization="" UnitCost="0.00"/>
<ItemShipNode ActiveFlag="Y" CostCurrency=""
    Createprogid=".YEntityServlet" Createts="2020-04-25T17:24:24+00:00"
    Createuserid="ramaalla@in.ibm.com"
    DistributionRuleId="WAREHOUSE_DG_SHP" EffectiveEndDate="2500-01-01"
    EffectiveStartDate="1900-01-01" ExternalInvOrg="" Inventorytype=""
    ItemId="ALL" ItemType="ALL" ItemshipnodeKey="2020042517242474347"
    Lockid="0" Modifyprogid=".YEntityServlet"
    Modifyts="2020-04-25T17:24:24+00:00"
    Modifyuserid="ramaalla@in.ibm.com" OwnerKey="BUSINESS_ORG_0001"
    Priority="1.00" ShipNodeItem="" ShipnodeKey="WH_000004"
    SourceFromOrganization="" UnitCost="0.00"/>
<ItemShipNode ActiveFlag="Y" CostCurrency=""
    Createprogid=".YEntityServlet" Createts="2020-04-25T17:27:11+00:00"
    Createuserid="ramaalla@in.ibm.com"
    DistributionRuleId="WAREHOUSE_DG_DEL" EffectiveEndDate="2500-01-01"
    EffectiveStartDate="1900-01-01" ExternalInvOrg="" Inventorytype=""
    ItemId="ALL" ItemType="ALL" ItemshipnodeKey="2020042517271174359"
    Lockid="0" Modifyprogid=".YEntityServlet"
    Modifyts="2020-04-25T17:27:11+00:00"
    Modifyuserid="ramaalla@in.ibm.com" OwnerKey="BUSINESS_ORG_0001"
    Priority="1.00" ShipNodeItem="" ShipnodeKey="WH_000001"
    SourceFromOrganization="" UnitCost="0.00"/>
<ItemShipNode ActiveFlag="Y" CostCurrency=""
    Createprogid=".YEntityServlet" Createts="2020-04-25T17:27:23+00:00"
    Createuserid="ramaalla@in.ibm.com"
    DistributionRuleId="WAREHOUSE_DG_DEL" EffectiveEndDate="2500-01-01"
    EffectiveStartDate="1900-01-01" ExternalInvOrg="" Inventorytype=""
    ItemId="ALL" ItemType="ALL" ItemshipnodeKey="2020042517272374362"
    Lockid="0" Modifyprogid=".YEntityServlet"
    Modifyts="2020-04-25T17:27:23+00:00"
    Modifyuserid="ramaalla@in.ibm.com" OwnerKey="BUSINESS_ORG_0001"
    Priority="1.00" ShipNodeItem="" ShipnodeKey="WH_000002"
    SourceFromOrganization="" UnitCost="0.00"/>
<ItemShipNode ActiveFlag="Y" CostCurrency=""
    Createprogid=".YEntityServlet" Createts="2020-04-25T17:27:34+00:00"
    Createuserid="ramaalla@in.ibm.com"
    DistributionRuleId="WAREHOUSE_DG_DEL" EffectiveEndDate="2500-01-01"
    EffectiveStartDate="1900-01-01" ExternalInvOrg="" Inventorytype=""
    ItemId="ALL" ItemType="ALL" ItemshipnodeKey="2020042517273474365"
    Lockid="0" Modifyprogid=".YEntityServlet"
    Modifyts="2020-04-25T17:27:34+00:00"
    Modifyuserid="ramaalla@in.ibm.com" OwnerKey="BUSINESS_ORG_0001"
    Priority="1.00" ShipNodeItem="" ShipnodeKey="WH_000003"
    SourceFromOrganization="" UnitCost="0.00"/>
<ItemShipNode ActiveFlag="Y" CostCurrency=""
    Createprogid=".YEntityServlet" Createts="2020-04-25T17:27:46+00:00"
    Createuserid="ramaalla@in.ibm.com"
    DistributionRuleId="WAREHOUSE_DG_DEL" EffectiveEndDate="2500-01-01"
    EffectiveStartDate="1900-01-01" ExternalInvOrg="" Inventorytype=""
    ItemId="ALL" ItemType="ALL" ItemshipnodeKey="2020042517274674368"
    Lockid="0" Modifyprogid=".YEntityServlet"
    Modifyts="2020-04-25T17:27:46+00:00"
    Modifyuserid="ramaalla@in.ibm.com" OwnerKey="BUSINESS_ORG_0001"
    Priority="1.00" ShipNodeItem="" ShipnodeKey="WH_000004"
    SourceFromOrganization="" UnitCost="0.00"/>
<ItemShipNode ActiveFlag="Y" CostCurrency=""
    Createprogid=".YEntityServlet" Createts="2020-04-25T17:36:27+00:00"
    Createuserid="ramaalla@in.ibm.com"
    DistributionRuleId="WAREHOUSE_DG_PS" EffectiveEndDate="2500-01-01"
    EffectiveStartDate="1900-01-01" ExternalInvOrg="" Inventorytype=""
    ItemId="ALL" ItemType="ALL" ItemshipnodeKey="2020042517362774381"
    Lockid="0" Modifyprogid=".YEntityServlet"
    Modifyts="2020-04-25T17:36:27+00:00"
    Modifyuserid="ramaalla@in.ibm.com" OwnerKey="BUSINESS_ORG_0001"
    Priority="1.00" ShipNodeItem="" ShipnodeKey="WH_000001"
    SourceFromOrganization="" UnitCost="0.00"/>
<ItemShipNode ActiveFlag="Y" CostCurrency=""
    Createprogid=".YEntityServlet" Createts="2020-04-25T17:36:39+00:00"
    Createuserid="ramaalla@in.ibm.com"
    DistributionRuleId="WAREHOUSE_DG_PS" EffectiveEndDate="2500-01-01"
    EffectiveStartDate="1900-01-01" ExternalInvOrg="" Inventorytype=""
    ItemId="ALL" ItemType="ALL" ItemshipnodeKey="2020042517363974384"
    Lockid="0" Modifyprogid=".YEntityServlet"
    Modifyts="2020-04-25T17:36:39+00:00"
    Modifyuserid="ramaalla@in.ibm.com" OwnerKey="BUSINESS_ORG_0001"
    Priority="1.00" ShipNodeItem="" ShipnodeKey="WH_000002"
    SourceFromOrganization="" UnitCost="0.00"/>
<ItemShipNode ActiveFlag="Y" CostCurrency=""
    Createprogid=".YEntityServlet" Createts="2020-04-25T17:36:55+00:00"
    Createuserid="ramaalla@in.ibm.com"
    DistributionRuleId="WAREHOUSE_DG_PS" EffectiveEndDate="2500-01-01"
    EffectiveStartDate="1900-01-01" ExternalInvOrg="" Inventorytype=""
    ItemId="ALL" ItemType="ALL" ItemshipnodeKey="2020042517365574387"
    Lockid="0" Modifyprogid=".YEntityServlet"
    Modifyts="2020-04-25T17:36:55+00:00"
    Modifyuserid="ramaalla@in.ibm.com" OwnerKey="BUSINESS_ORG_0001"
    Priority="1.00" ShipNodeItem="" ShipnodeKey="WH_000003"
    SourceFromOrganization="" UnitCost="0.00"/>
<ItemShipNode ActiveFlag="Y" CostCurrency=""
    Createprogid=".YEntityServlet" Createts="2020-04-25T17:37:09+00:00"
    Createuserid="ramaalla@in.ibm.com"
    DistributionRuleId="WAREHOUSE_DG_PS" EffectiveEndDate="2500-01-01"
    EffectiveStartDate="1900-01-01" ExternalInvOrg="" Inventorytype=""
    ItemId="ALL" ItemType="ALL" ItemshipnodeKey="2020042517370974390"
    Lockid="0" Modifyprogid=".YEntityServlet"
    Modifyts="2020-04-25T17:37:09+00:00"
    Modifyuserid="ramaalla@in.ibm.com" OwnerKey="BUSINESS_ORG_0001"
    Priority="1.00" ShipNodeItem="" ShipnodeKey="WH_000004"
    SourceFromOrganization="" UnitCost="0.00"/>
<ItemShipNode ActiveFlag="Y" CostCurrency=""
    Createprogid=".YEntityServlet" Createts="2020-04-25T17:56:41+00:00"
    Createuserid="ramaalla@in.ibm.com"
    DistributionRuleId="PROCUREMENT_DG" EffectiveEndDate="2500-01-01"
    EffectiveStartDate="1900-01-01" ExternalInvOrg="" Inventorytype=""
    ItemId="ALL" ItemType="ALL" ItemshipnodeKey="2020042517564174406"
    Lockid="0" Modifyprogid=".YEntityServlet"
    Modifyts="2020-04-25T17:56:41+00:00"
    Modifyuserid="ramaalla@in.ibm.com" OwnerKey="BUSINESS_ORG_0001"
    Priority="0.00" ShipNodeItem="" ShipnodeKey="WH_000001"
    SourceFromOrganization="" UnitCost="0.00"/>
<ItemShipNode ActiveFlag="Y" CostCurrency=""
    Createprogid=".YEntityServlet" Createts="2020-04-25T17:56:49+00:00"
    Createuserid="ramaalla@in.ibm.com"
    DistributionRuleId="PROCUREMENT_DG" EffectiveEndDate="2500-01-01"
    EffectiveStartDate="1900-01-01" ExternalInvOrg="" Inventorytype=""
    ItemId="ALL" ItemType="ALL" ItemshipnodeKey="2020042517564974409"
    Lockid="0" Modifyprogid=".YEntityServlet"
    Modifyts="2020-04-25T17:56:49+00:00"
    Modifyuserid="ramaalla@in.ibm.com" OwnerKey="BUSINESS_ORG_0001"
    Priority="0.00" ShipNodeItem="" ShipnodeKey="WH_000002"
    SourceFromOrganization="" UnitCost="0.00"/>
</YFS_ITEM_SHIP_NODEList>