<?xml version="1.0" encoding="UTF-8"?>
<YFS_ROLE_DOCUMENTList TableName="YFS_ROLE_DOCUMENT" TotalNumberOfRecords="15">
<RoleDocument Createprogid="SYSTEM" Createts="2020-02-19T13:26:56+00:00"
    Createuserid="SYSTEM"
    DocumentDescription="Advance Ship Notice to Buyer"
    DocumentId="AdvanceShipNotice"
    DocumentName="Outgoing Advance Ship Notice" Lockid="0"
    Modifyprogid=".YEntityServlet" Modifyts="2020-02-19T13:26:56+00:00"
    Modifyuserid="admin" RoleDocumentKey="2001101211281812052" RoleKey="SELLER"/>
<RoleDocument Createprogid="SYSTEM" Createts="2020-02-19T13:26:56+00:00"
    Createuserid="SYSTEM" DocumentDescription="Inventory Advice"
    DocumentId="InventoryAdvice" DocumentName="Inventory Advice"
    Lockid="0" Modifyprogid="SYSTEM"
    Modifyts="2020-02-19T13:26:56+00:00" Modifyuserid="SYSTEM"
    RoleDocumentKey="2001101211324212056" RoleKey="SELLER"/>
<RoleDocument Createprogid="SYSTEM" Createts="2020-02-19T13:26:56+00:00"
    Createuserid="SYSTEM"
    DocumentDescription="Advance Ship Notice from Seller"
    DocumentId="AdvanceShipNotice"
    DocumentName="Incoming Advance Ship Notice" Lockid="0"
    Modifyprogid=".YEntityServlet" Modifyts="2020-02-19T13:26:56+00:00"
    Modifyuserid="admin" RoleDocumentKey="2001101211420312062" RoleKey="BUYER"/>
<RoleDocument Createprogid="SYSTEM" Createts="2020-02-19T13:26:56+00:00"
    Createuserid="SYSTEM"
    DocumentDescription="Order Status Report from Seller"
    DocumentId="OrderStatusReport" DocumentName="Order Status Report"
    Lockid="0" Modifyprogid=".YEntityServlet"
    Modifyts="2020-02-19T13:26:56+00:00" Modifyuserid="admin"
    RoleDocumentKey="2001101211423012064" RoleKey="BUYER"/>
<RoleDocument Createprogid=".YEntityServlet"
    Createts="2020-02-19T13:26:56+00:00" Createuserid="admin"
    DocumentDescription="PO Change Request from Buyer"
    DocumentId="POChangeRequest"
    DocumentName="Incoming PO Change Request" Lockid="0"
    Modifyprogid=".YEntityServlet" Modifyts="2020-02-19T13:26:56+00:00"
    Modifyuserid="admin" RoleDocumentKey="2001101511531312535" RoleKey="SELLER"/>
<RoleDocument Createprogid=".YEntityServlet"
    Createts="2020-02-19T13:26:56+00:00" Createuserid="admin"
    DocumentDescription="Purchase Order from Buyer"
    DocumentId="PurchaseOrder" DocumentName="Incoming Purchase Order"
    Lockid="0" Modifyprogid=".YEntityServlet"
    Modifyts="2020-02-19T13:26:56+00:00" Modifyuserid="admin"
    RoleDocumentKey="2001101511563012537" RoleKey="SELLER"/>
<RoleDocument Createprogid=".YEntityServlet"
    Createts="2020-02-19T13:26:56+00:00" Createuserid="admin"
    DocumentDescription="Purchase Order Ack to Buyer"
    DocumentId="POAcknowledgment"
    DocumentName="Outgoing Purchase Order Acknowledgment" Lockid="0"
    Modifyprogid=".YEntityServlet" Modifyts="2020-02-19T13:26:56+00:00"
    Modifyuserid="admin" RoleDocumentKey="2001101511565312538" RoleKey="SELLER"/>
<RoleDocument Createprogid=".YEntityServlet"
    Createts="2020-02-19T13:26:56+00:00" Createuserid="admin"
    DocumentDescription="Invoice to Buyer" DocumentId="Invoice"
    DocumentName="Receivables Invoice" Lockid="0"
    Modifyprogid=".YEntityServlet" Modifyts="2020-02-19T13:26:56+00:00"
    Modifyuserid="admin" RoleDocumentKey="2001101511571612539" RoleKey="SELLER"/>
<RoleDocument Createprogid=".YEntityServlet"
    Createts="2020-02-19T13:26:56+00:00" Createuserid="admin"
    DocumentDescription="PO Change Ack to Buyer"
    DocumentId="POChangeAcknowledge"
    DocumentName="Outgoing PO Change Acknowledgment" Lockid="0"
    Modifyprogid=".YEntityServlet" Modifyts="2020-02-19T13:26:56+00:00"
    Modifyuserid="admin" RoleDocumentKey="2001101511581712540" RoleKey="SELLER"/>
<RoleDocument Createprogid=".YEntityServlet"
    Createts="2020-02-19T13:26:56+00:00" Createuserid="admin"
    DocumentDescription="Purchase Order to Seller"
    DocumentId="PurchaseOrder" DocumentName="Outgoing Purchase Order"
    Lockid="0" Modifyprogid=".YEntityServlet"
    Modifyts="2020-02-19T13:26:56+00:00" Modifyuserid="admin"
    RoleDocumentKey="2001101512010312541" RoleKey="BUYER"/>
<RoleDocument Createprogid=".YEntityServlet"
    Createts="2020-02-19T13:26:56+00:00" Createuserid="admin"
    DocumentDescription="PO Change Request to Seller"
    DocumentId="POChangeRequest"
    DocumentName="Outgoing PO Change Request" Lockid="0"
    Modifyprogid=".YEntityServlet" Modifyts="2020-02-19T13:26:56+00:00"
    Modifyuserid="admin" RoleDocumentKey="2001101512023812542" RoleKey="BUYER"/>
<RoleDocument Createprogid=".YEntityServlet"
    Createts="2020-02-19T13:26:56+00:00" Createuserid="admin"
    DocumentDescription="PO Change Ack from Seller"
    DocumentId="POChangeAcknowledge"
    DocumentName="Incoming PO Change Acknowledgment" Lockid="0"
    Modifyprogid=".YEntityServlet" Modifyts="2020-02-19T13:26:56+00:00"
    Modifyuserid="admin" RoleDocumentKey="2001101512033212543" RoleKey="BUYER"/>
<RoleDocument Createprogid=".YEntityServlet"
    Createts="2020-02-19T13:26:56+00:00" Createuserid="admin"
    DocumentDescription="Invoice from Seller" DocumentId="Invoice"
    DocumentName="Payables Invoice" Lockid="0"
    Modifyprogid=".YEntityServlet" Modifyts="2020-02-19T13:26:56+00:00"
    Modifyuserid="admin" RoleDocumentKey="2001101512035112544" RoleKey="BUYER"/>
<RoleDocument Createprogid=".YEntityServlet"
    Createts="2020-02-19T13:26:56+00:00" Createuserid="admin"
    DocumentDescription="Purchase Order Ack from Seller"
    DocumentId="POAcknowledgment"
    DocumentName="Incoming Purchase Order Acknowledgment" Lockid="0"
    Modifyprogid=".YEntityServlet" Modifyts="2020-02-19T13:26:56+00:00"
    Modifyuserid="admin" RoleDocumentKey="2001101512043812545" RoleKey="BUYER"/>
<RoleDocument Createprogid=".YEntityServlet"
    Createts="2020-02-19T13:26:56+00:00" Createuserid="admin"
    DocumentDescription="Carrier Bill of Lading"
    DocumentId="BillOfLading" DocumentName="Carrier Bill of Lading"
    Lockid="0" Modifyprogid=".YEntityServlet"
    Modifyts="2020-02-19T13:26:56+00:00" Modifyuserid="admin"
    RoleDocumentKey="2001101611004412952" RoleKey="CARRIER"/>
</YFS_ROLE_DOCUMENTList>