<?xml version="1.0" encoding="UTF-8"?>
<YFS_HOLD_TYPE_MOD_TYPEList TableName="YFS_HOLD_TYPE_MOD_TYPE" TotalNumberOfRecords="68">
<HoldTypeModType Createprogid="XMLMigrator"
    Createts="2020-02-19T13:27:31+00:00" Createuserid="SYSTEM"
    HoldTypeKey="20150831165919268019"
    HoldTypeModTypeKey="20150831165920268046" Lockid="0"
    ModificationLevel="ORDER" ModificationType="ADD_LINE"
    Modifyprogid="XMLMigrator" Modifyts="2020-02-19T13:27:31+00:00"
    Modifyuserid="SYSTEM" ProcessTypeKey="ORDER_FULFILLMENT" Purpose="PREVENT"/>
<HoldTypeModType Createprogid="XMLMigrator"
    Createts="2020-02-19T13:27:31+00:00" Createuserid="SYSTEM"
    HoldTypeKey="20150831165919268019"
    HoldTypeModTypeKey="20150831165920268052" Lockid="0"
    ModificationLevel="ORDER" ModificationType="ANSWER_SET"
    Modifyprogid="XMLMigrator" Modifyts="2020-02-19T13:27:31+00:00"
    Modifyuserid="SYSTEM" ProcessTypeKey="ORDER_FULFILLMENT" Purpose="PREVENT"/>
<HoldTypeModType Createprogid="XMLMigrator"
    Createts="2020-02-19T13:27:31+00:00" Createuserid="SYSTEM"
    HoldTypeKey="20150831165919268019"
    HoldTypeModTypeKey="20150831165920268058" Lockid="0"
    ModificationLevel="ORDER" ModificationType="CANCEL"
    Modifyprogid="XMLMigrator" Modifyts="2020-02-19T13:27:31+00:00"
    Modifyuserid="SYSTEM" ProcessTypeKey="ORDER_FULFILLMENT" Purpose="PREVENT"/>
<HoldTypeModType Createprogid="XMLMigrator"
    Createts="2020-02-19T13:27:31+00:00" Createuserid="SYSTEM"
    HoldTypeKey="20150831165919268019"
    HoldTypeModTypeKey="20150831165920268060" Lockid="0"
    ModificationLevel="ORDER" ModificationType="CARRIER"
    Modifyprogid="XMLMigrator" Modifyts="2020-02-19T13:27:31+00:00"
    Modifyuserid="SYSTEM" ProcessTypeKey="ORDER_FULFILLMENT" Purpose="PREVENT"/>
<HoldTypeModType Createprogid="XMLMigrator"
    Createts="2020-02-19T13:27:31+00:00" Createuserid="SYSTEM"
    HoldTypeKey="20150831165919268019"
    HoldTypeModTypeKey="20150831165920268066" Lockid="0"
    ModificationLevel="ORDER" ModificationType="CHANGE_BUYER_ORG"
    Modifyprogid="XMLMigrator" Modifyts="2020-02-19T13:27:31+00:00"
    Modifyuserid="SYSTEM" ProcessTypeKey="ORDER_FULFILLMENT" Purpose="PREVENT"/>
<HoldTypeModType Createprogid="XMLMigrator"
    Createts="2020-02-19T13:27:31+00:00" Createuserid="SYSTEM"
    HoldTypeKey="20150831165919268019"
    HoldTypeModTypeKey="20150831165920268068" Lockid="0"
    ModificationLevel="ORDER" ModificationType="CHANGE_CURRENCY"
    Modifyprogid="XMLMigrator" Modifyts="2020-02-19T13:27:31+00:00"
    Modifyuserid="SYSTEM" ProcessTypeKey="ORDER_FULFILLMENT" Purpose="PREVENT"/>
<HoldTypeModType Createprogid="XMLMigrator"
    Createts="2020-02-19T13:27:31+00:00" Createuserid="SYSTEM"
    HoldTypeKey="20150831165919268019"
    HoldTypeModTypeKey="20150831165920268082" Lockid="0"
    ModificationLevel="ORDER" ModificationType="CHANGE_SCHEDULE"
    Modifyprogid="XMLMigrator" Modifyts="2020-02-19T13:27:31+00:00"
    Modifyuserid="SYSTEM" ProcessTypeKey="ORDER_FULFILLMENT" Purpose="PREVENT"/>
<HoldTypeModType Createprogid="XMLMigrator"
    Createts="2020-02-19T13:27:31+00:00" Createuserid="SYSTEM"
    HoldTypeKey="20150831165919268019"
    HoldTypeModTypeKey="20150831165920268084" Lockid="0"
    ModificationLevel="ORDER" ModificationType="CHANGE_SELLER_ORG"
    Modifyprogid="XMLMigrator" Modifyts="2020-02-19T13:27:31+00:00"
    Modifyuserid="SYSTEM" ProcessTypeKey="ORDER_FULFILLMENT" Purpose="PREVENT"/>
<HoldTypeModType Createprogid="XMLMigrator"
    Createts="2020-02-19T13:27:31+00:00" Createuserid="SYSTEM"
    HoldTypeKey="20150831165919268019"
    HoldTypeModTypeKey="20150831165920268086" Lockid="0"
    ModificationLevel="ORDER" ModificationType="CHANGE_STATUS"
    Modifyprogid="XMLMigrator" Modifyts="2020-02-19T13:27:31+00:00"
    Modifyuserid="SYSTEM" ProcessTypeKey="ORDER_FULFILLMENT" Purpose="PREVENT"/>
<HoldTypeModType Createprogid="XMLMigrator"
    Createts="2020-02-19T13:27:31+00:00" Createuserid="SYSTEM"
    HoldTypeKey="20150831165919268019"
    HoldTypeModTypeKey="20150831165920268094" Lockid="0"
    ModificationLevel="ORDER" ModificationType="FREIGHT_TERMS"
    Modifyprogid="XMLMigrator" Modifyts="2020-02-19T13:27:31+00:00"
    Modifyuserid="SYSTEM" ProcessTypeKey="ORDER_FULFILLMENT" Purpose="PREVENT"/>
<HoldTypeModType Createprogid="XMLMigrator"
    Createts="2020-02-19T13:27:31+00:00" Createuserid="SYSTEM"
    HoldTypeKey="20150831165919268019"
    HoldTypeModTypeKey="20150831165920268106" Lockid="0"
    ModificationLevel="ORDER" ModificationType="OTHERS"
    Modifyprogid="XMLMigrator" Modifyts="2020-02-19T13:27:31+00:00"
    Modifyuserid="SYSTEM" ProcessTypeKey="ORDER_FULFILLMENT" Purpose="PREVENT"/>
<HoldTypeModType Createprogid="XMLMigrator"
    Createts="2020-02-19T13:27:31+00:00" Createuserid="SYSTEM"
    HoldTypeKey="20150831165919268019"
    HoldTypeModTypeKey="20150831165920268112" Lockid="0"
    ModificationLevel="ORDER" ModificationType="PRICE"
    Modifyprogid="XMLMigrator" Modifyts="2020-02-19T13:27:31+00:00"
    Modifyuserid="SYSTEM" ProcessTypeKey="ORDER_FULFILLMENT" Purpose="PREVENT"/>
<HoldTypeModType Createprogid="XMLMigrator"
    Createts="2020-02-19T13:27:31+00:00" Createuserid="SYSTEM"
    HoldTypeKey="20150831165919268019"
    HoldTypeModTypeKey="20150831165920268116" Lockid="0"
    ModificationLevel="ORDER" ModificationType="RECEIVING_NODE"
    Modifyprogid="XMLMigrator" Modifyts="2020-02-19T13:27:31+00:00"
    Modifyuserid="SYSTEM" ProcessTypeKey="ORDER_FULFILLMENT" Purpose="PREVENT"/>
<HoldTypeModType Createprogid="XMLMigrator"
    Createts="2020-02-19T13:27:31+00:00" Createuserid="SYSTEM"
    HoldTypeKey="20150831165919268019"
    HoldTypeModTypeKey="20150831165920268120" Lockid="0"
    ModificationLevel="ORDER" ModificationType="RELEASE"
    Modifyprogid="XMLMigrator" Modifyts="2020-02-19T13:27:31+00:00"
    Modifyuserid="SYSTEM" ProcessTypeKey="ORDER_FULFILLMENT" Purpose="PREVENT"/>
<HoldTypeModType Createprogid="XMLMigrator"
    Createts="2020-02-19T13:27:31+00:00" Createuserid="SYSTEM"
    HoldTypeKey="20150831165919268019"
    HoldTypeModTypeKey="20150831165920268122" Lockid="0"
    ModificationLevel="ORDER" ModificationType="REMOVE"
    Modifyprogid="XMLMigrator" Modifyts="2020-02-19T13:27:31+00:00"
    Modifyuserid="SYSTEM" ProcessTypeKey="ORDER_FULFILLMENT" Purpose="PREVENT"/>
<HoldTypeModType Createprogid="XMLMigrator"
    Createts="2020-02-19T13:27:31+00:00" Createuserid="SYSTEM"
    HoldTypeKey="20150831165919268019"
    HoldTypeModTypeKey="20150831165920268128" Lockid="0"
    ModificationLevel="ORDER" ModificationType="REQ_SHIP_DATE"
    Modifyprogid="XMLMigrator" Modifyts="2020-02-19T13:27:31+00:00"
    Modifyuserid="SYSTEM" ProcessTypeKey="ORDER_FULFILLMENT" Purpose="PREVENT"/>
<HoldTypeModType Createprogid="XMLMigrator"
    Createts="2020-02-19T13:27:31+00:00" Createuserid="SYSTEM"
    HoldTypeKey="20150831165919268019"
    HoldTypeModTypeKey="20150831165920268132" Lockid="0"
    ModificationLevel="ORDER" ModificationType="SHIP_NODE"
    Modifyprogid="XMLMigrator" Modifyts="2020-02-19T13:27:31+00:00"
    Modifyuserid="SYSTEM" ProcessTypeKey="ORDER_FULFILLMENT" Purpose="PREVENT"/>
<HoldTypeModType Createprogid="XMLMigrator"
    Createts="2020-02-19T13:27:31+00:00" Createuserid="SYSTEM"
    HoldTypeKey="20150831165919268019"
    HoldTypeModTypeKey="20150831165920268136" Lockid="0"
    ModificationLevel="ORDER" ModificationType="SHORT"
    Modifyprogid="XMLMigrator" Modifyts="2020-02-19T13:27:31+00:00"
    Modifyuserid="SYSTEM" ProcessTypeKey="ORDER_FULFILLMENT" Purpose="PREVENT"/>
<HoldTypeModType Createprogid="XMLMigrator"
    Createts="2020-02-19T13:27:31+00:00" Createuserid="SYSTEM"
    HoldTypeKey="20150831165919268019"
    HoldTypeModTypeKey="20150831165921268144" Lockid="0"
    ModificationLevel="ORDER" ModificationType="UNSCHEDULE"
    Modifyprogid="XMLMigrator" Modifyts="2020-02-19T13:27:31+00:00"
    Modifyuserid="SYSTEM" ProcessTypeKey="ORDER_FULFILLMENT" Purpose="PREVENT"/>
<HoldTypeModType Createprogid="XMLMigrator"
    Createts="2020-02-19T13:27:31+00:00" Createuserid="SYSTEM"
    HoldTypeKey="20150831165919268019"
    HoldTypeModTypeKey="20150831165921268146" Lockid="0"
    ModificationLevel="ORDER_LINE" ModificationType="ADD_COMPONENT"
    Modifyprogid="XMLMigrator" Modifyts="2020-02-19T13:27:31+00:00"
    Modifyuserid="SYSTEM" ProcessTypeKey="ORDER_FULFILLMENT" Purpose="PREVENT"/>
<HoldTypeModType Createprogid="XMLMigrator"
    Createts="2020-02-19T13:27:31+00:00" Createuserid="SYSTEM"
    HoldTypeKey="20150831165919268019"
    HoldTypeModTypeKey="20150831165921268156" Lockid="0"
    ModificationLevel="ORDER_LINE" ModificationType="ADD_QUANTITY"
    Modifyprogid="XMLMigrator" Modifyts="2020-02-19T13:27:31+00:00"
    Modifyuserid="SYSTEM" ProcessTypeKey="ORDER_FULFILLMENT" Purpose="PREVENT"/>
<HoldTypeModType Createprogid="XMLMigrator"
    Createts="2020-02-19T13:27:31+00:00" Createuserid="SYSTEM"
    HoldTypeKey="20150831165919268019"
    HoldTypeModTypeKey="20150831165921268164" Lockid="0"
    ModificationLevel="ORDER_LINE" ModificationType="BACK_ORDER"
    Modifyprogid="XMLMigrator" Modifyts="2020-02-19T13:27:31+00:00"
    Modifyuserid="SYSTEM" ProcessTypeKey="ORDER_FULFILLMENT" Purpose="PREVENT"/>
<HoldTypeModType Createprogid="XMLMigrator"
    Createts="2020-02-19T13:27:31+00:00" Createuserid="SYSTEM"
    HoldTypeKey="20150831165919268019"
    HoldTypeModTypeKey="20150831165921268166" Lockid="0"
    ModificationLevel="ORDER_LINE" ModificationType="CANCEL"
    Modifyprogid="XMLMigrator" Modifyts="2020-02-19T13:27:31+00:00"
    Modifyuserid="SYSTEM" ProcessTypeKey="ORDER_FULFILLMENT" Purpose="PREVENT"/>
<HoldTypeModType Createprogid="XMLMigrator"
    Createts="2020-02-19T13:27:31+00:00" Createuserid="SYSTEM"
    HoldTypeKey="20150831165919268019"
    HoldTypeModTypeKey="20150831165921268174" Lockid="0"
    ModificationLevel="ORDER_LINE" ModificationType="CHANGE_APPOINTMENT"
    Modifyprogid="XMLMigrator" Modifyts="2020-02-19T13:27:31+00:00"
    Modifyuserid="SYSTEM" ProcessTypeKey="ORDER_FULFILLMENT" Purpose="PREVENT"/>
<HoldTypeModType Createprogid="XMLMigrator"
    Createts="2020-02-19T13:27:31+00:00" Createuserid="SYSTEM"
    HoldTypeKey="20150831165919268019"
    HoldTypeModTypeKey="20150831165921268176" Lockid="0"
    ModificationLevel="ORDER_LINE"
    ModificationType="CHANGE_BUNDLE_DEFINITION"
    Modifyprogid="XMLMigrator" Modifyts="2020-02-19T13:27:31+00:00"
    Modifyuserid="SYSTEM" ProcessTypeKey="ORDER_FULFILLMENT" Purpose="PREVENT"/>
<HoldTypeModType Createprogid="XMLMigrator"
    Createts="2020-02-19T13:27:31+00:00" Createuserid="SYSTEM"
    HoldTypeKey="20150831165919268019"
    HoldTypeModTypeKey="20150831165921268178" Lockid="0"
    ModificationLevel="ORDER_LINE"
    ModificationType="CHANGE_BUNDLE_PARENT" Modifyprogid="XMLMigrator"
    Modifyts="2020-02-19T13:27:31+00:00" Modifyuserid="SYSTEM"
    ProcessTypeKey="ORDER_FULFILLMENT" Purpose="PREVENT"/>
<HoldTypeModType Createprogid="XMLMigrator"
    Createts="2020-02-19T13:27:31+00:00" Createuserid="SYSTEM"
    HoldTypeKey="20150831165919268019"
    HoldTypeModTypeKey="20150831165921268182" Lockid="0"
    ModificationLevel="ORDER_LINE"
    ModificationType="CHANGE_DELIVERY_METHOD" Modifyprogid="XMLMigrator"
    Modifyts="2020-02-19T13:27:31+00:00" Modifyuserid="SYSTEM"
    ProcessTypeKey="ORDER_FULFILLMENT" Purpose="PREVENT"/>
<HoldTypeModType Createprogid="XMLMigrator"
    Createts="2020-02-19T13:27:31+00:00" Createuserid="SYSTEM"
    HoldTypeKey="20150831165919268019"
    HoldTypeModTypeKey="20150831165921268196" Lockid="0"
    ModificationLevel="ORDER_LINE"
    ModificationType="CHANGE_ORDER_LINE_RESERVATIONS"
    Modifyprogid="XMLMigrator" Modifyts="2020-02-19T13:27:31+00:00"
    Modifyuserid="SYSTEM" ProcessTypeKey="ORDER_FULFILLMENT" Purpose="PREVENT"/>
<HoldTypeModType Createprogid="XMLMigrator"
    Createts="2020-02-19T13:27:31+00:00" Createuserid="SYSTEM"
    HoldTypeKey="20150831165919268019"
    HoldTypeModTypeKey="20150831165921268198" Lockid="0"
    ModificationLevel="ORDER_LINE" ModificationType="CHANGE_PIPELINE"
    Modifyprogid="XMLMigrator" Modifyts="2020-02-19T13:27:31+00:00"
    Modifyuserid="SYSTEM" ProcessTypeKey="ORDER_FULFILLMENT" Purpose="PREVENT"/>
<HoldTypeModType Createprogid="XMLMigrator"
    Createts="2020-02-19T13:27:31+00:00" Createuserid="SYSTEM"
    HoldTypeKey="20150831165919268019"
    HoldTypeModTypeKey="20150831165921268202" Lockid="0"
    ModificationLevel="ORDER_LINE" ModificationType="CHANGE_SCHEDULE"
    Modifyprogid="XMLMigrator" Modifyts="2020-02-19T13:27:31+00:00"
    Modifyuserid="SYSTEM" ProcessTypeKey="ORDER_FULFILLMENT" Purpose="PREVENT"/>
<HoldTypeModType Createprogid="XMLMigrator"
    Createts="2020-02-19T13:27:31+00:00" Createuserid="SYSTEM"
    HoldTypeKey="20150831165919268019"
    HoldTypeModTypeKey="20150831165921268206" Lockid="0"
    ModificationLevel="ORDER_LINE" ModificationType="DELETE"
    Modifyprogid="XMLMigrator" Modifyts="2020-02-19T13:27:31+00:00"
    Modifyuserid="SYSTEM" ProcessTypeKey="ORDER_FULFILLMENT" Purpose="PREVENT"/>
<HoldTypeModType Createprogid="XMLMigrator"
    Createts="2020-02-19T13:27:31+00:00" Createuserid="SYSTEM"
    HoldTypeKey="20150831165919268019"
    HoldTypeModTypeKey="20150831165921268212" Lockid="0"
    ModificationLevel="ORDER_LINE"
    ModificationType="DS_CHECK_FOR_DS_PROD_ASSC"
    Modifyprogid="XMLMigrator" Modifyts="2020-02-19T13:27:31+00:00"
    Modifyuserid="SYSTEM" ProcessTypeKey="ORDER_FULFILLMENT" Purpose="PREVENT"/>
<HoldTypeModType Createprogid="XMLMigrator"
    Createts="2020-02-19T13:27:31+00:00" Createuserid="SYSTEM"
    HoldTypeKey="20150831165919268019"
    HoldTypeModTypeKey="20150831165921268214" Lockid="0"
    ModificationLevel="ORDER_LINE"
    ModificationType="DS_CHECK_FOR_DS_PROD_DISASSC"
    Modifyprogid="XMLMigrator" Modifyts="2020-02-19T13:27:31+00:00"
    Modifyuserid="SYSTEM" ProcessTypeKey="ORDER_FULFILLMENT" Purpose="PREVENT"/>
<HoldTypeModType Createprogid="XMLMigrator"
    Createts="2020-02-19T13:27:31+00:00" Createuserid="SYSTEM"
    HoldTypeKey="20150831165919268019"
    HoldTypeModTypeKey="20150831165921268216" Lockid="0"
    ModificationLevel="ORDER_LINE" ModificationType="FREIGHT_TERMS"
    Modifyprogid="XMLMigrator" Modifyts="2020-02-19T13:27:31+00:00"
    Modifyuserid="SYSTEM" ProcessTypeKey="ORDER_FULFILLMENT" Purpose="PREVENT"/>
<HoldTypeModType Createprogid="XMLMigrator"
    Createts="2020-02-19T13:27:31+00:00" Createuserid="SYSTEM"
    HoldTypeKey="20150831165919268019"
    HoldTypeModTypeKey="20150831165921268222" Lockid="0"
    ModificationLevel="ORDER_LINE"
    ModificationType="INVENTORY_ATTRIBUTES" Modifyprogid="XMLMigrator"
    Modifyts="2020-02-19T13:27:31+00:00" Modifyuserid="SYSTEM"
    ProcessTypeKey="ORDER_FULFILLMENT" Purpose="PREVENT"/>
<HoldTypeModType Createprogid="XMLMigrator"
    Createts="2020-02-19T13:27:31+00:00" Createuserid="SYSTEM"
    HoldTypeKey="20150831165919268019"
    HoldTypeModTypeKey="20150831165921268230" Lockid="0"
    ModificationLevel="ORDER_LINE" ModificationType="OTHERS"
    Modifyprogid="XMLMigrator" Modifyts="2020-02-19T13:27:31+00:00"
    Modifyuserid="SYSTEM" ProcessTypeKey="ORDER_FULFILLMENT" Purpose="PREVENT"/>
<HoldTypeModType Createprogid="XMLMigrator"
    Createts="2020-02-19T13:27:31+00:00" Createuserid="SYSTEM"
    HoldTypeKey="20150831165919268019"
    HoldTypeModTypeKey="20150831165921268232" Lockid="0"
    ModificationLevel="ORDER_LINE" ModificationType="PRICE"
    Modifyprogid="XMLMigrator" Modifyts="2020-02-19T13:27:31+00:00"
    Modifyuserid="SYSTEM" ProcessTypeKey="ORDER_FULFILLMENT" Purpose="PREVENT"/>
<HoldTypeModType Createprogid="XMLMigrator"
    Createts="2020-02-19T13:27:31+00:00" Createuserid="SYSTEM"
    HoldTypeKey="20150831165919268019"
    HoldTypeModTypeKey="20150831165921268234" Lockid="0"
    ModificationLevel="ORDER_LINE" ModificationType="PROCURE_FROM_NODE"
    Modifyprogid="XMLMigrator" Modifyts="2020-02-19T13:27:31+00:00"
    Modifyuserid="SYSTEM" ProcessTypeKey="ORDER_FULFILLMENT" Purpose="PREVENT"/>
<HoldTypeModType Createprogid="XMLMigrator"
    Createts="2020-02-19T13:27:31+00:00" Createuserid="SYSTEM"
    HoldTypeKey="20150831165919268019"
    HoldTypeModTypeKey="20150831165921268236" Lockid="0"
    ModificationLevel="ORDER_LINE"
    ModificationType="PROD_CHECK_FOR_DS_PROD_ASSC"
    Modifyprogid="XMLMigrator" Modifyts="2020-02-19T13:27:31+00:00"
    Modifyuserid="SYSTEM" ProcessTypeKey="ORDER_FULFILLMENT" Purpose="PREVENT"/>
<HoldTypeModType Createprogid="XMLMigrator"
    Createts="2020-02-19T13:27:31+00:00" Createuserid="SYSTEM"
    HoldTypeKey="20150831165919268019"
    HoldTypeModTypeKey="20150831165921268238" Lockid="0"
    ModificationLevel="ORDER_LINE"
    ModificationType="PROD_CHECK_FOR_PS_PROD_ASSC"
    Modifyprogid="XMLMigrator" Modifyts="2020-02-19T13:27:31+00:00"
    Modifyuserid="SYSTEM" ProcessTypeKey="ORDER_FULFILLMENT" Purpose="PREVENT"/>
<HoldTypeModType Createprogid="XMLMigrator"
    Createts="2020-02-19T13:27:31+00:00" Createuserid="SYSTEM"
    HoldTypeKey="20150831165919268019"
    HoldTypeModTypeKey="20150831165921268240" Lockid="0"
    ModificationLevel="ORDER_LINE"
    ModificationType="PS_CHECK_FOR_PS_PROD_ASSC"
    Modifyprogid="XMLMigrator" Modifyts="2020-02-19T13:27:31+00:00"
    Modifyuserid="SYSTEM" ProcessTypeKey="ORDER_FULFILLMENT" Purpose="PREVENT"/>
<HoldTypeModType Createprogid="XMLMigrator"
    Createts="2020-02-19T13:27:31+00:00" Createuserid="SYSTEM"
    HoldTypeKey="20150831165919268019"
    HoldTypeModTypeKey="20150831165921268242" Lockid="0"
    ModificationLevel="ORDER_LINE"
    ModificationType="PS_CHECK_FOR_PS_PROD_DISASSC"
    Modifyprogid="XMLMigrator" Modifyts="2020-02-19T13:27:31+00:00"
    Modifyuserid="SYSTEM" ProcessTypeKey="ORDER_FULFILLMENT" Purpose="PREVENT"/>
<HoldTypeModType Createprogid="XMLMigrator"
    Createts="2020-02-19T13:27:31+00:00" Createuserid="SYSTEM"
    HoldTypeKey="20150831165919268019"
    HoldTypeModTypeKey="20150831165922268244" Lockid="0"
    ModificationLevel="ORDER_LINE" ModificationType="RECEIVING_NODE"
    Modifyprogid="XMLMigrator" Modifyts="2020-02-19T13:27:31+00:00"
    Modifyuserid="SYSTEM" ProcessTypeKey="ORDER_FULFILLMENT" Purpose="PREVENT"/>
<HoldTypeModType Createprogid="XMLMigrator"
    Createts="2020-02-19T13:27:31+00:00" Createuserid="SYSTEM"
    HoldTypeKey="20150831165919268019"
    HoldTypeModTypeKey="20150831165922268248" Lockid="0"
    ModificationLevel="ORDER_LINE" ModificationType="RELEASE"
    Modifyprogid="XMLMigrator" Modifyts="2020-02-19T13:27:31+00:00"
    Modifyuserid="SYSTEM" ProcessTypeKey="ORDER_FULFILLMENT" Purpose="PREVENT"/>
<HoldTypeModType Createprogid="XMLMigrator"
    Createts="2020-02-19T13:27:31+00:00" Createuserid="SYSTEM"
    HoldTypeKey="20150831165919268019"
    HoldTypeModTypeKey="20150831165922268250" Lockid="0"
    ModificationLevel="ORDER_LINE" ModificationType="REMOVE"
    Modifyprogid="XMLMigrator" Modifyts="2020-02-19T13:27:31+00:00"
    Modifyuserid="SYSTEM" ProcessTypeKey="ORDER_FULFILLMENT" Purpose="PREVENT"/>
<HoldTypeModType Createprogid="XMLMigrator"
    Createts="2020-02-19T13:27:31+00:00" Createuserid="SYSTEM"
    HoldTypeKey="20150831165919268019"
    HoldTypeModTypeKey="20150831165922268252" Lockid="0"
    ModificationLevel="ORDER_LINE" ModificationType="REMOVE_COMPONENT"
    Modifyprogid="XMLMigrator" Modifyts="2020-02-19T13:27:31+00:00"
    Modifyuserid="SYSTEM" ProcessTypeKey="ORDER_FULFILLMENT" Purpose="PREVENT"/>
<HoldTypeModType Createprogid="XMLMigrator"
    Createts="2020-02-19T13:27:31+00:00" Createuserid="SYSTEM"
    HoldTypeKey="20150831165919268019"
    HoldTypeModTypeKey="20150831165922268260" Lockid="0"
    ModificationLevel="ORDER_LINE" ModificationType="REQ_SHIP_DATE"
    Modifyprogid="XMLMigrator" Modifyts="2020-02-19T13:27:31+00:00"
    Modifyuserid="SYSTEM" ProcessTypeKey="ORDER_FULFILLMENT" Purpose="PREVENT"/>
<HoldTypeModType Createprogid="XMLMigrator"
    Createts="2020-02-19T13:27:31+00:00" Createuserid="SYSTEM"
    HoldTypeKey="20150831165919268019"
    HoldTypeModTypeKey="20150831165922268262" Lockid="0"
    ModificationLevel="ORDER_LINE" ModificationType="SHIP_NODE"
    Modifyprogid="XMLMigrator" Modifyts="2020-02-19T13:27:31+00:00"
    Modifyuserid="SYSTEM" ProcessTypeKey="ORDER_FULFILLMENT" Purpose="PREVENT"/>
<HoldTypeModType Createprogid="XMLMigrator"
    Createts="2020-02-19T13:27:31+00:00" Createuserid="SYSTEM"
    HoldTypeKey="20150831165919268019"
    HoldTypeModTypeKey="20150831165922268266" Lockid="0"
    ModificationLevel="ORDER_LINE" ModificationType="SHORT"
    Modifyprogid="XMLMigrator" Modifyts="2020-02-19T13:27:31+00:00"
    Modifyuserid="SYSTEM" ProcessTypeKey="ORDER_FULFILLMENT" Purpose="PREVENT"/>
<HoldTypeModType Createprogid="XMLMigrator"
    Createts="2020-02-19T13:27:31+00:00" Createuserid="SYSTEM"
    HoldTypeKey="20150831165919268019"
    HoldTypeModTypeKey="20150831165922268268" Lockid="0"
    ModificationLevel="ORDER_LINE" ModificationType="SPLIT_LINE"
    Modifyprogid="XMLMigrator" Modifyts="2020-02-19T13:27:31+00:00"
    Modifyuserid="SYSTEM" ProcessTypeKey="ORDER_FULFILLMENT" Purpose="PREVENT"/>
<HoldTypeModType Createprogid="XMLMigrator"
    Createts="2020-02-19T13:27:31+00:00" Createuserid="SYSTEM"
    HoldTypeKey="20150831165919268019"
    HoldTypeModTypeKey="20150831165922268270" Lockid="0"
    ModificationLevel="ORDER_LINE" ModificationType="SRC_CNTRL"
    Modifyprogid="XMLMigrator" Modifyts="2020-02-19T13:27:31+00:00"
    Modifyuserid="SYSTEM" ProcessTypeKey="ORDER_FULFILLMENT" Purpose="PREVENT"/>
<HoldTypeModType Createprogid="XMLMigrator"
    Createts="2020-02-19T13:27:31+00:00" Createuserid="SYSTEM"
    HoldTypeKey="20150831165919268019"
    HoldTypeModTypeKey="20150831165922268274" Lockid="0"
    ModificationLevel="ORDER_LINE" ModificationType="UNRECEIVE"
    Modifyprogid="XMLMigrator" Modifyts="2020-02-19T13:27:31+00:00"
    Modifyuserid="SYSTEM" ProcessTypeKey="ORDER_FULFILLMENT" Purpose="PREVENT"/>
<HoldTypeModType Createprogid="XMLMigrator"
    Createts="2020-02-19T13:27:31+00:00" Createuserid="SYSTEM"
    HoldTypeKey="20150831165919268019"
    HoldTypeModTypeKey="20150831165922268276" Lockid="0"
    ModificationLevel="ORDER_LINE" ModificationType="UNSCHEDULE"
    Modifyprogid="XMLMigrator" Modifyts="2020-02-19T13:27:31+00:00"
    Modifyuserid="SYSTEM" ProcessTypeKey="ORDER_FULFILLMENT" Purpose="PREVENT"/>
<HoldTypeModType Createprogid="XMLMigrator"
    Createts="2020-02-19T13:27:31+00:00" Createuserid="SYSTEM"
    HoldTypeKey="20150831165919268019"
    HoldTypeModTypeKey="20150831165922268278" Lockid="0"
    ModificationLevel="ORDER_RELEASE" ModificationType="ADD_LINE"
    Modifyprogid="XMLMigrator" Modifyts="2020-02-19T13:27:31+00:00"
    Modifyuserid="SYSTEM" ProcessTypeKey="ORDER_FULFILLMENT" Purpose="PREVENT"/>
<HoldTypeModType Createprogid="XMLMigrator"
    Createts="2020-02-19T13:27:31+00:00" Createuserid="SYSTEM"
    HoldTypeKey="20150831165919268019"
    HoldTypeModTypeKey="20150831165922268282" Lockid="0"
    ModificationLevel="ORDER_RELEASE" ModificationType="BACK_ORDER"
    Modifyprogid="XMLMigrator" Modifyts="2020-02-19T13:27:31+00:00"
    Modifyuserid="SYSTEM" ProcessTypeKey="ORDER_FULFILLMENT" Purpose="PREVENT"/>
<HoldTypeModType Createprogid="XMLMigrator"
    Createts="2020-02-19T13:27:31+00:00" Createuserid="SYSTEM"
    HoldTypeKey="20150831165919268019"
    HoldTypeModTypeKey="20150831165922268286" Lockid="0"
    ModificationLevel="ORDER_RELEASE" ModificationType="CANCEL"
    Modifyprogid="XMLMigrator" Modifyts="2020-02-19T13:27:31+00:00"
    Modifyuserid="SYSTEM" ProcessTypeKey="ORDER_FULFILLMENT" Purpose="PREVENT"/>
<HoldTypeModType Createprogid="XMLMigrator"
    Createts="2020-02-19T13:27:31+00:00" Createuserid="SYSTEM"
    HoldTypeKey="20150831165919268019"
    HoldTypeModTypeKey="20150831165922268298" Lockid="0"
    ModificationLevel="ORDER_RELEASE" ModificationType="CHANGE_SCHEDULE"
    Modifyprogid="XMLMigrator" Modifyts="2020-02-19T13:27:31+00:00"
    Modifyuserid="SYSTEM" ProcessTypeKey="ORDER_FULFILLMENT" Purpose="PREVENT"/>
<HoldTypeModType Createprogid="XMLMigrator"
    Createts="2020-02-19T13:27:31+00:00" Createuserid="SYSTEM"
    HoldTypeKey="20150831165919268019"
    HoldTypeModTypeKey="20150831165922268302" Lockid="0"
    ModificationLevel="ORDER_RELEASE" ModificationType="FREIGHT_TERMS"
    Modifyprogid="XMLMigrator" Modifyts="2020-02-19T13:27:31+00:00"
    Modifyuserid="SYSTEM" ProcessTypeKey="ORDER_FULFILLMENT" Purpose="PREVENT"/>
<HoldTypeModType Createprogid="XMLMigrator"
    Createts="2020-02-19T13:27:31+00:00" Createuserid="SYSTEM"
    HoldTypeKey="20150831165919268019"
    HoldTypeModTypeKey="20150831165922268310" Lockid="0"
    ModificationLevel="ORDER_RELEASE" ModificationType="OTHERS"
    Modifyprogid="XMLMigrator" Modifyts="2020-02-19T13:27:31+00:00"
    Modifyuserid="SYSTEM" ProcessTypeKey="ORDER_FULFILLMENT" Purpose="PREVENT"/>
<HoldTypeModType Createprogid="XMLMigrator"
    Createts="2020-02-19T13:27:31+00:00" Createuserid="SYSTEM"
    HoldTypeKey="20150831165919268019"
    HoldTypeModTypeKey="20150831165922268314" Lockid="0"
    ModificationLevel="ORDER_RELEASE" ModificationType="REQ_SHIP_DATE"
    Modifyprogid="XMLMigrator" Modifyts="2020-02-19T13:27:31+00:00"
    Modifyuserid="SYSTEM" ProcessTypeKey="ORDER_FULFILLMENT" Purpose="PREVENT"/>
<HoldTypeModType Createprogid="XMLMigrator"
    Createts="2020-02-19T13:27:31+00:00" Createuserid="SYSTEM"
    HoldTypeKey="20150831165919268019"
    HoldTypeModTypeKey="20150831165922268318" Lockid="0"
    ModificationLevel="ORDER_RELEASE" ModificationType="SHORT"
    Modifyprogid="XMLMigrator" Modifyts="2020-02-19T13:27:31+00:00"
    Modifyuserid="SYSTEM" ProcessTypeKey="ORDER_FULFILLMENT" Purpose="PREVENT"/>
<HoldTypeModType Createprogid="XMLMigrator"
    Createts="2020-02-19T13:27:31+00:00" Createuserid="SYSTEM"
    HoldTypeKey="20150831165919268019"
    HoldTypeModTypeKey="20150831165922268322" Lockid="0"
    ModificationLevel="ORDER_RELEASE_LINE"
    ModificationType="ADD_QUANTITY" Modifyprogid="XMLMigrator"
    Modifyts="2020-02-19T13:27:31+00:00" Modifyuserid="SYSTEM"
    ProcessTypeKey="ORDER_FULFILLMENT" Purpose="PREVENT"/>
<HoldTypeModType Createprogid="XMLMigrator"
    Createts="2020-02-19T13:27:31+00:00" Createuserid="SYSTEM"
    HoldTypeKey="20150831165919268019"
    HoldTypeModTypeKey="20150831165922268324" Lockid="0"
    ModificationLevel="ORDER_RELEASE_LINE" ModificationType="BACK_ORDER"
    Modifyprogid="XMLMigrator" Modifyts="2020-02-19T13:27:31+00:00"
    Modifyuserid="SYSTEM" ProcessTypeKey="ORDER_FULFILLMENT" Purpose="PREVENT"/>
<HoldTypeModType Createprogid="XMLMigrator"
    Createts="2020-02-19T13:27:31+00:00" Createuserid="SYSTEM"
    HoldTypeKey="20150831165919268019"
    HoldTypeModTypeKey="20150831165922268326" Lockid="0"
    ModificationLevel="ORDER_RELEASE_LINE" ModificationType="CANCEL"
    Modifyprogid="XMLMigrator" Modifyts="2020-02-19T13:27:31+00:00"
    Modifyuserid="SYSTEM" ProcessTypeKey="ORDER_FULFILLMENT" Purpose="PREVENT"/>
<HoldTypeModType Createprogid="XMLMigrator"
    Createts="2020-02-19T13:27:31+00:00" Createuserid="SYSTEM"
    HoldTypeKey="20150831165919268019"
    HoldTypeModTypeKey="20150831165922268328" Lockid="0"
    ModificationLevel="ORDER_RELEASE_LINE"
    ModificationType="CHANGE_SCHEDULE" Modifyprogid="XMLMigrator"
    Modifyts="2020-02-19T13:27:31+00:00" Modifyuserid="SYSTEM"
    ProcessTypeKey="ORDER_FULFILLMENT" Purpose="PREVENT"/>
<HoldTypeModType Createprogid="XMLMigrator"
    Createts="2020-02-19T13:27:31+00:00" Createuserid="SYSTEM"
    HoldTypeKey="20150831165919268019"
    HoldTypeModTypeKey="20150831165922268330" Lockid="0"
    ModificationLevel="ORDER_RELEASE_LINE" ModificationType="SHORT"
    Modifyprogid="XMLMigrator" Modifyts="2020-02-19T13:27:31+00:00"
    Modifyuserid="SYSTEM" ProcessTypeKey="ORDER_FULFILLMENT" Purpose="PREVENT"/>
<HoldTypeModType Createprogid="XMLMigrator"
    Createts="2020-02-19T13:27:31+00:00" Createuserid="SYSTEM"
    HoldTypeKey="20150831165919268019"
    HoldTypeModTypeKey="20150831165922268332" Lockid="0"
    ModificationLevel="ORDER_RELEASE_LINE" ModificationType="SPLIT_LINE"
    Modifyprogid="XMLMigrator" Modifyts="2020-02-19T13:27:31+00:00"
    Modifyuserid="SYSTEM" ProcessTypeKey="ORDER_FULFILLMENT" Purpose="PREVENT"/>
<HoldTypeModType Createprogid="XMLMigrator"
    Createts="2020-02-19T13:27:31+00:00" Createuserid="SYSTEM"
    HoldTypeKey="20150831165919268019"
    HoldTypeModTypeKey="20150831165922268334" Lockid="0"
    ModificationLevel="ORDER_RELEASE_LINE" ModificationType="UNRECEIVE"
    Modifyprogid="XMLMigrator" Modifyts="2020-02-19T13:27:31+00:00"
    Modifyuserid="SYSTEM" ProcessTypeKey="ORDER_FULFILLMENT" Purpose="PREVENT"/>
</YFS_HOLD_TYPE_MOD_TYPEList>