<?xml version="1.0" encoding="UTF-8"?>
<YFS_SPECIAL_SERVICESList TableName="YFS_SPECIAL_SERVICES" TotalNumberOfRecords="12">
<SpecialServices Createprogid="XMLMigrator"
    Createts="2020-02-19T13:27:09+00:00" Createuserid="SYSTEM"
    Lockid="0" Modifyprogid="XMLMigrator"
    Modifyts="2020-02-19T13:27:09+00:00" Modifyuserid="SYSTEM"
    SpecialServicesCode="DECLVAL"
    SpecialServicesDescription="Declared Value Insurance" SpecialServicesKey="202002191327099092"/>
<SpecialServices Createprogid="XMLMigrator"
    Createts="2020-02-19T13:27:09+00:00" Createuserid="SYSTEM"
    Lockid="0" Modifyprogid="XMLMigrator"
    Modifyts="2020-02-19T13:27:09+00:00" Modifyuserid="SYSTEM"
    SpecialServicesCode="SHPNTFY"
    SpecialServicesDescription="Ship Notification" SpecialServicesKey="202002191327099093"/>
<SpecialServices Createprogid="XMLMigrator"
    Createts="2020-02-19T13:27:09+00:00" Createuserid="SYSTEM"
    Lockid="0" Modifyprogid="XMLMigrator"
    Modifyts="2020-02-19T13:27:09+00:00" Modifyuserid="SYSTEM"
    SpecialServicesCode="ADULTSIGN"
    SpecialServicesDescription="Adult Signature Required" SpecialServicesKey="202002191327099094"/>
<SpecialServices Createprogid="XMLMigrator"
    Createts="2020-02-19T13:27:09+00:00" Createuserid="SYSTEM"
    Lockid="0" Modifyprogid="XMLMigrator"
    Modifyts="2020-02-19T13:27:09+00:00" Modifyuserid="SYSTEM"
    SpecialServicesCode="DELCONF"
    SpecialServicesDescription="Delivery Confirmation" SpecialServicesKey="202002191327099095"/>
<SpecialServices Createprogid="XMLMigrator"
    Createts="2020-02-19T13:27:09+00:00" Createuserid="SYSTEM"
    Lockid="0" Modifyprogid="XMLMigrator"
    Modifyts="2020-02-19T13:27:09+00:00" Modifyuserid="SYSTEM"
    SpecialServicesCode="SATDELI"
    SpecialServicesDescription="Saturday Delivery" SpecialServicesKey="202002191327099096"/>
<SpecialServices Createprogid="XMLMigrator"
    Createts="2020-02-19T13:27:09+00:00" Createuserid="SYSTEM"
    Lockid="0" Modifyprogid="XMLMigrator"
    Modifyts="2020-02-19T13:27:09+00:00" Modifyuserid="SYSTEM"
    SpecialServicesCode="SIGNREQD"
    SpecialServicesDescription="Signature Required" SpecialServicesKey="202002191327099097"/>
<SpecialServices Createprogid="XMLMigrator"
    Createts="2020-02-19T13:27:09+00:00" Createuserid="SYSTEM"
    Lockid="0" Modifyprogid="XMLMigrator"
    Modifyts="2020-02-19T13:27:09+00:00" Modifyuserid="SYSTEM"
    SpecialServicesCode="TAGLESSCOD"
    SpecialServicesDescription="Tagless COD" SpecialServicesKey="202002191327099098"/>
<SpecialServices Createprogid="XMLMigrator"
    Createts="2020-02-19T13:27:09+00:00" Createuserid="SYSTEM"
    Lockid="0" Modifyprogid="XMLMigrator"
    Modifyts="2020-02-19T13:27:09+00:00" Modifyuserid="SYSTEM"
    SpecialServicesCode="SATPICKUP"
    SpecialServicesDescription="Saturday Pickup" SpecialServicesKey="202002191327099099"/>
<SpecialServices Createprogid="XMLMigrator"
    Createts="2020-02-19T13:27:09+00:00" Createuserid="SYSTEM"
    Lockid="0" Modifyprogid="XMLMigrator"
    Modifyts="2020-02-19T13:27:09+00:00" Modifyuserid="SYSTEM"
    SpecialServicesCode="RETSHIPLABEL"
    SpecialServicesDescription="Return Shipping Label Required" SpecialServicesKey="202002191327099100"/>
<SpecialServices Createprogid="XMLMigrator"
    Createts="2020-02-19T13:27:09+00:00" Createuserid="SYSTEM"
    Lockid="0" Modifyprogid="XMLMigrator"
    Modifyts="2020-02-19T13:27:09+00:00" Modifyuserid="SYSTEM"
    SpecialServicesCode="INDSIGN"
    SpecialServicesDescription="Indirect Signature Required" SpecialServicesKey="202002191327099101"/>
<SpecialServices Createprogid="XMLMigrator"
    Createts="2020-02-19T13:27:09+00:00" Createuserid="SYSTEM"
    Lockid="0" Modifyprogid="XMLMigrator"
    Modifyts="2020-02-19T13:27:09+00:00" Modifyuserid="SYSTEM"
    SpecialServicesCode="SHIPALERT"
    SpecialServicesDescription="Ship Alert Notification for Shipper" SpecialServicesKey="202002191327099102"/>
<SpecialServices Createprogid="XMLMigrator"
    Createts="2020-02-19T13:27:09+00:00" Createuserid="SYSTEM"
    Lockid="0" Modifyprogid="XMLMigrator"
    Modifyts="2020-02-19T13:27:09+00:00" Modifyuserid="SYSTEM"
    SpecialServicesCode="COD"
    SpecialServicesDescription="Collect On Delivery" SpecialServicesKey="202002191327099103"/>
</YFS_SPECIAL_SERVICESList>