<?xml version="1.0" encoding="UTF-8"?>
<DBSchema>
	<Entities>
	
	<Entity ApiNeeded="Y" AuditRequired="Y" Description="Table to Store Invoice data" HasHistory="False" Prefix="EXTN"  XMLName="ExtnPublishInvoice" TableName="EXTN_PUBLISH_INVOICE">
        <Attributes>
            <Attribute ColumnName="INVOICE_KEY" DataType="Key" Description="The primary key of Publish invoice table" Nullable="false" XMLName="PublishInvoiceKey"/>
            <Attribute ColumnName="INVOICE_DATA" DataType="CLOB" DefaultValue="" Description="Invoice Data" Nullable="false" XMLName="InvoiceData" />
            <Attribute ColumnName="IS_PROCESSED_FLAG" DataType="Flag" DecimalDigits="" DefaultValue="N" Description="Flag" Nullable="false" Size="" Type="" XMLName="IsProcessed" />
            <Attribute ColumnName="CREATETS" DataType="TimeStamp" DefaultValue="sysdate" Description="Create TimeStamp" Nullable="false" XMLName="createts" />
            <Attribute ColumnName="MODIFYTS" DataType="TimeStamp" DefaultValue="sysdate" Description="Modify TimeStamp" Nullable="false" XMLName="modifyts" />
            <Attribute ColumnName="CREATEUSERID" DataType="UserId" DefaultValue=" " Description="Creating User ID" Nullable="false" XMLName="createuserid" />
            <Attribute ColumnName="MODIFYUSERID" DataType="UserId" DefaultValue=" " Description="Modifying User ID" Nullable="false" XMLName="modifyuserid" />
            <Attribute ColumnName="CREATEPROGID" DataType="ProgramID" DefaultValue=" " Description="Creating Program ID" Nullable="false" XMLName="createprogid" />
            <Attribute ColumnName="MODIFYPROGID" DataType="ProgramID" DefaultValue=" " Description="Modifying Program ID" Nullable="false" XMLName="modifyprogid" />
            <Attribute ColumnName="LOCKID" DataType="Lockid" DefaultValue="0" Description="Lock ID" Nullable="false" XMLName="lockid" />
        </Attributes>
        <PrimaryKey Name="INVOICE_KEY">
            <Attribute ColumnName="INVOICE_KEY"/>
        </PrimaryKey>
    </Entity>
	
	<Entity TableName="YFS_ORDER_HEADER">
         <Attributes>			
			<Attribute DefaultValue="''" ColumnName="EXTN_ORDER_DETAIL_URL" DataType="VARCHAR2" Description="This field stores URL Sent by source system to Display Order Details" Nullable="true" Size="4000" Type="CHAR" XMLName="ExtnOrderDetailURL" QueryAllowed="true" XMLGroup="Extn" />
		 </Attributes>
		 </Entity>
	</Entities>
</DBSchema>