<?xml version="1.0" encoding="UTF-8"?>
<mashups>
    <mashup
        description="This custom mashup is used to fetch the orderline list. It is commonly used across the application to fetch the orderlines in different scenarios. If the rule YCD_DISPLAY_BUNDLE_COMPONENTS is configured, then the bundle components are also fetch for a bundle item in the order line. If Item element is passed in the input, ItemID attribute is fetched from the input and a complex query is formed in the input in such a way that only those orderlines which contains the item are fetched. The massage output method, gets the LineCharges element from each orderline and if it is present, fetches the ChargePerUnit and ChargePerLine attributes. If these attributes are greater than 0, ChargeAmount and ChargeType attribute is set accordingly"
        endpoint="EP_ORDER" id="cancelOrder_cancelOrderAPI"
        mashuptype="XAPI" resourceId="" transactional="true">
        <API FlowName="GBSCancelPostRelease">
            <Input>
                <Order Action=""
                    DisplayLocalizedFieldInLocale="xml:CurrentUser:/User/@Localecode"
                    EnterpriseCode="" MaximumRecords=""
                    ModificationReasonCode="" OrderHeaderKey="" OrderNo="">
                    <OrderLines>
                        <OrderLine Action="" OrderLineKey=""
                            OrderedQty="" PrimeLineNo=""
                            QuantityToCancel="" SubLineNo="" TransactionalLineId=""/>
                    </OrderLines>
                </Order>
            </Input>
            <Template>
                <Order DocumentType="" OrderHeaderKey=""/>
            </Template>
        </API>
        <classInformation name="com.ibm.isccs.common.mashups.SCCSBaseMashup"/>
        <APINamespace inputNS="cancelOrder_cancelOrderAPI_input" outputNS="cancelOrder_cancelOrderAPI_output"/>
        <AlternateResourceIds>
            <AlternateResourceId altResourceId="ISCCSOC001"/>
        </AlternateResourceIds>
    </mashup>
</mashups>
