<?xml version="1.0" encoding="UTF-8"?>
<!--
Licensed Materials - Property of IBM
  IBM Sterling Order Management (5725-D10), IBM Order Management (5737-D18)
  (C) Copyright IBM Corp. 2018  All Rights Reserved.
  US Government Users Restricted Rights - Use, duplication or disclosure restricted by GSA ADP Schedule Contract with IBM Corp.
-->
<server description="Default server">
   <!-- Enable features -->
   <!-- <featureManager>
      <feature>webProfile-7.0</feature>
      <feature>ssl-1.0</feature>
      <feature>transportSecurity-1.0</feature>
   </featureManager> -->

   <!-- Enable features -->
   <featureManager>
      <feature>adminCenter-1.0</feature>
      <feature>jdbc-4.1</feature>
      <feature>jndi-1.0</feature>
      <feature>jsp-2.3</feature>
      <feature>servlet-3.1</feature>
      <feature>ssl-1.0</feature>
  </featureManager>

  <httpDispatcher enableWelcomePage="false" />
  <httpSession invalidateOnUnauthorizedSessionRequestException="true" />
  <webContainer trustHostHeaderPort="true" extractHostHeaderPort="true"/>
  <webContainer disableXPoweredBy="true"/>
  <httpOptions removeServerHeader="true"/>

  <!-- Define an Administrator -->
   <basicRegistry id="basic">
      <user name="admin" password="admin" />
   </basicRegistry>

   <!-- Assign 'admin' to Administrator -->
   <administrator-role>
      <user>admin</user>
   </administrator-role>

   <httpEndpoint id="defaultHttpEndpoint" host="*" httpPort="9080" httpsPort="9443">
            <httpOptions removeServerHeader="true" />
            <httpOptions maxKeepAliveRequests="-1" />
   </httpEndpoint>

   <executor name="Default Executor" coreThreads="10" maxThreads="50"/>

   <sslDefault sslRef="defaultSSLSettings" />

   <!--  <ssl id="defaultSSLSettings" sslProtocol="TLSv1.2" keyStoreRef="defaultKeyStore" clientAuthenticationSupported="false" clientAuthentication="false" />-->
   <ssl id="defaultSSLSettings" sslProtocol="TLSv1.2" keyStoreRef="defaultKeyStore" clientAuthenticationSupported="true" trustStoreRef="defaultTrustStore" />
         <ssl id="controllerConnectionConfig"
                  sslProtocol="TLSv1.2"/>

         <ssl id="memberConnectionConfig"
                  sslProtocol="TLSv1.2"/>

   <keyStore id="defaultKeyStore" location="/var/oms/keystore/key.jks" type="JKS" password="secret4ever" />
   <keyStore id="defaultTrustStore" location="/var/oms/keystore/key.jks" type="JKS" password="secret4ever" />

   <!-- To allow access to this server from a remote client host="*" has been added to the following element -->
   <!-- <httpEndpoint id="defaultHttpEndpoint" host="*" httpPort="9080" httpsPort="9443" >
      <httpOptions maxKeepAliveRequests="-1" />
   </httpEndpoint> -->

   <!-- Automatically expand WAR files and EAR files -->
   <applicationManager autoExpand="true" />
   <basicRegistry id="basic" realm="defaultWIMFileBasedRealm">
      <user name="WCIntegrationUser" password="WCIntegrationUser" />
      <group name="WCIntegrationGroup">
         <member name="WCIntegrationUser" />
      </group>
   </basicRegistry>
 <!--  <webAppSecurity allowFailOverToBasicAuth="true" />-->
   <application type="ear" id="smcfs" name="smcfs" location="/opt/ibm/wlp/usr/servers/defaultServer/dropins/smcfs.ear">
      <application-bnd>
         <security-role name="WCIntegrationUser">
<!--            <special-subject type="EVERYONE" />-->
      <user name="WCIntegrationUser" />
<!--      <group name="WCIntegrationGroup" />-->
         </security-role>
      </application-bnd>
   </application>
   <!--<application type="ear" id="smcfs" name="smcfs" location="/opt/ibm/wlp/usr/servers/defaultServer/dropins/smcfs.ear">
                <application-bnd>
                <security-role name="WCIntegrationUser">
                        <group name="WCIntegrationUser" />
                </security-role>
        </application-bnd>
       </application>-->

<!-- <logging traceSpecification="SSLChannel=all:com.ibm.ws.ssl.*=all:com.ibm.websphere.ssl=all:com.ibm.wsspi.ssl.*=all:com.ibm.ws.security.*=all:com.ibm.ws.webcontainer.security.*=all" traceFileName="Trace.log" maxFileSize="20" maxFiles="20" traceFormat="BASIC" />-->
  
   <!-- The below speeds up WLS startup time - from around a minute or so 
      when Sterling starts loading to around 30 secs when sterling starts
      loading  -->
   <!-- The below speeds up WLS startup time - from around a minute or so
      when Sterling starts loading to around 30 secs when sterling starts
      loading  -->
   <cdi12 enableImplicitBeanArchives="false"/>

   <!-- creating a WLS db2 connection pool -->
   <library id="DB2JCCLib">
      <fileset dir="/config/dropins/smcfs.ear/lib/" includes="db2jcc4.jar"/>
   </library>

   <dataSource id="omsdb2ds" jndiName="jdbc/omsdb2ds" connectionSharing="MatchCurrentState"
   isolationLevel="TRANSACTION_READ_COMMITTED" statementCacheSize="60">
      <connectionManager maxPoolSize="40" minPoolSize="5"
               connectionTimeout="10s" agedTimeout="30m" numConnectionsPerThreadLocal="1" purgePolicy="FailingConnectionOnly" />
      <jdbcDriver libraryRef="DB2JCCLib"/>
      <properties.db2.jcc databaseName="OMDB" serverName="om-db2server" portNumber="50000"
               currentLockTimeout="30s" user="db2inst1" password="diet4coke"/>
   </dataSource>

   <!-- reduce servlet response times -->
   <webContainer skipMetaInfResourcesProcessing="true"/>

   <!-- don't need to monitor dropped in applications, but monitor updates to 
      apps already dropped in and monitor changes to server.xml -->
   <applicationMonitor dropinsEnabled="false" updateTrigger="polled" pollingRate="10000ms" />
   <config updateTrigger="polled" monitorInterval="10000ms"/>
</server>
